project_code,project_name,sector,physical_progress,expenditure,delay_probability,cost_overrun_probability,overall_risk_percentage,overall_risk_level,top_delay_factors,top_cost_overrun_factors
706718,C/o NITB Imphal Airport,Aviation & Aviation Infrastructure,41,160.48,0.785,0.0,39.25,Low Risk,progress_per_month: increases delay risk | project_duration_days: increases delay risk | project_duration_months: increases delay risk | ministry_Ministry of Railways: increases delay risk | ministry_Ministry of Petroleum & Natural Gas: increases delay risk,expenditure_ratio: reduces cost-overrun risk | sector_Aviation & Aviation Infrastructure: reduces cost-overrun risk | agency_Airport Authority of India [AAI]: reduces cost-overrun risk | ministry_Ministry of Civil Aviation: reduces cost-overrun risk | physical_progress: reduces cost-overrun risk
701101,"Construction of New Domestic Terminal Building [Phase-I and II] and other allied structures at JPNI Airport, Patna",Aviation & Aviation Infrastructure,94,1046.48,0.905,0.675,79.0,High Risk,physical_progress: increases delay risk | expenditure_ratio: increases delay risk | progress_per_month: increases delay risk | ministry_Ministry of Railways: increases delay risk | expenditure: increases delay risk,expenditure_ratio: increases cost-overrun risk | physical_progress: increases cost-overrun risk | sector_Railways: increases cost-overrun risk | expenditure: increases cost-overrun risk | progress_per_month: increases cost-overrun risk
701128,Construction of New Integrated Passenger Terminal Building at Udaipur Airport,Aviation & Aviation Infrastructure,44,312.4,0.8,0.0,40.0,Medium Risk,progress_per_month: increases delay risk | project_duration_months: increases delay risk | project_duration_days: increases delay risk | ministry_Ministry of Railways: increases delay risk | ministry_Ministry of Petroleum & Natural Gas: increases delay risk,expenditure_ratio: reduces cost-overrun risk | sector_Aviation & Aviation Infrastructure: reduces cost-overrun risk | agency_Airport Authority of India [AAI]: reduces cost-overrun risk | ministry_Ministry of Civil Aviation: reduces cost-overrun risk | physical_progress: reduces cost-overrun risk
701107,Construction of New Integrated Terminal Building and associated works including apron to park 3 code E type of aircraft or 6 code C type of aircraft at Vijayawada Airport.,Aviation & Aviation Infrastructure,77,464.55,0.97,0.0,48.5,Medium Risk,physical_progress: increases delay risk | expenditure_ratio: increases delay risk | progress_per_month: increases delay risk | ministry_Ministry of Railways: increases delay risk | project_duration_months: increases delay risk,sector_Aviation & Aviation Infrastructure: reduces cost-overrun risk | agency_Airport Authority of India [AAI]: reduces cost-overrun risk | ministry_Ministry of Civil Aviation: reduces cost-overrun risk | expenditure_ratio: reduces cost-overrun risk | sector_Oil & Gas: reduces cost-overrun risk
701127,Construction of New Passenger Terminal Building for Domestic Operations at Jodhpur Airport.,Aviation & Aviation Infrastructure,77,254.71,0.885,0.0,44.25,Medium Risk,physical_progress: increases delay risk | progress_per_month: increases delay risk | ministry_Ministry of Railways: increases delay risk | project_duration_days: increases delay risk | project_duration_months: increases delay risk,sector_Aviation & Aviation Infrastructure: reduces cost-overrun risk | expenditure_ratio: reduces cost-overrun risk | agency_Airport Authority of India [AAI]: reduces cost-overrun risk | ministry_Ministry of Civil Aviation: reduces cost-overrun risk | expenditure: reduces cost-overrun risk
612063,"Construction of New Terminal Building, Second Link Taxi Track, Apron Expansion, and associated works at Prayagraj Airport- On Design & Build Basis.",Aviation & Aviation Infrastructure,97,206.33,0.92,1.0,96.0,High Risk,physical_progress: increases delay risk | expenditure_ratio: increases delay risk | ministry_Ministry of Railways: increases delay risk | project_duration_months: increases delay risk | project_duration_days: increases delay risk,expenditure_ratio: increases cost-overrun risk | physical_progress: increases cost-overrun risk | ministry_Ministry of Railways: increases cost-overrun risk | sector_Railways: increases cost-overrun risk | progress_per_month: increases cost-overrun risk
611047,"Construction of NTB complex including apron, taxi track and other associated civil works and electrical & mechanical installations towards Tawi River side at CA Jammu.",Aviation & Aviation Infrastructure,30,154.3,0.53,0.185,35.75000000000001,Low Risk,expenditure_ratio: reduces delay risk | physical_progress: reduces delay risk | ministry_Ministry of Railways: increases delay risk | project_duration_months: increases delay risk | expenditure: reduces delay risk,expenditure_ratio: reduces cost-overrun risk | physical_progress: reduces cost-overrun risk | sector_Aviation & Aviation Infrastructure: reduces cost-overrun risk | agency_Airport Authority of India [AAI]: reduces cost-overrun risk | expenditure: reduces cost-overrun risk
400010,"Construction of Terminal Building & Associated works at Leh Airport, Ladakh",Aviation & Aviation Infrastructure,67,427.04,0.925,1.0,96.25,High Risk,expenditure_ratio: increases delay risk | progress_per_month: increases delay risk | physical_progress: increases delay risk | ministry_Ministry of Railways: increases delay risk | project_duration_months: increases delay risk,physical_progress: increases cost-overrun risk | expenditure_ratio: increases cost-overrun risk | progress_per_month: increases cost-overrun risk | ministry_Ministry of Railways: increases cost-overrun risk | project_duration_days: increases cost-overrun risk
701126,"Development of Dholera International Greenfield Airport , Gujarat",Aviation & Aviation Infrastructure,63,666.42,0.18,1.0,59.0,Medium Risk,physical_progress: reduces delay risk | expenditure: reduces delay risk | original_cost: reduces delay risk | expenditure_ratio: reduces delay risk | ministry_Ministry of Civil Aviation: reduces delay risk,physical_progress: increases cost-overrun risk | progress_per_month: increases cost-overrun risk | expenditure: increases cost-overrun risk | ministry_Ministry of Railways: increases cost-overrun risk | sector_Railways: increases cost-overrun risk
611495,Development of New Civil Enclave at Bagdogra Airport,Aviation & Aviation Infrastructure,10,262.41,0.065,0.0,3.25,Low Risk,physical_progress: reduces delay risk | expenditure_ratio: reduces delay risk | progress_per_month: reduces delay risk | expenditure: reduces delay risk | original_cost: reduces delay risk,expenditure_ratio: reduces cost-overrun risk | physical_progress: reduces cost-overrun risk | sector_Aviation & Aviation Infrastructure: reduces cost-overrun risk | ministry_Ministry of Civil Aviation: reduces cost-overrun risk | agency_Airport Authority of India [AAI]: reduces cost-overrun risk
701105,Goa Airport Terminal Building Extension Project,Aviation & Aviation Infrastructure,88,130.0,0.795,0.0,39.75,Low Risk,physical_progress: increases delay risk | ministry_Ministry of Railways: increases delay risk | progress_per_month: increases delay risk | sector_Railways: increases delay risk | expenditure: reduces delay risk,expenditure_ratio: reduces cost-overrun risk | sector_Aviation & Aviation Infrastructure: reduces cost-overrun risk | agency_Airport Authority of India [AAI]: reduces cost-overrun risk | expenditure: reduces cost-overrun risk | ministry_Ministry of Civil Aviation: reduces cost-overrun risk
400180,BONJEMEHARI EXPANSION OCP,Coal,16,81.29,0.035,1.0,51.74999999999999,Medium Risk,expenditure_ratio: reduces delay risk | progress_per_month: reduces delay risk | physical_progress: reduces delay risk | expenditure: reduces delay risk | agency_Eastern Coal Fields Limited [ECL]: reduces delay risk,agency_Eastern Coal Fields Limited [ECL]: increases cost-overrun risk | sector_Railways: increases cost-overrun risk | sector_Coal: increases cost-overrun risk | ministry_Ministry of Railways: increases cost-overrun risk | physical_progress: increases cost-overrun risk
603293,Badam Coal Mining project of NTPC,Coal,59,302.2,0.08,1.0,54.0,Medium Risk,progress_per_month: reduces delay risk | project_duration_months: reduces delay risk | project_duration_days: reduces delay risk | physical_progress: reduces delay risk | expenditure: reduces delay risk,ministry_Ministry of Power: increases cost-overrun risk | agency_National Thermal Power Corporation [NTPC]: increases cost-overrun risk | ministry_Ministry of Railways: increases cost-overrun risk | sector_Railways: increases cost-overrun risk | physical_progress: increases cost-overrun risk
617282,"C/o 184 MS Flats for Hon'ble MPs at BKS Marg, New Delhi",Construction,98,518.46,0.99,0.0,49.5,Medium Risk,physical_progress: increases delay risk | expenditure_ratio: increases delay risk | progress_per_month: increases delay risk | ministry_Ministry of Railways: increases delay risk | project_duration_months: increases delay risk,agency_Central Public Works Department [CPWD]: reduces cost-overrun risk | sector_Construction: reduces cost-overrun risk | progress_per_month: increases cost-overrun risk | sector_Oil & Gas: reduces cost-overrun risk | ministry_Ministry of Railways: reduces cost-overrun risk
612203,Academic Block 1 & 2,Education,16,22.15,0.6,1.0,80.0,High Risk,"physical_progress: reduces delay risk | expenditure: reduces delay risk | agency_Indian Institute of Technology, Bombay: increases delay risk | ministry_Ministry of Railways: increases delay risk | ministry_Ministry of Petroleum & Natural Gas: increases delay risk","agency_Indian Institute of Technology, Bombay: increases cost-overrun risk | sector_Education: increases cost-overrun risk | sector_Railways: increases cost-overrun risk | ministry_Department of Higher Education: increases cost-overrun risk | sector_Oil & Gas: increases cost-overrun risk"
610940,"Additional Infrastructure at IISc Bangalore-RCC Monolithic for Men Hostel S14, Women Hostel S11 , Postdoctoral Hostel S12 2 Block , International Hostel S 12 , D&E Block S 12 2 Block FR.",Education,99,360.72,0.97,1.0,98.5,High Risk,physical_progress: increases delay risk | expenditure_ratio: increases delay risk | ministry_Ministry of Railways: increases delay risk | progress_per_month: increases delay risk | sector_Railways: increases delay risk,progress_per_month: increases cost-overrun risk | physical_progress: increases cost-overrun risk | expenditure_ratio: increases cost-overrun risk | agency_IISC Bangalore: increases cost-overrun risk | sector_Railways: increases cost-overrun risk
602098,"Construction of Permanent Campus for IIM Jammu Phase-1 at Jagti, Nagrota, Jammu, J&K",Education,96,484.52,0.985,1.0,99.25,High Risk,physical_progress: increases delay risk | expenditure_ratio: increases delay risk | ministry_Ministry of Railways: increases delay risk | progress_per_month: increases delay risk | sector_Railways: increases delay risk,"expenditure_ratio: increases cost-overrun risk | physical_progress: increases cost-overrun risk | agency_Indian Institute of Management, Jammu: increases cost-overrun risk | progress_per_month: increases cost-overrun risk | sector_Railways: increases cost-overrun risk"
606431,CONSTRUCTION OF PERMANENT CAMPUS FOR IIT PALAKKAD UNDER PHASE 1A,Education,66,615.95,0.91,1.0,95.5,High Risk,physical_progress: increases delay risk | progress_per_month: increases delay risk | ministry_Ministry of Railways: increases delay risk | expenditure_ratio: increases delay risk | ministry_Ministry of Petroleum & Natural Gas: increases delay risk,physical_progress: increases cost-overrun risk | sector_Railways: increases cost-overrun risk | ministry_Ministry of Railways: increases cost-overrun risk | agency_INDIAN INSTITUTE OF TECHNOLOGY PALAKKAD: increases cost-overrun risk | sector_Education: increases cost-overrun risk
612876,"Construction of Permanent Campus for NIT Mizoram at Lengpui, Aizawl",Education,4,167.55,0.06,0.275,16.75,Low Risk,physical_progress: reduces delay risk | progress_per_month: reduces delay risk | project_duration_months: reduces delay risk | expenditure_ratio: reduces delay risk | project_duration_days: reduces delay risk,physical_progress: reduces cost-overrun risk | agency_Ministry of Education: reduces cost-overrun risk | expenditure_ratio: reduces cost-overrun risk | sector_Oil & Gas: increases cost-overrun risk | progress_per_month: reduces cost-overrun risk
612894,"Construction of Permanent Campus of Central University of Himachal Pradesh at Dehra, District - Kangra, [H.P.] on Engineering. Procurement and Construction [EPC Mode 1] Basis.",Education,78,183.36,0.96,1.0,98.0,High Risk,expenditure_ratio: increases delay risk | physical_progress: increases delay risk | ministry_Ministry of Railways: increases delay risk | progress_per_month: increases delay risk | sector_Railways: increases delay risk,"sector_Railways: increases cost-overrun risk | ministry_Ministry of Railways: increases cost-overrun risk | physical_progress: increases cost-overrun risk | agency_Central University, Himachal Pradesh: increases cost-overrun risk | sector_Education: increases cost-overrun risk"
612877,Establishment of NIT Puducherry Permanent Campus [Phase-I and Phase-II],Education,94,509.24,0.995,0.0,49.75,Medium Risk,physical_progress: increases delay risk | expenditure_ratio: increases delay risk | progress_per_month: increases delay risk | ministry_Ministry of Railways: increases delay risk | sector_Railways: increases delay risk,"agency_National Institute of Technology, Puducherry: reduces cost-overrun risk | original_cost: reduces cost-overrun risk | expenditure: reduces cost-overrun risk | sector_Water Resources: reduces cost-overrun risk | sector_Oil & Gas: reduces cost-overrun risk"
612883,Establishment of Permanent Campus of NIT SIkkim at Khamdong-Gangtok District,Education,7,121.56,0.045,0.0,2.25,Low Risk,physical_progress: reduces delay risk | progress_per_month: reduces delay risk | expenditure_ratio: reduces delay risk | expenditure: reduces delay risk | agency_Ministry of Education: reduces delay risk,physical_progress: reduces cost-overrun risk | expenditure_ratio: reduces cost-overrun risk | agency_Ministry of Education: reduces cost-overrun risk | progress_per_month: reduces cost-overrun risk | sector_Water Resources: reduces cost-overrun risk
602099,Establishment of Permanent campus Phase 1 of IIM Sirmaur,Education,92,320.75,0.99,1.0,99.5,High Risk,physical_progress: increases delay risk | expenditure_ratio: increases delay risk | progress_per_month: increases delay risk | ministry_Ministry of Railways: increases delay risk | sector_Railways: increases delay risk,"agency_Indian Institute of Management, Sirmaur: increases cost-overrun risk | physical_progress: increases cost-overrun risk | sector_Railways: increases cost-overrun risk | ministry_Department of Higher Education: increases cost-overrun risk | ministry_Ministry of Railways: increases cost-overrun risk"
609019,"HEFA projects on development of student hostels, playgrounds, departmental buildings, class room complex and other campus facilities in IIT Kharagpur",Education,87,382.6,0.99,0.0,49.5,Medium Risk,physical_progress: increases delay risk | expenditure_ratio: increases delay risk | ministry_Ministry of Railways: increases delay risk | progress_per_month: increases delay risk | sector_Railways: increases delay risk,"agency_Indian Institute of Technology, Kharagpur: reduces cost-overrun risk | expenditure_ratio: reduces cost-overrun risk | physical_progress: reduces cost-overrun risk | sector_Water Resources: reduces cost-overrun risk | ministry_Department of Water Resources, River Development & GR: reduces cost-overrun risk"
610315,IISER BERHAMPUR,Education,97,835.55,0.98,0.84,91.0,High Risk,physical_progress: increases delay risk | progress_per_month: increases delay risk | expenditure_ratio: increases delay risk | ministry_Ministry of Railways: increases delay risk | project_duration_months: increases delay risk,progress_per_month: increases cost-overrun risk | physical_progress: increases cost-overrun risk | sector_Railways: increases cost-overrun risk | sector_Education: increases cost-overrun risk | ministry_Department of Higher Education: increases cost-overrun risk
612819,300 MW SPP part of 510 MW CPSU scheme,Electricity Generation,68,769.57,0.92,0.0,46.0,Medium Risk,physical_progress: increases delay risk | sector_Electricity Generation: increases delay risk | ministry_Ministry of Coal: increases delay risk | ministry_Ministry of Railways: increases delay risk | ministry_Ministry of Petroleum & Natural Gas: increases delay risk,expenditure_ratio: reduces cost-overrun risk | ministry_Ministry of Coal: reduces cost-overrun risk | agency_NLC India Limited [NLCIL]: reduces cost-overrun risk | ministry_Ministry of Power: reduces cost-overrun risk | sector_Electricity Generation: increases cost-overrun risk
400259,Ghatampur Thermal Power Plant 3 X 660 MW,Electricity Generation,92,20135.5,0.99,1.0,99.5,High Risk,physical_progress: increases delay risk | expenditure_ratio: increases delay risk | expenditure: increases delay risk | sector_Electricity Generation: increases delay risk | original_cost: increases delay risk,expenditure_ratio: increases cost-overrun risk | sector_Electricity Generation: increases cost-overrun risk | physical_progress: increases cost-overrun risk | expenditure: increases cost-overrun risk | sector_Railways: increases cost-overrun risk
602579,Buxar Thermal Power Project [1320 MW],Electricity Generation,92,11971.0,1.0,1.0,100.0,High Risk,physical_progress: increases delay risk | expenditure_ratio: increases delay risk | expenditure: increases delay risk | progress_per_month: increases delay risk | ministry_Ministry of Railways: increases delay risk,ministry_Ministry of Power: increases cost-overrun risk | sector_Electricity Generation: increases cost-overrun risk | expenditure_ratio: increases cost-overrun risk | sector_Railways: increases cost-overrun risk | physical_progress: increases cost-overrun risk
602582,Dhaulasidh Hydro Electric Project [66 MW],Electricity Generation,67,908.65,0.995,1.0,99.75,High Risk,expenditure_ratio: increases delay risk | progress_per_month: increases delay risk | physical_progress: increases delay risk | ministry_Ministry of Railways: increases delay risk | sector_Electricity Generation: increases delay risk,ministry_Ministry of Power: increases cost-overrun risk | expenditure_ratio: increases cost-overrun risk | sector_Electricity Generation: increases cost-overrun risk | sector_Railways: increases cost-overrun risk | agency_Satluj Jal Vidyut Nigam [SJVN] Thermal Limited: increases cost-overrun risk
602538,Installation of FGD for 4x210 & 2x250 MW MTPS U 1-6,Electricity Generation,91,1085.39,0.925,1.0,96.25,High Risk,physical_progress: increases delay risk | expenditure_ratio: increases delay risk | sector_Electricity Generation: increases delay risk | expenditure: increases delay risk | ministry_Ministry of Railways: increases delay risk,ministry_Ministry of Power: increases cost-overrun risk | sector_Electricity Generation: increases cost-overrun risk | expenditure_ratio: increases cost-overrun risk | sector_Railways: increases cost-overrun risk | ministry_Ministry of Railways: increases cost-overrun risk
602194,Khurja super Thermal Power Plant [2X660 MW],Electricity Generation,96,12429.0,1.0,1.0,100.0,High Risk,physical_progress: increases delay risk | expenditure_ratio: increases delay risk | expenditure: increases delay risk | progress_per_month: increases delay risk | ministry_Ministry of Railways: increases delay risk,ministry_Ministry of Power: increases cost-overrun risk | sector_Electricity Generation: increases cost-overrun risk | expenditure_ratio: increases cost-overrun risk | physical_progress: increases cost-overrun risk | sector_Railways: increases cost-overrun risk
602593,Luhri Stage-I Hydro Electric Project [210 MW],Electricity Generation,51,1742.92,0.935,1.0,96.75,High Risk,expenditure_ratio: increases delay risk | sector_Electricity Generation: increases delay risk | expenditure: increases delay risk | physical_progress: reduces delay risk | project_duration_months: increases delay risk,ministry_Ministry of Power: increases cost-overrun risk | sector_Electricity Generation: increases cost-overrun risk | expenditure_ratio: increases cost-overrun risk | ministry_Ministry of Railways: increases cost-overrun risk | sector_Railways: increases cost-overrun risk
400261,Patratu Thermal Power Station Expansion Project Phase-I [3x800 MW],Electricity Generation,81,17365.0,0.99,1.0,99.5,High Risk,physical_progress: increases delay risk | expenditure: increases delay risk | expenditure_ratio: increases delay risk | progress_per_month: increases delay risk | sector_Electricity Generation: increases delay risk,ministry_Ministry of Power: increases cost-overrun risk | sector_Electricity Generation: increases cost-overrun risk | agency_National Thermal Power Corporation [NTPC]: increases cost-overrun risk | expenditure_ratio: increases cost-overrun risk | sector_Railways: increases cost-overrun risk
605156,Rangit-IV HE Project [120 MW] executed by Jal Power Corporation Ltd. [JPCL] -A wholly owned subsidiary of NHPC Ltd. acquired through NCLT,Electricity Generation,90,1554.15,1.0,1.0,100.0,High Risk,physical_progress: increases delay risk | expenditure_ratio: increases delay risk | progress_per_month: increases delay risk | expenditure: increases delay risk | project_duration_months: increases delay risk,expenditure_ratio: increases cost-overrun risk | ministry_Ministry of Power: increases cost-overrun risk | sector_Electricity Generation: increases cost-overrun risk | agency_National Highways & Infrastructure Development Corporation Ltd. [NHIDCL]: increases cost-overrun risk | progress_per_month: increases cost-overrun risk
602096,Subansiri Lower HE Project [2000 MW],Electricity Generation,96,24685.1,0.985,1.0,99.25,High Risk,physical_progress: increases delay risk | expenditure_ratio: increases delay risk | expenditure: increases delay risk | progress_per_month: increases delay risk | original_cost: increases delay risk,expenditure_ratio: increases cost-overrun risk | ministry_Ministry of Power: increases cost-overrun risk | sector_Electricity Generation: increases cost-overrun risk | physical_progress: increases cost-overrun risk | expenditure: increases cost-overrun risk
611586,Sunni Dam Hydro Electric Project [382 MW],Electricity Generation,29,956.76,0.85,0.945,89.75,High Risk,sector_Electricity Generation: increases delay risk | physical_progress: reduces delay risk | expenditure: increases delay risk | ministry_Ministry of Power: increases delay risk | project_duration_days: increases delay risk,ministry_Ministry of Power: increases cost-overrun risk | sector_Electricity Generation: increases cost-overrun risk | expenditure_ratio: reduces cost-overrun risk | agency_Satluj Jal Vidyut Nigam [SJVN] Thermal Limited: increases cost-overrun risk | ministry_Ministry of Railways: increases cost-overrun risk
602961,Talcher Thermal Power Station Stage III [2 x 660 MW] Expansion,Electricity Generation,26,3975.0,0.9,1.0,95.0,High Risk,expenditure: increases delay risk | sector_Electricity Generation: increases delay risk | original_cost: increases delay risk | physical_progress: reduces delay risk | ministry_Ministry of Power: increases delay risk,ministry_Ministry of Power: increases cost-overrun risk | sector_Electricity Generation: increases cost-overrun risk | agency_National Thermal Power Corporation [NTPC]: increases cost-overrun risk | expenditure_ratio: reduces cost-overrun risk | ministry_Ministry of Railways: increases cost-overrun risk
602185,Tapovan-Vishnugad HEP [4x130 MW],Electricity Generation,77,7123.58,0.975,1.0,98.75,High Risk,physical_progress: increases delay risk | expenditure: increases delay risk | expenditure_ratio: increases delay risk | sector_Electricity Generation: increases delay risk | ministry_Ministry of Power: increases delay risk,expenditure_ratio: increases cost-overrun risk | ministry_Ministry of Power: increases cost-overrun risk | sector_Electricity Generation: increases cost-overrun risk | agency_National Thermal Power Corporation [NTPC]: increases cost-overrun risk | physical_progress: increases cost-overrun risk
602181,"TEESTA-VI HE PROJECT, SIKKIM [500 MW], executed by LANCO TEESTA HYDRO POWER LIMITED [A wholly owned Subsidiary of NHPC LTD. acquired through NCLT]",Electricity Generation,68,4495.28,0.995,1.0,99.75,High Risk,expenditure_ratio: increases delay risk | expenditure: increases delay risk | physical_progress: increases delay risk | progress_per_month: increases delay risk | ministry_Ministry of Railways: increases delay risk,ministry_Ministry of Power: increases cost-overrun risk | sector_Electricity Generation: increases cost-overrun risk | ministry_Ministry of Railways: increases cost-overrun risk | sector_Railways: increases cost-overrun risk | agency_National Highways & Infrastructure Development Corporation Ltd. [NHIDCL]: increases cost-overrun risk
602193,Tehri Pumped Storage Plant Project [4x250 MW],Electricity Generation,98,7939.82,0.865,1.0,93.25,High Risk,physical_progress: increases delay risk | expenditure: increases delay risk | expenditure_ratio: increases delay risk | sector_Electricity Generation: increases delay risk | ministry_Ministry of Power: increases delay risk,expenditure_ratio: increases cost-overrun risk | ministry_Ministry of Power: increases cost-overrun risk | sector_Electricity Generation: increases cost-overrun risk | physical_progress: increases cost-overrun risk | agency_THDC India Limited: increases cost-overrun risk
602195,Vishnugad Pipalkoti Hydro Electric Project [444 MW],Electricity Generation,72,4828.89,0.86,1.0,93.0,High Risk,physical_progress: increases delay risk | expenditure: increases delay risk | expenditure_ratio: increases delay risk | ministry_Ministry of Power: increases delay risk | sector_Electricity Generation: increases delay risk,ministry_Ministry of Power: increases cost-overrun risk | expenditure_ratio: increases cost-overrun risk | sector_Electricity Generation: increases cost-overrun risk | sector_Railways: increases cost-overrun risk | ministry_Ministry of Railways: increases cost-overrun risk
604833,"Andheri Residential Towers, Mumbai",Energy Storage,50,227.54,0.65,1.0,82.5,High Risk,expenditure_ratio: increases delay risk | physical_progress: reduces delay risk | project_duration_months: increases delay risk | ministry_Ministry of Petroleum & Natural Gas: reduces delay risk | project_duration_days: increases delay risk,physical_progress: increases cost-overrun risk | expenditure_ratio: increases cost-overrun risk | sector_Energy Storage: increases cost-overrun risk | sector_Railways: increases cost-overrun risk | ministry_Ministry of Railways: increases cost-overrun risk
701269,"Construction of 80,000 MT LPG Cavern at Mangalore",Energy Storage,99,712.3,0.935,0.0,46.75,Medium Risk,physical_progress: increases delay risk | expenditure_ratio: increases delay risk | ministry_Ministry of Railways: increases delay risk | ministry_Ministry of Petroleum & Natural Gas: reduces delay risk | project_duration_months: increases delay risk,physical_progress: reduces cost-overrun risk | agency_Ministry of Petroleum & Natural Gas: reduces cost-overrun risk | sector_Energy Storage: reduces cost-overrun risk | sector_Oil & Gas: reduces cost-overrun risk | original_cost: reduces cost-overrun risk
616235,Construction of Aviation Fuel farm Facilities at Bhogapuram Airport,Energy Storage,50,31.23,0.05,0.0,2.5,Low Risk,expenditure_ratio: reduces delay risk | physical_progress: reduces delay risk | expenditure: reduces delay risk | ministry_Ministry of Petroleum & Natural Gas: reduces delay risk | project_duration_months: increases delay risk,expenditure_ratio: reduces cost-overrun risk | expenditure: reduces cost-overrun risk | original_cost: reduces cost-overrun risk | agency_Ministry of Petroleum & Natural Gas: reduces cost-overrun risk | sector_Water Resources: reduces cost-overrun risk
709754,"Construction of LPG Facilities at Kamardanga, Assam",Energy Storage,39,49.78,0.045,1.0,52.25,Medium Risk,physical_progress: reduces delay risk | expenditure: reduces delay risk | ministry_Ministry of Petroleum & Natural Gas: reduces delay risk | expenditure_ratio: reduces delay risk | agency_Hindustan Petroleum Corporation Limited: reduces delay risk,sector_Energy Storage: increases cost-overrun risk | sector_Oil & Gas: increases cost-overrun risk | agency_Hindustan Petroleum Corporation Limited: increases cost-overrun risk | physical_progress: increases cost-overrun risk | sector_Railways: increases cost-overrun risk
400077,"Grass root POL Terminal at Vallur, Chennai",Energy Storage,85,619.5,0.775,1.0,88.75,High Risk,physical_progress: increases delay risk | expenditure_ratio: increases delay risk | ministry_Ministry of Petroleum & Natural Gas: reduces delay risk | ministry_Ministry of Railways: increases delay risk | project_duration_months: increases delay risk,sector_Energy Storage: increases cost-overrun risk | sector_Railways: increases cost-overrun risk | physical_progress: increases cost-overrun risk | agency_Indian Oil Corporation Limited [IOCL]: increases cost-overrun risk | ministry_Ministry of Railways: increases cost-overrun risk
400035,"Grass Root Rail-fed Depot at Sekerkote, Agartala as resitement of existing Dharmanagar Depot",Energy Storage,84,465.73,0.22,0.0,11.0,Low Risk,ministry_Ministry of Petroleum & Natural Gas: reduces delay risk | physical_progress: increases delay risk | agency_Indian Oil Corporation Limited [IOCL]: reduces delay risk | expenditure: reduces delay risk | expenditure_ratio: increases delay risk,expenditure_ratio: reduces cost-overrun risk | expenditure: reduces cost-overrun risk | physical_progress: reduces cost-overrun risk | agency_Indian Oil Corporation Limited [IOCL]: reduces cost-overrun risk | original_cost: reduces cost-overrun risk
604852,"Grass-root Terminal at Mirzapur, Uttar Pradesh",Energy Storage,50,236.22,0.04,1.0,52.0,Medium Risk,expenditure_ratio: reduces delay risk | physical_progress: reduces delay risk | ministry_Ministry of Petroleum & Natural Gas: reduces delay risk | expenditure: reduces delay risk | project_duration_days: increases delay risk,physical_progress: increases cost-overrun risk | sector_Energy Storage: increases cost-overrun risk | original_cost: increases cost-overrun risk | sector_Railways: increases cost-overrun risk | ministry_Ministry of Railways: increases cost-overrun risk
400043,Laying of POL Pipelines in Common Corridor for proposed grass root terminal at Vallur [Chennai],Energy Storage,62,297.77,0.25,0.0,12.5,Low Risk,expenditure_ratio: reduces delay risk | ministry_Ministry of Petroleum & Natural Gas: reduces delay risk | expenditure: reduces delay risk | project_duration_days: increases delay risk | project_duration_months: increases delay risk,expenditure_ratio: reduces cost-overrun risk | sector_Energy Storage: reduces cost-overrun risk | sector_Oil & Gas: reduces cost-overrun risk | agency_Ministry of Petroleum & Natural Gas: reduces cost-overrun risk | expenditure: reduces cost-overrun risk
400301,Multi Product Pipeline from Irugur to Devangonthi,Energy Storage,67,675.25,0.845,1.0,92.25,High Risk,expenditure_ratio: increases delay risk | physical_progress: increases delay risk | ministry_Ministry of Petroleum & Natural Gas: reduces delay risk | project_duration_months: increases delay risk | ministry_Ministry of Railways: increases delay risk,"agency_Department of Water Resources, River Development & GR: increases cost-overrun risk | expenditure_ratio: increases cost-overrun risk | physical_progress: increases cost-overrun risk | sector_Railways: increases cost-overrun risk | ministry_Ministry of Railways: increases cost-overrun risk"
400078,New Mundra Panipat Crude Oil Pipeline,Energy Storage,84,7071.08,0.97,0.75,86.0,High Risk,expenditure_ratio: increases delay risk | physical_progress: increases delay risk | expenditure: increases delay risk | original_cost: increases delay risk | ministry_Ministry of Railways: increases delay risk,expenditure: increases cost-overrun risk | original_cost: increases cost-overrun risk | sector_Railways: increases cost-overrun risk | ministry_Ministry of Railways: increases cost-overrun risk | expenditure_ratio: increases cost-overrun risk
701349,Paradip-Numaligarh Crude Oil Pipeline [PNCPL] & Crude Oil Import Terminal [COIT] at Paradip,Energy Storage,86,9701.95,0.975,1.0,98.75,High Risk,physical_progress: increases delay risk | expenditure_ratio: increases delay risk | expenditure: increases delay risk | original_cost: increases delay risk | ministry_Ministry of Railways: increases delay risk,expenditure_ratio: increases cost-overrun risk | expenditure: increases cost-overrun risk | physical_progress: increases cost-overrun risk | original_cost: increases cost-overrun risk | sector_Railways: increases cost-overrun risk
709759,"Petrochemical evacuation marketing terminal at Barmer, Rajasthan",Energy Storage,51,111.57,0.07,1.0,53.5,Medium Risk,expenditure_ratio: reduces delay risk | expenditure: reduces delay risk | physical_progress: reduces delay risk | ministry_Ministry of Petroleum & Natural Gas: reduces delay risk | project_duration_months: increases delay risk,agency_Hindustan Petroleum Corporation Limited [HPCL]: increases cost-overrun risk | sector_Energy Storage: increases cost-overrun risk | physical_progress: increases cost-overrun risk | sector_Railways: increases cost-overrun risk | ministry_Ministry of Railways: increases cost-overrun risk
701263,Rajasthan Refinery Project,Energy Storage,87,59524.4,0.84,1.0,92.0,High Risk,physical_progress: increases delay risk | expenditure_ratio: increases delay risk | agency_MinistryofPetroleumNaturalGas: reduces delay risk | expenditure: increases delay risk | original_cost: increases delay risk,expenditure_ratio: increases cost-overrun risk | expenditure: increases cost-overrun risk | physical_progress: increases cost-overrun risk | sector_Railways: increases cost-overrun risk | sector_Energy Storage: increases cost-overrun risk
400235,"Setting up a common user Petroleum Terminal at Jammu, J&K for resitement of existing PSU OMC's Depots from Jammu City",Energy Storage,77,518.22,0.805,0.215,51.0,Medium Risk,expenditure_ratio: increases delay risk | physical_progress: increases delay risk | ministry_Ministry of Petroleum & Natural Gas: reduces delay risk | sector_Oil & Gas: increases delay risk | project_duration_months: increases delay risk,"agency_Bharat Petroleum Corporation Limited [BPCL]: reduces cost-overrun risk | sector_Railways: increases cost-overrun risk | sector_Water Resources: reduces cost-overrun risk | ministry_Department of Water Resources, River Development & GR: reduces cost-overrun risk | expenditure: reduces cost-overrun risk"
709755,"Setting up of new rail fed POL facility at Kamardanga, Assam",Energy Storage,48,110.44,0.045,0.95,49.75,Medium Risk,physical_progress: reduces delay risk | expenditure: reduces delay risk | expenditure_ratio: reduces delay risk | ministry_Ministry of Petroleum & Natural Gas: reduces delay risk | project_duration_months: increases delay risk,agency_Hindustan Petroleum Corporation Limited [HPCL]: increases cost-overrun risk | sector_Energy Storage: increases cost-overrun risk | physical_progress: increases cost-overrun risk | expenditure_ratio: reduces cost-overrun risk | ministry_Ministry of Railways: increases cost-overrun risk
701343,Srikakulam Angul Gas Pipeline Project,Energy Storage,94,2192.68,0.97,0.3,63.5,Medium Risk,physical_progress: increases delay risk | expenditure_ratio: increases delay risk | expenditure: increases delay risk | project_duration_months: increases delay risk | ministry_Ministry of Railways: increases delay risk,sector_Oil & Gas: reduces cost-overrun risk | sector_Energy Storage: reduces cost-overrun risk | agency_Ministry of Petroleum & Natural Gas: reduces cost-overrun risk | sector_Water Resources: reduces cost-overrun risk | expenditure: increases cost-overrun risk
701171,AIIMS Bibinagar,Healthcare,83,792.24,0.985,1.0,99.25,High Risk,expenditure_ratio: increases delay risk | physical_progress: increases delay risk | progress_per_month: increases delay risk | ministry_Ministry of Railways: increases delay risk | expenditure: increases delay risk,agency_Ministry of Health & Family Welfare: increases cost-overrun risk | progress_per_month: increases cost-overrun risk | physical_progress: increases cost-overrun risk | sector_Railways: increases cost-overrun risk | ministry_Ministry of Railways: increases cost-overrun risk
701167,AIIMS Kashmir at Awantipora Jammu & Kashmir,Healthcare,65,1504.91,0.99,0.0,49.5,Medium Risk,expenditure_ratio: increases delay risk | physical_progress: increases delay risk | progress_per_month: increases delay risk | expenditure: increases delay risk | ministry_Ministry of Railways: increases delay risk,agency_Central Public Works Department [CPWD]: reduces cost-overrun risk | sector_Healthcare: reduces cost-overrun risk | sector_Oil & Gas: reduces cost-overrun risk | ministry_Ministry of Petroleum & Natural Gas: reduces cost-overrun risk | sector_Water Resources: reduces cost-overrun risk
708662,Establishment of 600 bed super specialty hospital with optional development of Medical college and further expansion on PPP basis.,Healthcare,0,58.0,0.215,0.0,10.75,Low Risk,expenditure_ratio: reduces delay risk | physical_progress: reduces delay risk | progress_per_month: reduces delay risk | expenditure: reduces delay risk | sector_Healthcare: increases delay risk,"physical_progress: reduces cost-overrun risk | expenditure_ratio: reduces cost-overrun risk | agency_Mumbai Port Trust [MPT]: reduces cost-overrun risk | ministry_Ministry of Ports, Shipping and Waterways: reduces cost-overrun risk | sector_Water Resources: reduces cost-overrun risk"
701565,Jal Marg Vikas Project,Inland Waterways,70,3432.34,0.83,0.0,41.5,Medium Risk,physical_progress: increases delay risk | progress_per_month: increases delay risk | expenditure: increases delay risk | sector_Inland Waterways: reduces delay risk | ministry_Ministry of Railways: increases delay risk,"agency_Inland Waterways Authority of India [IWAI]: reduces cost-overrun risk | sector_Inland Waterways: reduces cost-overrun risk | ministry_Ministry of Ports, Shipping and Waterways: reduces cost-overrun risk | expenditure_ratio: reduces cost-overrun risk | sector_Water Resources: reduces cost-overrun risk"
705515,3rd & 4th Railway Line Project from Salegaon to Budhapank via Rajathgarh.,Inland Waterways,80,1971.0,0.165,0.9917717003567182,57.83858501783591,Medium Risk,ministry_Ministry of Railways: reduces delay risk | sector_Inland Waterways: reduces delay risk | project_duration_months: reduces delay risk | sector_Railways: reduces delay risk | physical_progress: increases delay risk,expenditure_ratio: increases cost-overrun risk | physical_progress: increases cost-overrun risk | sector_Railways: increases cost-overrun risk | agency_East Coast Railway [ECoR] - II: reduces cost-overrun risk | expenditure: increases cost-overrun risk
705742,Jeypore-Malkanagiri New Railway Line Project,Inland Waterways,8,196.75,0.02,0.0017717003567181,1.0885850178359098,Low Risk,progress_per_month: reduces delay risk | physical_progress: reduces delay risk | expenditure_ratio: reduces delay risk | expenditure: reduces delay risk | ministry_Ministry of Railways: reduces delay risk,agency_East Coast Railway [ECoR] - II: reduces cost-overrun risk | physical_progress: reduces cost-overrun risk | expenditure_ratio: reduces cost-overrun risk | ministry_Ministry of Railways: reduces cost-overrun risk | sector_Inland Waterways: reduces cost-overrun risk
705741,Jeypore-Navarangpur New Rail Line Project,Inland Waterways,1,10.43,0.12,0.0017717003567181,6.08858501783591,Low Risk,physical_progress: reduces delay risk | progress_per_month: reduces delay risk | expenditure_ratio: reduces delay risk | expenditure: reduces delay risk | ministry_Ministry of Railways: reduces delay risk,agency_East Coast Railway [ECoR] - II: reduces cost-overrun risk | physical_progress: reduces cost-overrun risk | expenditure_ratio: reduces cost-overrun risk | ministry_Ministry of Railways: reduces cost-overrun risk | sector_Inland Waterways: reduces cost-overrun risk
400141,Expansion of Alumina Refinery Plant with addition of 5th Stream having capacity enhancement of 1.0 Million Tonee Per Annum,Metals & Mining,75,3913.98,0.985,1.0,99.25,High Risk,physical_progress: increases delay risk | expenditure_ratio: increases delay risk | expenditure: increases delay risk | progress_per_month: increases delay risk | ministry_Ministry of Railways: increases delay risk,sector_Metals & Mining: increases cost-overrun risk | ministry_Ministry of Mines: increases cost-overrun risk | sector_Railways: increases cost-overrun risk | agency_National Aluminium Company Limited [NALCO]: increases cost-overrun risk | ministry_Ministry of Railways: increases cost-overrun risk
400299,Pottangi Bauxite Mines Project,Metals & Mining,51,650.04,0.705,1.0,85.25,High Risk,physical_progress: reduces delay risk | ministry_Ministry of Petroleum & Natural Gas: increases delay risk | expenditure_ratio: increases delay risk | agency_National Aluminium Company Limited [NALCO]: increases delay risk | sector_Oil & Gas: increases delay risk,sector_Metals & Mining: increases cost-overrun risk | ministry_Ministry of Mines: increases cost-overrun risk | ministry_Ministry of Railways: increases cost-overrun risk | sector_Railways: increases cost-overrun risk | agency_National Aluminium Company Limited [NALCO]: increases cost-overrun risk
615202,Capacity expansion of Deposit-14 and 14 NMZ at Kirandul,Metals & Mining,2,65.44,0.05,1.0,52.5,Medium Risk,physical_progress: reduces delay risk | expenditure_ratio: reduces delay risk | progress_per_month: reduces delay risk | expenditure: reduces delay risk | ministry_Ministry of Petroleum & Natural Gas: increases delay risk,sector_Metals & Mining: increases cost-overrun risk | ministry_Ministry of Steel: increases cost-overrun risk | agency_National Mineral Development Corporation Limited [NMDC]: increases cost-overrun risk | expenditure_ratio: reduces cost-overrun risk | sector_Oil & Gas: increases cost-overrun risk
400171,2G Ethanol Biorefinery at Bathinda,Oil & Gas,95,1180.91,0.85,1.0,92.5,High Risk,physical_progress: increases delay risk | expenditure_ratio: increases delay risk | expenditure: increases delay risk | sector_Oil & Gas: reduces delay risk | ministry_Ministry of Petroleum & Natural Gas: reduces delay risk,agency_Hindustan Petroleum Corporation Limited [HPCL]: increases cost-overrun risk | physical_progress: increases cost-overrun risk | expenditure_ratio: increases cost-overrun risk | ministry_Ministry of Railways: increases cost-overrun risk | sector_Railways: increases cost-overrun risk
400168,"500 KTA PDHPP Project, Usar",Oil & Gas,85,6768.36,0.965,1.0,98.25,High Risk,physical_progress: increases delay risk | expenditure_ratio: increases delay risk | expenditure: increases delay risk | original_cost: increases delay risk | sector_Oil & Gas: reduces delay risk,expenditure: increases cost-overrun risk | physical_progress: increases cost-overrun risk | expenditure_ratio: increases cost-overrun risk | original_cost: increases cost-overrun risk | sector_Railways: increases cost-overrun risk
604792,"Assam Bio Refinery, ABRPL",Oil & Gas,99,4650.0,0.97,1.0,98.5,High Risk,physical_progress: increases delay risk | expenditure_ratio: increases delay risk | expenditure: increases delay risk | sector_Oil & Gas: reduces delay risk | project_duration_months: increases delay risk,expenditure_ratio: increases cost-overrun risk | physical_progress: increases cost-overrun risk | expenditure: increases cost-overrun risk | original_cost: increases cost-overrun risk | sector_Oil & Gas: increases cost-overrun risk
709782,ATF Pipeline from Jawaharlal Nehru Port Trust to Navi Mumbai International Airport,Oil & Gas,72,89.94,0.63,0.0,31.5,Low Risk,physical_progress: increases delay risk | ministry_Ministry of Petroleum & Natural Gas: reduces delay risk | expenditure: reduces delay risk | agency_Indian Oil Corporation Limited [IOCL]: increases delay risk | expenditure_ratio: increases delay risk,expenditure_ratio: reduces cost-overrun risk | agency_Indian Oil Corporation Limited [IOCL]: reduces cost-overrun risk | expenditure: reduces cost-overrun risk | agency_Ministry of Petroleum & Natural Gas: reduces cost-overrun risk | sector_Oil & Gas: reduces cost-overrun risk
709786,"Augmentation/ Revamping of Dimapur Depot, Dimapur",Oil & Gas,20,9.01,0.005,0.0,0.25,Low Risk,expenditure_ratio: reduces delay risk | physical_progress: reduces delay risk | agency_MinistryofPetroleumNaturalGas: reduces delay risk | expenditure: reduces delay risk | ministry_Ministry of Petroleum & Natural Gas: reduces delay risk,expenditure_ratio: reduces cost-overrun risk | physical_progress: reduces cost-overrun risk | sector_Oil & Gas: reduces cost-overrun risk | expenditure: reduces cost-overrun risk | agency_MinistryofPetroleumNaturalGas: reduces cost-overrun risk
709776,Augmentation/Revamping of Facilities at existing Guwahati Terminal at Betkuchi,Oil & Gas,67,185.18,0.09,1.0,54.50000000000001,Medium Risk,agency_MinistryofPetroleumNaturalGas: reduces delay risk | sector_Oil & Gas: reduces delay risk | ministry_Ministry of Petroleum & Natural Gas: reduces delay risk | expenditure: reduces delay risk | project_duration_months: increases delay risk,physical_progress: increases cost-overrun risk | expenditure_ratio: increases cost-overrun risk | agency_MinistryofPetroleumNaturalGas: increases cost-overrun risk | ministry_Ministry of Railways: increases cost-overrun risk | sector_Railways: increases cost-overrun risk
701324,Barauni Refinery Capacity Expansion from 6.0 to 9.0 MMTPA,Oil & Gas,87,11728.0,0.97,1.0,98.5,High Risk,physical_progress: increases delay risk | expenditure_ratio: increases delay risk | expenditure: increases delay risk | original_cost: increases delay risk | sector_Oil & Gas: reduces delay risk,physical_progress: increases cost-overrun risk | expenditure: increases cost-overrun risk | expenditure_ratio: increases cost-overrun risk | sector_Railways: increases cost-overrun risk | ministry_Ministry of Railways: increases cost-overrun risk
612998,Bathinda Sangrur Pipeline,Oil & Gas,93,339.19,0.86,1.0,93.0,High Risk,physical_progress: increases delay risk | expenditure_ratio: increases delay risk | ministry_Ministry of Petroleum & Natural Gas: reduces delay risk | sector_Oil & Gas: reduces delay risk | ministry_Ministry of Railways: increases delay risk,expenditure_ratio: increases cost-overrun risk | physical_progress: increases cost-overrun risk | agency_Ministry of Petroleum and Natural Gas: increases cost-overrun risk | ministry_Ministry of Railways: increases cost-overrun risk | sector_Railways: increases cost-overrun risk
709850,Borholla GGS Life Extension Project [BLEP],Oil & Gas,29,36.78,0.02,0.0,1.0,Low Risk,expenditure_ratio: reduces delay risk | physical_progress: reduces delay risk | expenditure: reduces delay risk | ministry_Ministry of Petroleum & Natural Gas: reduces delay risk | sector_Oil & Gas: reduces delay risk,expenditure_ratio: reduces cost-overrun risk | physical_progress: reduces cost-overrun risk | expenditure: reduces cost-overrun risk | sector_Oil & Gas: reduces cost-overrun risk | project_duration_months: increases cost-overrun risk
709779,Capacity Expansion of Digboi Refinery from 0.65 to 1.0 MMTPA,Oil & Gas,35,99.02,0.0,0.0,0.0,Low Risk,expenditure_ratio: reduces delay risk | physical_progress: reduces delay risk | agency_MinistryofPetroleumNaturalGas: reduces delay risk | expenditure: reduces delay risk | ministry_Ministry of Petroleum & Natural Gas: reduces delay risk,expenditure_ratio: reduces cost-overrun risk | physical_progress: reduces cost-overrun risk | sector_Oil & Gas: reduces cost-overrun risk | agency_MinistryofPetroleumNaturalGas: reduces cost-overrun risk | expenditure: reduces cost-overrun risk
701289,Capacity Expansion of Panipat Refinery from 15 to 25 MMTPA,Oil & Gas,88,23977.5,0.93,0.46,69.5,Medium Risk,physical_progress: increases delay risk | expenditure: increases delay risk | expenditure_ratio: increases delay risk | original_cost: increases delay risk | sector_Oil & Gas: reduces delay risk,original_cost: reduces cost-overrun risk | expenditure: increases cost-overrun risk | physical_progress: increases cost-overrun risk | expenditure_ratio: reduces cost-overrun risk | sector_Railways: increases cost-overrun risk
604795,CBR 9 MMTPA Project,Oil & Gas,10,1342.27,0.645,0.035,34.0,Low Risk,agency_Chennai Petroleum Corporation Limited [CPCL]: increases delay risk | physical_progress: reduces delay risk | expenditure: increases delay risk | original_cost: increases delay risk | expenditure_ratio: reduces delay risk,expenditure_ratio: reduces cost-overrun risk | physical_progress: reduces cost-overrun risk | sector_Oil & Gas: reduces cost-overrun risk | original_cost: reduces cost-overrun risk | agency_Chennai Petroleum Corporation Limited [CPCL]: reduces cost-overrun risk
709757,"CGD Project in Banka, Dumka, Godda, Jamtara, Pakur, Sahibganj GA ID 11A.02",Oil & Gas,26,329.43,0.005,0.0,0.25,Low Risk,expenditure_ratio: reduces delay risk | physical_progress: reduces delay risk | ministry_Ministry of Petroleum & Natural Gas: reduces delay risk | sector_Oil & Gas: reduces delay risk | agency_Hindustan Petroleum Corporation Limited: reduces delay risk,expenditure_ratio: reduces cost-overrun risk | physical_progress: reduces cost-overrun risk | sector_Oil & Gas: reduces cost-overrun risk | agency_Hindustan Petroleum Corporation Limited: reduces cost-overrun risk | sector_Water Resources: reduces cost-overrun risk
709758,"CGD Project in Malda, Birbhum, Murshidabad, Dakshin Dinajpur GA ID 11A.03",Oil & Gas,26,332.52,0.015,0.0,0.75,Low Risk,expenditure_ratio: reduces delay risk | physical_progress: reduces delay risk | ministry_Ministry of Petroleum & Natural Gas: reduces delay risk | sector_Oil & Gas: reduces delay risk | agency_Hindustan Petroleum Corporation Limited: reduces delay risk,expenditure_ratio: reduces cost-overrun risk | physical_progress: reduces cost-overrun risk | sector_Oil & Gas: reduces cost-overrun risk | agency_Hindustan Petroleum Corporation Limited: reduces cost-overrun risk | project_duration_months: increases cost-overrun risk
701338,City Gas Distribution Maharashtra Natural Gas Limited,Oil & Gas,0,3836.09,0.105,0.0,5.25,Low Risk,physical_progress: reduces delay risk | sector_Oil & Gas: reduces delay risk | ministry_Ministry of Petroleum & Natural Gas: reduces delay risk | expenditure: increases delay risk | expenditure_ratio: increases delay risk,physical_progress: reduces cost-overrun risk | sector_Oil & Gas: reduces cost-overrun risk | expenditure_ratio: reduces cost-overrun risk | original_cost: reduces cost-overrun risk | project_duration_days: increases cost-overrun risk
709771,"City Gas Distribution Project at Beed, Jalgaon and Jalna Districts",Oil & Gas,2,68.01,0.005,0.0,0.25,Low Risk,physical_progress: reduces delay risk | expenditure_ratio: reduces delay risk | agency_MinistryofPetroleumNaturalGas: reduces delay risk | expenditure: reduces delay risk | sector_Oil & Gas: reduces delay risk,expenditure_ratio: reduces cost-overrun risk | physical_progress: reduces cost-overrun risk | sector_Oil & Gas: reduces cost-overrun risk | agency_MinistryofPetroleumNaturalGas: reduces cost-overrun risk | sector_Water Resources: reduces cost-overrun risk
709768,City Gas Distribution Project at Dharmapuri and Krishnagiri Districts,Oil & Gas,5,111.55,0.005,0.0,0.25,Low Risk,physical_progress: reduces delay risk | expenditure_ratio: reduces delay risk | agency_MinistryofPetroleumNaturalGas: reduces delay risk | expenditure: reduces delay risk | ministry_Ministry of Petroleum & Natural Gas: reduces delay risk,physical_progress: reduces cost-overrun risk | expenditure_ratio: reduces cost-overrun risk | sector_Oil & Gas: reduces cost-overrun risk | agency_MinistryofPetroleumNaturalGas: reduces cost-overrun risk | expenditure: reduces cost-overrun risk
709772,"City Gas Distribution Project at East Mednipore, West Mednipore & Jhargram Districts",Oil & Gas,2,58.15,0.005,0.0,0.25,Low Risk,physical_progress: reduces delay risk | expenditure_ratio: reduces delay risk | agency_MinistryofPetroleumNaturalGas: reduces delay risk | expenditure: reduces delay risk | ministry_Ministry of Petroleum & Natural Gas: reduces delay risk,expenditure_ratio: reduces cost-overrun risk | physical_progress: reduces cost-overrun risk | sector_Oil & Gas: reduces cost-overrun risk | agency_MinistryofPetroleumNaturalGas: reduces cost-overrun risk | ministry_Ministry of Petroleum & Natural Gas: reduces cost-overrun risk
709773,"City Gas Distribution Project at Jammu, Udhampur, Reasi, Samba and Kathua Districts",Oil & Gas,0,4.09,0.0,0.015,0.75,Low Risk,physical_progress: reduces delay risk | expenditure_ratio: reduces delay risk | agency_MinistryofPetroleumNaturalGas: reduces delay risk | expenditure: reduces delay risk | ministry_Ministry of Petroleum & Natural Gas: reduces delay risk,expenditure_ratio: reduces cost-overrun risk | physical_progress: reduces cost-overrun risk | sector_Oil & Gas: reduces cost-overrun risk | agency_MinistryofPetroleumNaturalGas: reduces cost-overrun risk | ministry_Ministry of Petroleum & Natural Gas: reduces cost-overrun risk
617303,"City Gas Distribution Project at Khagaria, Saharsa and Madhepura",Oil & Gas,40,95.54,0.185,0.0,9.25,Low Risk,physical_progress: reduces delay risk | expenditure: reduces delay risk | ministry_Ministry of Petroleum & Natural Gas: reduces delay risk | sector_Oil & Gas: reduces delay risk | agency_Ministry of Petroleum & Natural Gas: reduces delay risk,physical_progress: reduces cost-overrun risk | expenditure_ratio: reduces cost-overrun risk | expenditure: reduces cost-overrun risk | sector_Oil & Gas: reduces cost-overrun risk | original_cost: reduces cost-overrun risk
709766,"City Gas Distribution Project at Kurnool, Guntur & Prakasam Districts",Oil & Gas,6,162.47,0.0,0.0,0.0,Low Risk,expenditure_ratio: reduces delay risk | physical_progress: reduces delay risk | agency_MinistryofPetroleumNaturalGas: reduces delay risk | ministry_Ministry of Petroleum & Natural Gas: reduces delay risk | sector_Oil & Gas: reduces delay risk,physical_progress: reduces cost-overrun risk | expenditure_ratio: reduces cost-overrun risk | sector_Oil & Gas: reduces cost-overrun risk | agency_MinistryofPetroleumNaturalGas: reduces cost-overrun risk | project_duration_days: increases cost-overrun risk
709770,City Gas Distribution Project at Pathankot District,Oil & Gas,2,8.77,0.005,0.0,0.25,Low Risk,physical_progress: reduces delay risk | expenditure_ratio: reduces delay risk | agency_MinistryofPetroleumNaturalGas: reduces delay risk | expenditure: reduces delay risk | ministry_Ministry of Petroleum & Natural Gas: reduces delay risk,expenditure_ratio: reduces cost-overrun risk | physical_progress: reduces cost-overrun risk | sector_Oil & Gas: reduces cost-overrun risk | agency_MinistryofPetroleumNaturalGas: reduces cost-overrun risk | expenditure: reduces cost-overrun risk
709791,City Gas Distribution Projects at Alipurduar and Cooch Behar,Oil & Gas,32,176.15,0.005,0.0,0.25,Low Risk,expenditure_ratio: reduces delay risk | physical_progress: reduces delay risk | ministry_Ministry of Petroleum & Natural Gas: reduces delay risk | expenditure: reduces delay risk | sector_Oil & Gas: reduces delay risk,agency_Bharat Petroleum Corporation Limited [BPCL]: reduces cost-overrun risk | expenditure_ratio: reduces cost-overrun risk | sector_Oil & Gas: reduces cost-overrun risk | physical_progress: reduces cost-overrun risk | sector_Water Resources: reduces cost-overrun risk
709792,"City Gas Distribution Projects at Darbhanga, Madhubani, Supaul, Sitamarhi and Sheohar districts",Oil & Gas,21,396.42,0.01,0.0,0.5,Low Risk,expenditure_ratio: reduces delay risk | physical_progress: reduces delay risk | ministry_Ministry of Petroleum & Natural Gas: reduces delay risk | sector_Oil & Gas: reduces delay risk | agency_Bharat Petroleum Corporation Limited [BPCL]: reduces delay risk,agency_Bharat Petroleum Corporation Limited [BPCL]: reduces cost-overrun risk | expenditure_ratio: reduces cost-overrun risk | sector_Oil & Gas: reduces cost-overrun risk | physical_progress: reduces cost-overrun risk | project_duration_days: increases cost-overrun risk
709794,"City Gas Distribution Projects at Fazilka [except area already authorized], Ganganagar and Hanumangarh districts",Oil & Gas,22,334.82,0.005,0.0,0.25,Low Risk,expenditure_ratio: reduces delay risk | physical_progress: reduces delay risk | ministry_Ministry of Petroleum & Natural Gas: reduces delay risk | sector_Oil & Gas: reduces delay risk | agency_Bharat Petroleum Corporation Limited [BPCL]: reduces delay risk,agency_Bharat Petroleum Corporation Limited [BPCL]: reduces cost-overrun risk | expenditure_ratio: reduces cost-overrun risk | sector_Oil & Gas: reduces cost-overrun risk | physical_progress: reduces cost-overrun risk | project_duration_days: increases cost-overrun risk
709793,"City Gas Distribution Projects at Gopalganj, Siwan, West Champaran, East Champaran and Deoria districts",Oil & Gas,14,392.59,0.005,0.0,0.25,Low Risk,expenditure_ratio: reduces delay risk | physical_progress: reduces delay risk | sector_Oil & Gas: reduces delay risk | ministry_Ministry of Petroleum & Natural Gas: reduces delay risk | agency_Bharat Petroleum Corporation Limited [BPCL]: reduces delay risk,agency_Bharat Petroleum Corporation Limited [BPCL]: reduces cost-overrun risk | expenditure_ratio: reduces cost-overrun risk | sector_Oil & Gas: reduces cost-overrun risk | physical_progress: reduces cost-overrun risk | project_duration_days: increases cost-overrun risk
709795,"City Gas Distribution Projects at Lakhimpur Kheri , Sitapur, Bahraich, Shravasti,Balrampur, Siddharth Nagar & Maharajganj districts",Oil & Gas,9,603.21,0.02,0.0,1.0,Low Risk,expenditure_ratio: reduces delay risk | physical_progress: reduces delay risk | ministry_Ministry of Petroleum & Natural Gas: reduces delay risk | sector_Oil & Gas: reduces delay risk | agency_Bharat Petroleum Corporation Limited [BPCL]: reduces delay risk,agency_Bharat Petroleum Corporation Limited [BPCL]: reduces cost-overrun risk | expenditure_ratio: reduces cost-overrun risk | physical_progress: reduces cost-overrun risk | sector_Oil & Gas: reduces cost-overrun risk | project_duration_days: increases cost-overrun risk
709796,City Gas Distribution Projects at the Nilgiris and Erode districts,Oil & Gas,11,234.12,0.005,0.0,0.25,Low Risk,expenditure_ratio: reduces delay risk | physical_progress: reduces delay risk | ministry_Ministry of Petroleum & Natural Gas: reduces delay risk | sector_Oil & Gas: reduces delay risk | expenditure: reduces delay risk,agency_Bharat Petroleum Corporation Limited [BPCL]: reduces cost-overrun risk | expenditure_ratio: reduces cost-overrun risk | physical_progress: reduces cost-overrun risk | sector_Oil & Gas: reduces cost-overrun risk | project_duration_days: increases cost-overrun risk
709838,Commercial Polymer Flooding Project in Bechraji field,Oil & Gas,21,137.71,0.57,0.63,60.0,Medium Risk,agency_Oil and Natural Gas Corporation Limited [ONGC]: increases delay risk | physical_progress: reduces delay risk | expenditure_ratio: reduces delay risk | ministry_Ministry of Petroleum & Natural Gas: reduces delay risk | original_cost: increases delay risk,agency_Oil and Natural Gas Corporation Limited [ONGC]: increases cost-overrun risk | expenditure_ratio: reduces cost-overrun risk | physical_progress: reduces cost-overrun risk | ministry_Ministry of Railways: increases cost-overrun risk | sector_Railways: increases cost-overrun risk
709780,Construction of Additional Tankages and Allied Facilities at JNPT Terminal,Oil & Gas,50,279.19,0.085,1.0,54.25,Medium Risk,agency_MinistryofPetroleumNaturalGas: reduces delay risk | physical_progress: reduces delay risk | expenditure_ratio: increases delay risk | sector_Oil & Gas: reduces delay risk | ministry_Ministry of Petroleum & Natural Gas: reduces delay risk,expenditure_ratio: increases cost-overrun risk | physical_progress: increases cost-overrun risk | agency_MinistryofPetroleumNaturalGas: increases cost-overrun risk | sector_Railways: increases cost-overrun risk | ministry_Ministry of Railways: increases cost-overrun risk
616858,"Construction of Field Gas Gathering Station at Baghjan area for collection, processing & transportation of natural Gas to be produced from Baghjan Field",Oil & Gas,85,326.12,0.82,0.0,41.0,Medium Risk,expenditure_ratio: increases delay risk | physical_progress: increases delay risk | ministry_Ministry of Petroleum & Natural Gas: reduces delay risk | sector_Oil & Gas: reduces delay risk | ministry_Ministry of Railways: increases delay risk,expenditure: reduces cost-overrun risk | expenditure_ratio: reduces cost-overrun risk | original_cost: reduces cost-overrun risk | physical_progress: reduces cost-overrun risk | agency_Ministry of Petroleum & Natural Gas: reduces cost-overrun risk
610985,Construction of lube oil blending plant at Rasayani,Oil & Gas,78,287.49,0.66,1.0,83.0,High Risk,expenditure_ratio: increases delay risk | physical_progress: increases delay risk | ministry_Ministry of Petroleum & Natural Gas: reduces delay risk | sector_Oil & Gas: reduces delay risk | project_duration_months: increases delay risk,physical_progress: increases cost-overrun risk | original_cost: increases cost-overrun risk | ministry_Ministry of Railways: increases cost-overrun risk | agency_Ministry of Petroleum & Natural Gas: increases cost-overrun risk | sector_Railways: increases cost-overrun risk
709837,"Creation of Gas Dehydration Facilities, Tripura Asset",Oil & Gas,62,65.97,0.685,0.795,74.0,High Risk,agency_Oil and Natural Gas Corporation Limited [ONGC]: increases delay risk | original_cost: increases delay risk | physical_progress: increases delay risk | ministry_Ministry of Railways: increases delay risk | project_duration_months: increases delay risk,agency_Oil and Natural Gas Corporation Limited [ONGC]: increases cost-overrun risk | physical_progress: increases cost-overrun risk | ministry_Ministry of Railways: increases cost-overrun risk | sector_Railways: increases cost-overrun risk | expenditure: reduces cost-overrun risk
709800,"CUF POL Depot at Sadashibpur [Meramundali], Odisha",Oil & Gas,43,100.39,0.005,0.0,0.25,Low Risk,expenditure_ratio: reduces delay risk | agency_MinistryofPetroleumNaturalGas: reduces delay risk | physical_progress: reduces delay risk | expenditure: reduces delay risk | ministry_Ministry of Petroleum & Natural Gas: reduces delay risk,expenditure_ratio: reduces cost-overrun risk | physical_progress: reduces cost-overrun risk | sector_Oil & Gas: reduces cost-overrun risk | agency_MinistryofPetroleumNaturalGas: reduces cost-overrun risk | expenditure: reduces cost-overrun risk
709839,Daman Upside Development Project,Oil & Gas,83,3770.15,0.51,1.0,75.5,High Risk,physical_progress: increases delay risk | expenditure_ratio: increases delay risk | agency_Oil and Natural Gas Corporation Limited [ONGC]: reduces delay risk | sector_Oil & Gas: reduces delay risk | ministry_Ministry of Petroleum & Natural Gas: reduces delay risk,expenditure: increases cost-overrun risk | agency_Oil and Natural Gas Corporation Limited [ONGC]: increases cost-overrun risk | expenditure_ratio: increases cost-overrun risk | original_cost: increases cost-overrun risk | physical_progress: increases cost-overrun risk
709864,DCU Revamp Project,Oil & Gas,57,249.41,0.685,0.415,55.00000000000001,Medium Risk,expenditure_ratio: increases delay risk | agency_NRL: increases delay risk | ministry_Ministry of Petroleum & Natural Gas: reduces delay risk | sector_Oil & Gas: reduces delay risk | project_duration_months: increases delay risk,agency_NRL: reduces cost-overrun risk | physical_progress: increases cost-overrun risk | sector_Oil & Gas: reduces cost-overrun risk | sector_Railways: increases cost-overrun risk | ministry_Ministry of Railways: increases cost-overrun risk
400158,Debottlenecking and Augmentation of Cryogenic facilities at Uran LPG Import Terminal,Oil & Gas,84,901.73,0.84,1.0,92.0,High Risk,physical_progress: increases delay risk | expenditure_ratio: increases delay risk | expenditure: increases delay risk | ministry_Ministry of Petroleum & Natural Gas: reduces delay risk | sector_Oil & Gas: reduces delay risk,"agency_Department of Water Resources, River Development & GR: increases cost-overrun risk | physical_progress: increases cost-overrun risk | sector_Railways: increases cost-overrun risk | ministry_Ministry of Railways: increases cost-overrun risk | expenditure_ratio: increases cost-overrun risk"
616879,Demo Bio-ATF Project,Oil & Gas,10,22.82,0.075,0.0,3.75,Low Risk,expenditure_ratio: reduces delay risk | physical_progress: reduces delay risk | expenditure: reduces delay risk | ministry_Ministry of Petroleum & Natural Gas: reduces delay risk | sector_Oil & Gas: reduces delay risk,physical_progress: reduces cost-overrun risk | expenditure_ratio: reduces cost-overrun risk | sector_Oil & Gas: reduces cost-overrun risk | expenditure: reduces cost-overrun risk | project_duration_days: increases cost-overrun risk
610984,Development of Jharia CBM Block [Phase-1],Oil & Gas,58,211.34,0.68,0.895,78.75000000000001,High Risk,expenditure_ratio: increases delay risk | agency_Oil and Natural Gas Corporation Limited [ONGC]: increases delay risk | ministry_Ministry of Petroleum & Natural Gas: reduces delay risk | original_cost: increases delay risk | sector_Oil & Gas: reduces delay risk,agency_Oil and Natural Gas Corporation Limited [ONGC]: increases cost-overrun risk | physical_progress: increases cost-overrun risk | ministry_Ministry of Railways: increases cost-overrun risk | sector_Railways: increases cost-overrun risk | agency_Bharat Petroleum Corporation Limited [BPCL]: increases cost-overrun risk
604863,Development of Surface Facilities for production and evacuation of Crude Oil and Natural Gas from Nadua and East Khagorija,Oil & Gas,94,488.37,0.84,0.3,56.99999999999999,Medium Risk,physical_progress: increases delay risk | expenditure_ratio: increases delay risk | ministry_Ministry of Petroleum & Natural Gas: reduces delay risk | sector_Oil & Gas: reduces delay risk | project_duration_months: increases delay risk,expenditure_ratio: reduces cost-overrun risk | expenditure: reduces cost-overrun risk | physical_progress: increases cost-overrun risk | original_cost: reduces cost-overrun risk | sector_Water Resources: reduces cost-overrun risk
701344,Dhamra Haldia Pipeline Project,Oil & Gas,87,853.7,0.815,1.0,90.75,High Risk,physical_progress: increases delay risk | expenditure_ratio: increases delay risk | expenditure: increases delay risk | sector_Oil & Gas: reduces delay risk | ministry_Ministry of Petroleum & Natural Gas: reduces delay risk,physical_progress: increases cost-overrun risk | expenditure_ratio: increases cost-overrun risk | original_cost: increases cost-overrun risk | expenditure: increases cost-overrun risk | sector_Oil & Gas: increases cost-overrun risk
617302,Durgapur - Haldia Pipeline [Section-3B of JHBDPL Project],Oil & Gas,90,2237.5,0.955,1.0,97.75,High Risk,physical_progress: increases delay risk | expenditure_ratio: increases delay risk | expenditure: increases delay risk | sector_Oil & Gas: reduces delay risk | project_duration_months: increases delay risk,expenditure_ratio: increases cost-overrun risk | physical_progress: increases cost-overrun risk | expenditure: increases cost-overrun risk | original_cost: increases cost-overrun risk | ministry_Ministry of Railways: increases cost-overrun risk
709798,Ethylene Cracker Project at Bina Refinery including downstream Petrochemical Plants and expansion of Refinery,Oil & Gas,13,1788.6,0.11,0.0,5.5,Low Risk,physical_progress: reduces delay risk | expenditure_ratio: reduces delay risk | agency_MinistryofPetroleumNaturalGas: reduces delay risk | expenditure: increases delay risk | sector_Oil & Gas: reduces delay risk,expenditure_ratio: reduces cost-overrun risk | physical_progress: reduces cost-overrun risk | sector_Oil & Gas: reduces cost-overrun risk | original_cost: reduces cost-overrun risk | agency_MinistryofPetroleumNaturalGas: reduces cost-overrun risk
612853,Gurdaspur Jammu Pipeline,Oil & Gas,36,190.1,0.15,0.33,24.0,Low Risk,physical_progress: reduces delay risk | ministry_Ministry of Petroleum & Natural Gas: reduces delay risk | expenditure_ratio: reduces delay risk | sector_Oil & Gas: reduces delay risk | expenditure: reduces delay risk,expenditure_ratio: reduces cost-overrun risk | physical_progress: reduces cost-overrun risk | agency_Gas Authority of India Limited [GAIL]: increases cost-overrun risk | sector_Oil & Gas: reduces cost-overrun risk | sector_Railways: increases cost-overrun risk
607701,"Guwahati Refinery Expansion [1.0 to 1.2 MMTPA] along with installation of CRU, Guwahati Refinery",Oil & Gas,84,430.83,0.785,0.59,68.75,Medium Risk,expenditure_ratio: increases delay risk | physical_progress: increases delay risk | ministry_Ministry of Petroleum & Natural Gas: reduces delay risk | sector_Oil & Gas: reduces delay risk | project_duration_months: increases delay risk,expenditure_ratio: increases cost-overrun risk | expenditure: reduces cost-overrun risk | physical_progress: increases cost-overrun risk | sector_Railways: increases cost-overrun risk | ministry_Ministry of Railways: increases cost-overrun risk
709753,Haldia Panagarh Pipeline Project,Oil & Gas,81,627.12,0.085,0.0,4.25,Low Risk,agency_Hindustan Petroleum Corporation Limited: reduces delay risk | ministry_Ministry of Petroleum & Natural Gas: reduces delay risk | sector_Oil & Gas: reduces delay risk | physical_progress: increases delay risk | original_cost: reduces delay risk,agency_Hindustan Petroleum Corporation Limited: reduces cost-overrun risk | expenditure_ratio: reduces cost-overrun risk | sector_Oil & Gas: reduces cost-overrun risk | agency_Ministry of Petroleum & Natural Gas: reduces cost-overrun risk | expenditure: reduces cost-overrun risk
709760,HP TDAE Unit in Mumbai Refinery,Oil & Gas,37,34.4,0.07,0.0,3.5000000000000004,Low Risk,expenditure_ratio: reduces delay risk | physical_progress: reduces delay risk | ministry_Ministry of Petroleum & Natural Gas: reduces delay risk | expenditure: reduces delay risk | agency_Hindustan Petroleum Corporation Limited: reduces delay risk,expenditure_ratio: reduces cost-overrun risk | physical_progress: reduces cost-overrun risk | sector_Oil & Gas: reduces cost-overrun risk | expenditure: reduces cost-overrun risk | agency_Hindustan Petroleum Corporation Limited: reduces cost-overrun risk
709761,HP Trijet Unit in Visakh Refinery,Oil & Gas,23,0.43,0.02,0.045,3.25,Low Risk,expenditure_ratio: reduces delay risk | physical_progress: reduces delay risk | ministry_Ministry of Petroleum & Natural Gas: reduces delay risk | expenditure: reduces delay risk | agency_Hindustan Petroleum Corporation Limited: reduces delay risk,expenditure_ratio: reduces cost-overrun risk | sector_Oil & Gas: reduces cost-overrun risk | physical_progress: reduces cost-overrun risk | project_duration_days: increases cost-overrun risk | agency_Hindustan Petroleum Corporation Limited: reduces cost-overrun risk
709752,HP-COAT [Crude to Olefins and Aromatics Technology] demo unit at Visakh Refinery,Oil & Gas,64,77.06,0.33,1.0,66.5,Medium Risk,agency_Hindustan Petroleum Corporation Limited: reduces delay risk | expenditure: reduces delay risk | ministry_Ministry of Petroleum & Natural Gas: reduces delay risk | sector_Oil & Gas: reduces delay risk | expenditure_ratio: increases delay risk,physical_progress: increases cost-overrun risk | agency_Hindustan Petroleum Corporation Limited: increases cost-overrun risk | ministry_Ministry of Railways: increases cost-overrun risk | original_cost: increases cost-overrun risk | sector_Railways: increases cost-overrun risk
604853,"Indian Oil Technology Development and Deployment Centre at R&D Campus-II, Faridabad",Oil & Gas,63,1800.61,0.84,1.0,92.0,High Risk,expenditure_ratio: increases delay risk | expenditure: increases delay risk | sector_Oil & Gas: reduces delay risk | ministry_Ministry of Petroleum & Natural Gas: reduces delay risk | project_duration_months: increases delay risk,physical_progress: increases cost-overrun risk | expenditure: increases cost-overrun risk | original_cost: increases cost-overrun risk | expenditure_ratio: increases cost-overrun risk | sector_Railways: increases cost-overrun risk
709777,Installation of Bitumen Manufacturing Unit along with allied facilities at Barauni Refinery,Oil & Gas,37,46.94,0.025,0.08,5.250000000000001,Low Risk,expenditure_ratio: reduces delay risk | agency_MinistryofPetroleumNaturalGas: reduces delay risk | physical_progress: reduces delay risk | ministry_Ministry of Petroleum & Natural Gas: reduces delay risk | expenditure: reduces delay risk,expenditure_ratio: reduces cost-overrun risk | physical_progress: reduces cost-overrun risk | sector_Oil & Gas: reduces cost-overrun risk | agency_MinistryofPetroleumNaturalGas: reduces cost-overrun risk | expenditure: reduces cost-overrun risk
709789,Installation of Independent De- Aromatized Solvents [DAS] production facilities at MR,Oil & Gas,84,201.28,0.575,0.0,28.75,Low Risk,physical_progress: increases delay risk | ministry_Ministry of Petroleum & Natural Gas: reduces delay risk | sector_Oil & Gas: reduces delay risk | expenditure_ratio: increases delay risk | agency_Bharat Petroleum Corporation Limited [BPCL]: reduces delay risk,agency_Bharat Petroleum Corporation Limited [BPCL]: reduces cost-overrun risk | expenditure_ratio: reduces cost-overrun risk | sector_Oil & Gas: reduces cost-overrun risk | agency_Ministry of Petroleum & Natural Gas: reduces cost-overrun risk | sector_Water Resources: reduces cost-overrun risk
709783,"Installation of Multiple Effect Evaporator [MEE] for ETP-1, 2 & 4 of Panipat Refinery and Petrochemical Complex.",Oil & Gas,70,129.27,0.375,1.0,68.75,Medium Risk,expenditure_ratio: increases delay risk | agency_MinistryofPetroleumNaturalGas: reduces delay risk | physical_progress: increases delay risk | sector_Oil & Gas: reduces delay risk | ministry_Ministry of Petroleum & Natural Gas: reduces delay risk,physical_progress: increases cost-overrun risk | expenditure_ratio: increases cost-overrun risk | agency_MinistryofPetroleumNaturalGas: increases cost-overrun risk | sector_Railways: increases cost-overrun risk | ministry_Ministry of Railways: increases cost-overrun risk
709778,Installation of new Biturox Unit along with allied facilities at Gujarat Refinery,Oil & Gas,55,144.16,0.565,0.0,28.25,Low Risk,expenditure_ratio: increases delay risk | agency_MinistryofPetroleumNaturalGas: reduces delay risk | ministry_Ministry of Petroleum & Natural Gas: reduces delay risk | original_cost: increases delay risk | sector_Oil & Gas: reduces delay risk,expenditure_ratio: reduces cost-overrun risk | agency_MinistryofPetroleumNaturalGas: reduces cost-overrun risk | expenditure: reduces cost-overrun risk | sector_Oil & Gas: reduces cost-overrun risk | physical_progress: reduces cost-overrun risk
709851,Integrated Development of 4 Contract Areas under DSF-II,Oil & Gas,17,360.0,0.095,0.0,4.75,Low Risk,physical_progress: reduces delay risk | expenditure_ratio: reduces delay risk | ministry_Ministry of Petroleum & Natural Gas: reduces delay risk | sector_Oil & Gas: reduces delay risk | original_cost: increases delay risk,expenditure_ratio: reduces cost-overrun risk | physical_progress: reduces cost-overrun risk | sector_Oil & Gas: reduces cost-overrun risk | original_cost: reduces cost-overrun risk | project_duration_months: increases cost-overrun risk
604859,Integrated Para Xylene [PX] and Purified Terephthalic Acid [PTA] Project at Paradip Refinery,Oil & Gas,90,8250.46,0.85,0.0,42.5,Medium Risk,physical_progress: increases delay risk | expenditure: increases delay risk | original_cost: increases delay risk | sector_Oil & Gas: reduces delay risk | ministry_Ministry of Petroleum & Natural Gas: reduces delay risk,expenditure_ratio: reduces cost-overrun risk | original_cost: reduces cost-overrun risk | expenditure: reduces cost-overrun risk | sector_Oil & Gas: reduces cost-overrun risk | agency_Ministry of Petroleum & Natural Gas: reduces cost-overrun risk
709842,"Kalol Redevelopment Project, Ahmedabad Asset",Oil & Gas,61,776.61,0.16,1.0,57.99999999999999,Medium Risk,sector_Oil & Gas: reduces delay risk | ministry_Ministry of Petroleum & Natural Gas: reduces delay risk | physical_progress: reduces delay risk | original_cost: reduces delay risk | agency_Oil and Natural Gas Corporation Limited [ONGC]: reduces delay risk,physical_progress: increases cost-overrun risk | agency_Oil and Natural Gas Corporation Limited [ONGC]: increases cost-overrun risk | ministry_Ministry of Railways: increases cost-overrun risk | sector_Railways: increases cost-overrun risk | expenditure: increases cost-overrun risk
400120,KG-DWN-98/2 Cluster - II Development Project - NELP Block,Oil & Gas,96,35498.3,0.785,0.69,73.75,High Risk,physical_progress: increases delay risk | expenditure_ratio: increases delay risk | expenditure: increases delay risk | original_cost: increases delay risk | agency_Oil and Natural Gas Corporation Limited [ONGC]: reduces delay risk,expenditure: increases cost-overrun risk | expenditure_ratio: increases cost-overrun risk | sector_Railways: increases cost-overrun risk | ministry_Ministry of Railways: increases cost-overrun risk | physical_progress: increases cost-overrun risk
701228,Kochi - Koottanad - Bangalore - Mangalore Pipeline Phase-II,Oil & Gas,94,4431.9,0.97,1.0,98.5,High Risk,physical_progress: increases delay risk | expenditure_ratio: increases delay risk | expenditure: increases delay risk | sector_Oil & Gas: reduces delay risk | original_cost: increases delay risk,expenditure_ratio: increases cost-overrun risk | physical_progress: increases cost-overrun risk | expenditure: increases cost-overrun risk | original_cost: increases cost-overrun risk | agency_Ministry of Petroleum & Natural Gas: increases cost-overrun risk
709785,Laying of Natural Gas Pipeline from Hazaribagh to Ranchi [HRPL],Oil & Gas,45,55.46,0.02,0.345,18.25,Low Risk,agency_MinistryofPetroleumNaturalGas: reduces delay risk | physical_progress: reduces delay risk | expenditure_ratio: reduces delay risk | expenditure: reduces delay risk | ministry_Ministry of Petroleum & Natural Gas: reduces delay risk,expenditure_ratio: reduces cost-overrun risk | physical_progress: reduces cost-overrun risk | sector_Oil & Gas: reduces cost-overrun risk | original_cost: increases cost-overrun risk | ministry_Ministry of Railways: increases cost-overrun risk
709750,Laying of new 28 inch Desal Water Pipeline and 10 inch Reject Water Pipeline between CPCL Manali Refinery and CPCL Desalination plant at Ennore,Oil & Gas,39,19.86,0.575,0.0,28.75,Low Risk,agency_Chennai Petroleum Corporation Limited [CPCL]: increases delay risk | expenditure_ratio: reduces delay risk | physical_progress: reduces delay risk | original_cost: increases delay risk | ministry_Ministry of Petroleum & Natural Gas: reduces delay risk,expenditure_ratio: reduces cost-overrun risk | physical_progress: reduces cost-overrun risk | sector_Oil & Gas: reduces cost-overrun risk | agency_Chennai Petroleum Corporation Limited [CPCL]: reduces cost-overrun risk | expenditure: reduces cost-overrun risk
400119,Life Extension of 48 well platforms of Mumbai High & Heera Fields,Oil & Gas,89,3074.01,0.555,0.6,57.75,Medium Risk,physical_progress: increases delay risk | agency_Oil and Natural Gas Corporation Limited [ONGC]: reduces delay risk | expenditure_ratio: increases delay risk | sector_Oil & Gas: reduces delay risk | ministry_Ministry of Petroleum & Natural Gas: reduces delay risk,expenditure: increases cost-overrun risk | expenditure_ratio: increases cost-overrun risk | original_cost: increases cost-overrun risk | ministry_Ministry of Railways: increases cost-overrun risk | agency_Bharat Petroleum Corporation Limited [BPCL]: increases cost-overrun risk
616933,Lube Modernization & Bottom Upgradation Project at Mumbai Refinery,Oil & Gas,4,188.88,0.055,0.0,2.75,Low Risk,expenditure_ratio: reduces delay risk | physical_progress: reduces delay risk | sector_Oil & Gas: reduces delay risk | ministry_Ministry of Petroleum & Natural Gas: reduces delay risk | expenditure: reduces delay risk,physical_progress: reduces cost-overrun risk | expenditure_ratio: reduces cost-overrun risk | sector_Oil & Gas: reduces cost-overrun risk | project_duration_days: increases cost-overrun risk | sector_Water Resources: reduces cost-overrun risk
701330,Mehsana-Bhatinda & Bhatinda-Jammu Natural Gas Pipeline,Oil & Gas,90,6304.0,0.95,0.0,47.5,Medium Risk,physical_progress: increases delay risk | expenditure_ratio: increases delay risk | expenditure: increases delay risk | original_cost: increases delay risk | sector_Oil & Gas: reduces delay risk,original_cost: reduces cost-overrun risk | expenditure: reduces cost-overrun risk | physical_progress: reduces cost-overrun risk | agency_Ministry of Petroleum & Natural Gas: reduces cost-overrun risk | sector_Oil & Gas: reduces cost-overrun risk
709848,MHN TCPP PGC BGC Project [MTPBP],Oil & Gas,48,820.24,0.245,1.0,62.25000000000001,Medium Risk,physical_progress: reduces delay risk | expenditure_ratio: reduces delay risk | expenditure: increases delay risk | ministry_Ministry of Petroleum & Natural Gas: reduces delay risk | sector_Oil & Gas: reduces delay risk,physical_progress: increases cost-overrun risk | agency_Ministry of Petroleum & Natural Gas: increases cost-overrun risk | original_cost: increases cost-overrun risk | expenditure: increases cost-overrun risk | sector_Railways: increases cost-overrun risk
701341,Multi-product Pipeline from Krishnapatnam Coastal Installation to the proposed Installation at Hyderabad [Malkapur],Oil & Gas,98,1552.37,0.95,1.0,97.5,High Risk,physical_progress: increases delay risk | expenditure_ratio: increases delay risk | expenditure: increases delay risk | sector_Oil & Gas: reduces delay risk | ministry_Ministry of Petroleum & Natural Gas: reduces delay risk,physical_progress: increases cost-overrun risk | expenditure_ratio: increases cost-overrun risk | expenditure: increases cost-overrun risk | original_cost: increases cost-overrun risk | sector_Oil & Gas: increases cost-overrun risk
701354,Mumbai Nagpur Jharsuguda Pipeline Project,Oil & Gas,95,6495.6,0.96,1.0,98.0,High Risk,physical_progress: increases delay risk | expenditure_ratio: increases delay risk | expenditure: increases delay risk | original_cost: increases delay risk | sector_Oil & Gas: reduces delay risk,physical_progress: increases cost-overrun risk | expenditure_ratio: increases cost-overrun risk | expenditure: increases cost-overrun risk | original_cost: increases cost-overrun risk | sector_Railways: increases cost-overrun risk
701346,North East Gas Grid,Oil & Gas,85,6375.02,0.935,0.0,46.75,Medium Risk,physical_progress: increases delay risk | expenditure: increases delay risk | expenditure_ratio: increases delay risk | original_cost: increases delay risk | sector_Oil & Gas: reduces delay risk,expenditure_ratio: reduces cost-overrun risk | original_cost: reduces cost-overrun risk | expenditure: reduces cost-overrun risk | sector_Oil & Gas: reduces cost-overrun risk | agency_Ministry of Petroleum & Natural Gas: reduces cost-overrun risk
604791,Numaligarh Refinery Expansion Project,Oil & Gas,75,16502.4,0.94,1.0,97.0,High Risk,expenditure: increases delay risk | expenditure_ratio: increases delay risk | physical_progress: increases delay risk | original_cost: increases delay risk | sector_Oil & Gas: reduces delay risk,expenditure_ratio: increases cost-overrun risk | physical_progress: increases cost-overrun risk | expenditure: increases cost-overrun risk | sector_Railways: increases cost-overrun risk | ministry_Ministry of Railways: increases cost-overrun risk
709841,Old Pipe Line Replacement [OPRP] Group-A,Oil & Gas,87,148.0,0.825,0.0,41.25,Medium Risk,physical_progress: increases delay risk | expenditure_ratio: increases delay risk | sector_Oil & Gas: reduces delay risk | ministry_Ministry of Petroleum & Natural Gas: reduces delay risk | ministry_Ministry of Railways: increases delay risk,expenditure: reduces cost-overrun risk | physical_progress: reduces cost-overrun risk | original_cost: reduces cost-overrun risk | agency_Oil and Natural Gas Corporation Limited [ONGC]: reduces cost-overrun risk | sector_Oil & Gas: reduces cost-overrun risk
709846,Part Replacement Pipeline Project [PRPP],Oil & Gas,90,745.24,0.675,0.0,33.75,Low Risk,physical_progress: increases delay risk | expenditure_ratio: increases delay risk | sector_Oil & Gas: reduces delay risk | ministry_Ministry of Petroleum & Natural Gas: reduces delay risk | project_duration_days: increases delay risk,expenditure_ratio: reduces cost-overrun risk | physical_progress: reduces cost-overrun risk | original_cost: reduces cost-overrun risk | agency_Oil and Natural Gas Corporation Limited [ONGC]: reduces cost-overrun risk | expenditure: reduces cost-overrun risk
701329,Petrochemical and Lube Integration Project at Gujarat Refinery,Oil & Gas,83,12190.1,0.88,0.0,44.0,Medium Risk,expenditure: increases delay risk | physical_progress: increases delay risk | original_cost: increases delay risk | expenditure_ratio: increases delay risk | sector_Oil & Gas: reduces delay risk,expenditure_ratio: reduces cost-overrun risk | original_cost: reduces cost-overrun risk | sector_Oil & Gas: reduces cost-overrun risk | agency_Ministry of Petroleum & Natural Gas: reduces cost-overrun risk | expenditure: reduces cost-overrun risk
709847,Pipeline Network Project Rudrasagar,Oil & Gas,46,210.89,0.075,0.4,23.75,Low Risk,physical_progress: reduces delay risk | sector_Oil & Gas: reduces delay risk | ministry_Ministry of Petroleum & Natural Gas: reduces delay risk | expenditure: reduces delay risk | project_duration_months: increases delay risk,expenditure_ratio: reduces cost-overrun risk | sector_Oil & Gas: reduces cost-overrun risk | ministry_Ministry of Railways: increases cost-overrun risk | sector_Railways: increases cost-overrun risk | agency_Bharat Petroleum Corporation Limited [BPCL]: increases cost-overrun risk
709797,POL & LOBS Installations with Receipt Pipelines at Rasayani,Oil & Gas,58,564.58,0.01,0.0,0.5,Low Risk,expenditure_ratio: reduces delay risk | ministry_Ministry of Petroleum & Natural Gas: reduces delay risk | sector_Oil & Gas: reduces delay risk | agency_Bharat Petroleum Corporation Limited [BPCL]: reduces delay risk | physical_progress: reduces delay risk,agency_Bharat Petroleum Corporation Limited [BPCL]: reduces cost-overrun risk | expenditure_ratio: reduces cost-overrun risk | sector_Oil & Gas: reduces cost-overrun risk | agency_Ministry of Petroleum & Natural Gas: reduces cost-overrun risk | physical_progress: increases cost-overrun risk
611917,Poly Butadiene Rubber plant at Panipat,Oil & Gas,70,1043.9,0.805,1.0,90.25,High Risk,expenditure_ratio: increases delay risk | physical_progress: increases delay risk | expenditure: increases delay risk | ministry_Ministry of Petroleum & Natural Gas: reduces delay risk | project_duration_months: increases delay risk,physical_progress: increases cost-overrun risk | expenditure: increases cost-overrun risk | sector_Railways: increases cost-overrun risk | ministry_Ministry of Railways: increases cost-overrun risk | original_cost: increases cost-overrun risk
709865,Power Recovery Turbine [PRT] in PFCCU unit as an Energy Conservation Scheme,Oil & Gas,93,97.22,0.495,0.0,24.75,Low Risk,physical_progress: increases delay risk | expenditure_ratio: reduces delay risk | expenditure: reduces delay risk | ministry_Ministry of Petroleum & Natural Gas: reduces delay risk | sector_Oil & Gas: reduces delay risk,expenditure_ratio: reduces cost-overrun risk | agency_NRL: reduces cost-overrun risk | sector_Oil & Gas: reduces cost-overrun risk | expenditure: reduces cost-overrun risk | sector_Water Resources: reduces cost-overrun risk
612790,Power System Upgradation Project,Oil & Gas,63,132.73,0.08,0.445,26.25,Low Risk,expenditure_ratio: reduces delay risk | ministry_Ministry of Petroleum & Natural Gas: reduces delay risk | sector_Oil & Gas: reduces delay risk | expenditure: reduces delay risk | agency_Mangalore Refinary and Petrochemicals Limited: reduces delay risk,expenditure_ratio: reduces cost-overrun risk | physical_progress: increases cost-overrun risk | sector_Railways: increases cost-overrun risk | ministry_Ministry of Railways: increases cost-overrun risk | expenditure: reduces cost-overrun risk
400161,"PP Project, Pata",Oil & Gas,97,1004.0,0.78,1.0,89.0,High Risk,physical_progress: increases delay risk | expenditure_ratio: increases delay risk | sector_Oil & Gas: reduces delay risk | expenditure: increases delay risk | ministry_Ministry of Petroleum & Natural Gas: reduces delay risk,expenditure_ratio: increases cost-overrun risk | agency_Gas Authority of India Limited [GAIL]: increases cost-overrun risk | physical_progress: increases cost-overrun risk | ministry_Ministry of Railways: increases cost-overrun risk | sector_Railways: increases cost-overrun risk
616950,PRP-VIII [Group-A],Oil & Gas,17,184.56,0.08,1.0,54.0,Medium Risk,expenditure_ratio: reduces delay risk | physical_progress: reduces delay risk | ministry_Ministry of Petroleum & Natural Gas: reduces delay risk | sector_Oil & Gas: reduces delay risk | expenditure: reduces delay risk,project_duration_days: increases cost-overrun risk | project_duration_months: increases cost-overrun risk | progress_per_month: increases cost-overrun risk | agency_Ministry of Petroleum & Natural Gas: increases cost-overrun risk | expenditure_ratio: reduces cost-overrun risk
709849,PRP-VIII Group B [NH & BS Asset],Oil & Gas,61,1652.62,0.62,1.0,81.0,High Risk,expenditure_ratio: increases delay risk | expenditure: increases delay risk | sector_Oil & Gas: reduces delay risk | ministry_Ministry of Petroleum & Natural Gas: reduces delay risk | project_duration_months: increases delay risk,physical_progress: increases cost-overrun risk | expenditure: increases cost-overrun risk | original_cost: increases cost-overrun risk | sector_Railways: increases cost-overrun risk | ministry_Ministry of Railways: increases cost-overrun risk
400169,Redevelopment of Linch Field,Oil & Gas,77,505.07,0.69,1.0,84.5,High Risk,expenditure_ratio: increases delay risk | physical_progress: increases delay risk | sector_Oil & Gas: reduces delay risk | ministry_Ministry of Petroleum & Natural Gas: reduces delay risk | project_duration_months: increases delay risk,agency_Oil and Natural Gas Corporation Limited [ONGC]: increases cost-overrun risk | physical_progress: increases cost-overrun risk | expenditure_ratio: increases cost-overrun risk | sector_Railways: increases cost-overrun risk | ministry_Ministry of Railways: increases cost-overrun risk
400167,Redevelopment of Santhal Field [Onshore-Mehsana Asset],Oil & Gas,94,1156.9,0.125,0.0,6.25,Low Risk,agency_Oil and Natural Gas Corporation Limited [ONGC]: reduces delay risk | sector_Oil & Gas: reduces delay risk | ministry_Ministry of Petroleum & Natural Gas: reduces delay risk | physical_progress: increases delay risk | original_cost: reduces delay risk,agency_Oil and Natural Gas Corporation Limited [ONGC]: reduces cost-overrun risk | physical_progress: reduces cost-overrun risk | original_cost: reduces cost-overrun risk | expenditure: reduces cost-overrun risk | agency_Ministry of Petroleum & Natural Gas: reduces cost-overrun risk
400087,Redevelopment of Sobhasan Complex,Oil & Gas,73,765.43,0.12,1.0,56.00000000000001,Medium Risk,sector_Oil & Gas: reduces delay risk | ministry_Ministry of Petroleum & Natural Gas: reduces delay risk | agency_Oil and Natural Gas Corporation Limited [ONGC]: reduces delay risk | original_cost: reduces delay risk | expenditure_ratio: increases delay risk,physical_progress: increases cost-overrun risk | agency_Oil and Natural Gas Corporation Limited [ONGC]: increases cost-overrun risk | expenditure_ratio: increases cost-overrun risk | ministry_Ministry of Railways: increases cost-overrun risk | sector_Railways: increases cost-overrun risk
709790,Replacement and Extension of Jetty Pipelines [REJP] at KR,Oil & Gas,83,192.66,0.08,0.0,4.0,Low Risk,expenditure_ratio: reduces delay risk | expenditure: reduces delay risk | sector_Oil & Gas: reduces delay risk | ministry_Ministry of Petroleum & Natural Gas: reduces delay risk | agency_Bharat Petroleum Corporation Limited [BPCL]: reduces delay risk,agency_Bharat Petroleum Corporation Limited [BPCL]: reduces cost-overrun risk | expenditure_ratio: reduces cost-overrun risk | sector_Oil & Gas: reduces cost-overrun risk | agency_Ministry of Petroleum & Natural Gas: reduces cost-overrun risk | sector_Water Resources: reduces cost-overrun risk
709840,"Restoration of Gas Terminal, Phase-I [Part-A], Hazira",Oil & Gas,93,209.42,0.74,1.0,87.0,High Risk,physical_progress: increases delay risk | expenditure_ratio: increases delay risk | sector_Oil & Gas: reduces delay risk | ministry_Ministry of Petroleum & Natural Gas: reduces delay risk | ministry_Ministry of Railways: increases delay risk,expenditure_ratio: increases cost-overrun risk | physical_progress: increases cost-overrun risk | agency_Oil and Natural Gas Corporation Limited [ONGC]: increases cost-overrun risk | original_cost: increases cost-overrun risk | expenditure: increases cost-overrun risk
709781,Revamping / Augmentation of Facilities at Mathura Bitumen Plant,Oil & Gas,25,1.11,0.0,0.095,4.75,Low Risk,expenditure_ratio: reduces delay risk | physical_progress: reduces delay risk | agency_MinistryofPetroleumNaturalGas: reduces delay risk | ministry_Ministry of Petroleum & Natural Gas: reduces delay risk | expenditure: reduces delay risk,expenditure_ratio: reduces cost-overrun risk | sector_Oil & Gas: reduces cost-overrun risk | physical_progress: reduces cost-overrun risk | expenditure: reduces cost-overrun risk | ministry_Ministry of Petroleum & Natural Gas: reduces cost-overrun risk
709845,"Revamping of SV Stations, Gas Terminal & Kribhco Terminal",Oil & Gas,49,205.78,0.095,1.0,54.75,Medium Risk,expenditure_ratio: reduces delay risk | physical_progress: reduces delay risk | ministry_Ministry of Petroleum & Natural Gas: reduces delay risk | sector_Oil & Gas: reduces delay risk | expenditure: reduces delay risk,agency_Oil and Natural Gas Corporation Limited [ONGC]: increases cost-overrun risk | physical_progress: increases cost-overrun risk | ministry_Ministry of Railways: increases cost-overrun risk | sector_Railways: increases cost-overrun risk | expenditure_ratio: reduces cost-overrun risk
709774,Revamping/ Augmentation of facilities at existing port terminal at Mangalore,Oil & Gas,82,264.44,0.085,1.0,54.25,Medium Risk,ministry_Ministry of Petroleum & Natural Gas: reduces delay risk | expenditure: reduces delay risk | sector_Oil & Gas: reduces delay risk | physical_progress: increases delay risk | expenditure_ratio: reduces delay risk,physical_progress: increases cost-overrun risk | agency_Ministry of Petroleum & Natural Gas: increases cost-overrun risk | original_cost: increases cost-overrun risk | expenditure: increases cost-overrun risk | ministry_Ministry of Railways: increases cost-overrun risk
617304,"Setting up of LPG Plant with Rail Unloading Facility at Hathua, Dist. Gopalganj, Bihar",Oil & Gas,24,88.08,0.0,1.0,50.0,Medium Risk,physical_progress: reduces delay risk | agency_MinistryofPetroleumNaturalGas: reduces delay risk | expenditure_ratio: reduces delay risk | expenditure: reduces delay risk | ministry_Ministry of Petroleum & Natural Gas: reduces delay risk,agency_MinistryofPetroleumNaturalGas: increases cost-overrun risk | physical_progress: increases cost-overrun risk | original_cost: increases cost-overrun risk | expenditure: increases cost-overrun risk | expenditure_ratio: increases cost-overrun risk
709799,Setting up Polypropylene Unit at Kochi Refinery,Oil & Gas,12,255.64,0.015,0.0,0.75,Low Risk,physical_progress: reduces delay risk | expenditure_ratio: reduces delay risk | agency_MinistryofPetroleumNaturalGas: reduces delay risk | sector_Oil & Gas: reduces delay risk | ministry_Ministry of Petroleum & Natural Gas: reduces delay risk,expenditure_ratio: reduces cost-overrun risk | physical_progress: reduces cost-overrun risk | sector_Oil & Gas: reduces cost-overrun risk | agency_MinistryofPetroleumNaturalGas: reduces cost-overrun risk | project_duration_days: increases cost-overrun risk
701350,Upgradation of Facilities of Numaligarh-Siliguri Product Pipeline [NSPL] for transportation of additional products from existing 1.72 MMTPA to 5.5 MMTPA,Oil & Gas,98,566.18,0.66,0.0,33.0,Low Risk,physical_progress: increases delay risk | expenditure_ratio: increases delay risk | sector_Oil & Gas: reduces delay risk | ministry_Ministry of Petroleum & Natural Gas: reduces delay risk | project_duration_days: increases delay risk,expenditure_ratio: reduces cost-overrun risk | expenditure: reduces cost-overrun risk | physical_progress: reduces cost-overrun risk | original_cost: reduces cost-overrun risk | agency_Ministry of Petroleum & Natural Gas: reduces cost-overrun risk
616254,Visakh Raipur Pipeline Project,Oil & Gas,7,11.52,0.01,0.0,0.5,Low Risk,physical_progress: reduces delay risk | expenditure_ratio: reduces delay risk | expenditure: reduces delay risk | ministry_Ministry of Petroleum & Natural Gas: reduces delay risk | sector_Oil & Gas: reduces delay risk,physical_progress: reduces cost-overrun risk | expenditure_ratio: reduces cost-overrun risk | sector_Oil & Gas: reduces cost-overrun risk | project_duration_days: increases cost-overrun risk | sector_Water Resources: reduces cost-overrun risk
709819,3RD AND 4TH LINE - SARAGBUNDIA AND MADWARANI,Railways,0,0.0,0.515,0.4627329192546587,48.88664596273294,Medium Risk,physical_progress: reduces delay risk | ministry_Ministry of Railways: reduces delay risk | expenditure_ratio: reduces delay risk | original_cost: increases delay risk | project_duration_days: increases delay risk,agency_SECR: increases cost-overrun risk | expenditure_ratio: reduces cost-overrun risk | physical_progress: reduces cost-overrun risk | original_cost: reduces cost-overrun risk | expenditure: reduces cost-overrun risk
705498,3rd Line Kalyan - Kasara [67.35 Kilometres],Railways,50,894.16,0.015,1.0,50.74999999999999,Medium Risk,physical_progress: reduces delay risk | progress_per_month: reduces delay risk | project_duration_months: reduces delay risk | agency_Central Railway [CR] - II: reduces delay risk | ministry_Ministry of Railways: reduces delay risk,expenditure_ratio: increases cost-overrun risk | agency_Central Railway [CR] - II: increases cost-overrun risk | physical_progress: increases cost-overrun risk | original_cost: increases cost-overrun risk | project_duration_months: increases cost-overrun risk
705506,3rd Line Manmad - Jalgaon [160 Kilometres],Railways,97,1692.0,0.8,1.0,90.0,High Risk,physical_progress: increases delay risk | expenditure_ratio: increases delay risk | progress_per_month: increases delay risk | expenditure: increases delay risk | agency_Central Railway [CR] - II: reduces delay risk,expenditure_ratio: increases cost-overrun risk | physical_progress: increases cost-overrun risk | agency_Central Railway [CR] - II: increases cost-overrun risk | progress_per_month: increases cost-overrun risk | project_duration_days: increases cost-overrun risk
705502,3rd Line Wardha - Ballarshah [132 Kilometres],Railways,77,1102.48,0.675,0.0,33.75,Low Risk,physical_progress: increases delay risk | expenditure_ratio: increases delay risk | agency_Central Railway [CR] - II: reduces delay risk | expenditure: increases delay risk | ministry_Ministry of Railways: reduces delay risk,sector_Railways: reduces cost-overrun risk | ministry_Ministry of Railways: reduces cost-overrun risk | expenditure_ratio: reduces cost-overrun risk | physical_progress: reduces cost-overrun risk | progress_per_month: reduces cost-overrun risk
705500,3rd Line Wardha - Sewagram - Nagpur,Railways,80,724.75,0.055,0.785,42.00000000000001,Medium Risk,project_duration_months: reduces delay risk | agency_Central Railway [CR] - II: reduces delay risk | ministry_Ministry of Railways: reduces delay risk | project_duration_days: reduces delay risk | physical_progress: increases delay risk,expenditure_ratio: increases cost-overrun risk | agency_Central Railway [CR] - II: increases cost-overrun risk | original_cost: increases cost-overrun risk | sector_Railways: reduces cost-overrun risk | ministry_Ministry of Railways: reduces cost-overrun risk
709815,4TH LINE - BHATAPARA-HATHBAND [8.8 KM] [PB-72/NR/2022-23],Railways,0,0.0,0.515,0.4627329192546587,48.88664596273294,Medium Risk,physical_progress: reduces delay risk | ministry_Ministry of Railways: reduces delay risk | expenditure_ratio: reduces delay risk | original_cost: increases delay risk | project_duration_days: increases delay risk,agency_SECR: increases cost-overrun risk | expenditure_ratio: reduces cost-overrun risk | physical_progress: reduces cost-overrun risk | original_cost: reduces cost-overrun risk | expenditure: reduces cost-overrun risk
709816,4TH LINE - BHILAI-BHILAI NAGAR [8.8 KM] [PB-72/NR/2022-23],Railways,2,0.76,0.07,1.0,53.5,Medium Risk,expenditure_ratio: reduces delay risk | physical_progress: reduces delay risk | expenditure: reduces delay risk | ministry_Ministry of Railways: reduces delay risk | project_duration_days: increases delay risk,agency_SECR: increases cost-overrun risk | physical_progress: increases cost-overrun risk | sector_Oil & Gas: increases cost-overrun risk | expenditure: increases cost-overrun risk | progress_per_month: reduces cost-overrun risk
709817,4TH LINE - DADHAPARA-BELHA [9.2 KM] [PB-72/NR/2022-23],Railways,4,10.13,0.005,1.0,50.24999999999999,Medium Risk,expenditure_ratio: reduces delay risk | physical_progress: reduces delay risk | expenditure: reduces delay risk | ministry_Ministry of Railways: reduces delay risk | original_cost: reduces delay risk,agency_SECR: increases cost-overrun risk | expenditure_ratio: reduces cost-overrun risk | original_cost: increases cost-overrun risk | sector_Oil & Gas: increases cost-overrun risk | physical_progress: increases cost-overrun risk
612072,4th LINE BETWEEN BAREJADI NANDEJ-SANAND-AHMEDABAD BYPASS,Railways,16,132.63,0.005,0.0,0.25,Low Risk,expenditure_ratio: reduces delay risk | physical_progress: reduces delay risk | progress_per_month: reduces delay risk | expenditure: reduces delay risk | ministry_Ministry of Railways: reduces delay risk,agency_Western Railway: reduces cost-overrun risk | expenditure_ratio: reduces cost-overrun risk | physical_progress: reduces cost-overrun risk | sector_Railways: reduces cost-overrun risk | ministry_Ministry of Railways: reduces cost-overrun risk
709818,4TH LINE RAJNANDGAON-DONGARHGARH [31.2 KM] [PB-72/NR/2022-23],Railways,25,48.02,0.02,1.0,51.0,Medium Risk,expenditure_ratio: reduces delay risk | physical_progress: reduces delay risk | expenditure: reduces delay risk | ministry_Ministry of Railways: reduces delay risk | project_duration_months: increases delay risk,agency_SECR: increases cost-overrun risk | expenditure_ratio: reduces cost-overrun risk | physical_progress: increases cost-overrun risk | sector_Oil & Gas: increases cost-overrun risk | progress_per_month: reduces cost-overrun risk
705505,4th Line Wardha - Nagpur [78.7 Kilometres],Railways,80,969.0,0.565,1.0,78.25,High Risk,physical_progress: increases delay risk | agency_Central Railway [CR] - II: reduces delay risk | expenditure_ratio: increases delay risk | ministry_Ministry of Railways: reduces delay risk | progress_per_month: increases delay risk,expenditure_ratio: increases cost-overrun risk | agency_Central Railway [CR] - II: increases cost-overrun risk | physical_progress: increases cost-overrun risk | original_cost: increases cost-overrun risk | progress_per_month: increases cost-overrun risk
611937,Adraj Moti Vijapur 40 Kms,Railways,86,223.0,0.04,0.0,2.0,Low Risk,agency_Western Railway [WR] - II: reduces delay risk | ministry_Ministry of Railways: reduces delay risk | expenditure: reduces delay risk | sector_Railways: reduces delay risk | project_duration_months: reduces delay risk,expenditure_ratio: reduces cost-overrun risk | physical_progress: reduces cost-overrun risk | ministry_Ministry of Railways: reduces cost-overrun risk | agency_Western Railway [WR] - II: reduces cost-overrun risk | sector_Railways: reduces cost-overrun risk
705919,Agra Fort-Bandikui Doubling Line Project,Railways,25,123.0,0.065,0.0,3.25,Low Risk,expenditure_ratio: reduces delay risk | physical_progress: reduces delay risk | progress_per_month: reduces delay risk | expenditure: reduces delay risk | ministry_Ministry of Railways: reduces delay risk,expenditure_ratio: reduces cost-overrun risk | physical_progress: reduces cost-overrun risk | ministry_Ministry of Railways: reduces cost-overrun risk | sector_Railways: reduces cost-overrun risk | agency_SECR: reduces cost-overrun risk
705356,Ahmednagar - Beed - Parli - Vaijnath New Broad Gauge Line Railway Project [261.3 km],Railways,92,4725.34,0.11,1.0,55.50000000000001,Medium Risk,progress_per_month: reduces delay risk | project_duration_months: reduces delay risk | agency_Central Railways: reduces delay risk | project_duration_days: reduces delay risk | physical_progress: increases delay risk,expenditure_ratio: increases cost-overrun risk | physical_progress: increases cost-overrun risk | agency_Central Railways: increases cost-overrun risk | expenditure: increases cost-overrun risk | agency_RVNL - II: increases cost-overrun risk
705774,Aligarh -Daud Khan Flyover Construction & 3rd Railway Line Project,Railways,55,315.37,0.755,1.0,87.75,High Risk,project_duration_months: increases delay risk | progress_per_month: increases delay risk | project_duration_days: increases delay risk | agency_CAO/C/NCR: increases delay risk | ministry_Ministry of Railways: reduces delay risk,agency_CAO/C/NCR: increases cost-overrun risk | physical_progress: increases cost-overrun risk | progress_per_month: increases cost-overrun risk | original_cost: increases cost-overrun risk | project_duration_months: increases cost-overrun risk
705918,Allahabad division - Aligarh - Harduaganj Flyover,Railways,8,50.0,0.615,0.0,30.75,Low Risk,agency_North Central Railway: increases delay risk | expenditure_ratio: reduces delay risk | physical_progress: reduces delay risk | progress_per_month: reduces delay risk | project_duration_months: increases delay risk,agency_North Central Railway: reduces cost-overrun risk | expenditure_ratio: reduces cost-overrun risk | physical_progress: reduces cost-overrun risk | ministry_Ministry of Railways: reduces cost-overrun risk | sector_Railways: reduces cost-overrun risk
705368,Araria Supaul New BG Line,Railways,33,1311.39,0.71,1.0,85.5,High Risk,physical_progress: reduces delay risk | expenditure_ratio: increases delay risk | expenditure: increases delay risk | project_duration_months: increases delay risk | project_duration_days: increases delay risk,agency_East Central Railway [ECR] - II: increases cost-overrun risk | expenditure_ratio: increases cost-overrun risk | physical_progress: increases cost-overrun risk | expenditure: increases cost-overrun risk | project_duration_days: increases cost-overrun risk
705495,Bagalkot-Kudachi New Railway Line [142 km],Railways,35,670.74,0.135,0.2,16.75,Low Risk,physical_progress: reduces delay risk | ministry_Ministry of Railways: reduces delay risk | progress_per_month: reduces delay risk | expenditure: reduces delay risk | agency_South Western Railway [SWR] - II: reduces delay risk,expenditure_ratio: reduces cost-overrun risk | ministry_Ministry of Railways: reduces cost-overrun risk | sector_Railways: reduces cost-overrun risk | physical_progress: reduces cost-overrun risk | expenditure: reduces cost-overrun risk
705767,Baghuapal Flyover Construction Project,Railways,0,0.83,0.1,0.1673136645962732,13.365683229813662,Low Risk,physical_progress: reduces delay risk | expenditure_ratio: reduces delay risk | progress_per_month: reduces delay risk | expenditure: reduces delay risk | project_duration_months: reduces delay risk,expenditure_ratio: reduces cost-overrun risk | physical_progress: reduces cost-overrun risk | agency_CAO/C/ECoR: reduces cost-overrun risk | ministry_Ministry of Railways: reduces cost-overrun risk | original_cost: increases cost-overrun risk
705863,Bahraich - Nanpara - Nepalganj Road Gauge Conversion,Railways,86,507.02,0.72,0.605,66.25,Medium Risk,physical_progress: increases delay risk | progress_per_month: increases delay risk | ministry_Ministry of Railways: reduces delay risk | agency_North Eastern Railway [NER]: increases delay risk | sector_Railways: reduces delay risk,agency_North Eastern Railway [NER]: increases cost-overrun risk | expenditure_ratio: reduces cost-overrun risk | physical_progress: increases cost-overrun risk | progress_per_month: increases cost-overrun risk | ministry_Ministry of Railways: reduces cost-overrun risk
400204,Bahraich-Shravasti-Balrampur-Siddharthnagar -Santkabir nagar,Railways,8,1217.13,0.55,0.0,27.500000000000004,Low Risk,physical_progress: reduces delay risk | original_cost: increases delay risk | progress_per_month: reduces delay risk | expenditure: increases delay risk | agency_North Eastern Railway [NER]: increases delay risk,physical_progress: reduces cost-overrun risk | expenditure_ratio: reduces cost-overrun risk | ministry_Ministry of Railways: reduces cost-overrun risk | sector_Railways: reduces cost-overrun risk | progress_per_month: reduces cost-overrun risk
703586,Baiyyappanahalli - Hosur Doubling Project [48 km],Railways,97,595.0,0.89,0.0,44.5,Medium Risk,physical_progress: increases delay risk | expenditure_ratio: increases delay risk | progress_per_month: increases delay risk | project_duration_months: increases delay risk | ministry_Ministry of Railways: reduces delay risk,agency_Karnataka Rail Infrastructure Development Company Limited [K-RIDE]: reduces cost-overrun risk | sector_Railways: reduces cost-overrun risk | ministry_Ministry of Railways: reduces cost-overrun risk | expenditure_ratio: increases cost-overrun risk | physical_progress: reduces cost-overrun risk
705782,Barabanki-Malhaur 3rd & 4th Railway Line Project,Railways,75,317.0,0.855,0.0,42.75,Medium Risk,physical_progress: increases delay risk | expenditure_ratio: increases delay risk | progress_per_month: increases delay risk | ministry_Ministry of Railways: reduces delay risk | agency_CAO/C/NR: increases delay risk,agency_CAO/C/NR: reduces cost-overrun risk | sector_Railways: reduces cost-overrun risk | ministry_Ministry of Railways: reduces cost-overrun risk | expenditure_ratio: reduces cost-overrun risk | physical_progress: reduces cost-overrun risk
705357,Baramati Lonand New Line Project,Railways,50,712.0,0.02,1.0,51.0,Medium Risk,physical_progress: reduces delay risk | progress_per_month: reduces delay risk | agency_Central Railway [CR] - II: reduces delay risk | project_duration_months: reduces delay risk | ministry_Ministry of Railways: reduces delay risk,expenditure_ratio: increases cost-overrun risk | agency_Central Railway [CR] - II: increases cost-overrun risk | physical_progress: increases cost-overrun risk | original_cost: increases cost-overrun risk | project_duration_months: increases cost-overrun risk
706835,Belgaum-Dharwad via Kittur [73.10Km],Railways,0,0.75,0.295,0.195,24.5,Low Risk,progress_per_month: reduces delay risk | physical_progress: reduces delay risk | expenditure_ratio: reduces delay risk | expenditure: reduces delay risk | original_cost: increases delay risk,expenditure_ratio: reduces cost-overrun risk | physical_progress: reduces cost-overrun risk | original_cost: reduces cost-overrun risk | agency_South Western Railway [SWR] - II: reduces cost-overrun risk | agency_SECR: reduces cost-overrun risk
705510,Bhadrak-Nergundi Third Line,Railways,80,1298.0,0.865,0.0017717003567181,43.338585017835904,Medium Risk,physical_progress: increases delay risk | expenditure: increases delay risk | expenditure_ratio: increases delay risk | progress_per_month: increases delay risk | ministry_Ministry of Railways: reduces delay risk,agency_East Coast Railway [ECoR] - II: reduces cost-overrun risk | sector_Railways: reduces cost-overrun risk | ministry_Ministry of Railways: reduces cost-overrun risk | project_duration_days: reduces cost-overrun risk | expenditure: reduces cost-overrun risk
705777,Bhandai Flyover Construction Project,Railways,15,118.0,0.695,0.37,53.25,Medium Risk,expenditure_ratio: increases delay risk | agency_CAO/C/NCR: increases delay risk | physical_progress: reduces delay risk | project_duration_months: increases delay risk | project_duration_days: increases delay risk,agency_CAO/C/NCR: increases cost-overrun risk | physical_progress: reduces cost-overrun risk | expenditure_ratio: reduces cost-overrun risk | progress_per_month: reduces cost-overrun risk | ministry_Ministry of Railways: reduces cost-overrun risk
705428,Bhanupalli-Bilaspur-Beri New Railway Line Project,Railways,59,6391.15,0.825,0.0,41.25,Medium Risk,expenditure: increases delay risk | original_cost: increases delay risk | expenditure_ratio: increases delay risk | progress_per_month: reduces delay risk | project_duration_days: increases delay risk,agency_RVNL - II: reduces cost-overrun risk | expenditure_ratio: reduces cost-overrun risk | sector_Railways: reduces cost-overrun risk | ministry_Ministry of Railways: reduces cost-overrun risk | original_cost: reduces cost-overrun risk
705780,Bhatni-Aurnihar with electrification excluding Indara-Mau,Railways,94,2051.69,0.95,1.0,97.5,High Risk,physical_progress: increases delay risk | expenditure_ratio: increases delay risk | expenditure: increases delay risk | progress_per_month: increases delay risk | ministry_Ministry of Railways: reduces delay risk,physical_progress: increases cost-overrun risk | progress_per_month: increases cost-overrun risk | expenditure: increases cost-overrun risk | original_cost: increases cost-overrun risk | project_duration_days: increases cost-overrun risk
611884,Bhiwani - Dobh Bahali Doubling Project [42.30 Km],Railways,57,187.33,0.26,0.0,13.0,Low Risk,agency_North Western Railway [NWR]: reduces delay risk | progress_per_month: increases delay risk | ministry_Ministry of Railways: reduces delay risk | expenditure: reduces delay risk | sector_Railways: reduces delay risk,expenditure_ratio: reduces cost-overrun risk | agency_North Western Railway [NWR]: reduces cost-overrun risk | ministry_Ministry of Railways: reduces cost-overrun risk | sector_Railways: reduces cost-overrun risk | physical_progress: reduces cost-overrun risk
706854,Boridand - Ambikapur Doubling Line Project,Railways,18,218.0,0.105,1.0,55.25,Medium Risk,physical_progress: reduces delay risk | expenditure_ratio: reduces delay risk | progress_per_month: reduces delay risk | expenditure: reduces delay risk | project_duration_months: reduces delay risk,agency_South East Central Railway [SECR] - II: increases cost-overrun risk | sector_Oil & Gas: increases cost-overrun risk | physical_progress: increases cost-overrun risk | expenditure_ratio: reduces cost-overrun risk | agency_East Coast Railway [ECoR] - II: increases cost-overrun risk
400232,Brundamal-Jharsuguda- flyover connection for joining downline,Railways,30,193.22,0.065,0.0017717003567181,3.3385850178359098,Low Risk,physical_progress: reduces delay risk | progress_per_month: reduces delay risk | project_duration_months: reduces delay risk | expenditure: reduces delay risk | ministry_Ministry of Railways: reduces delay risk,agency_East Coast Railway [ECoR] - II: reduces cost-overrun risk | physical_progress: reduces cost-overrun risk | ministry_Ministry of Railways: reduces cost-overrun risk | sector_Railways: reduces cost-overrun risk | expenditure_ratio: reduces cost-overrun risk
705567,Burhwal Gonda 3rd line,Railways,70,1113.75,0.92,0.71,81.5,High Risk,physical_progress: increases delay risk | expenditure_ratio: increases delay risk | expenditure: increases delay risk | progress_per_month: increases delay risk | project_duration_months: increases delay risk,expenditure_ratio: increases cost-overrun risk | agency_North Eastern Railway [NER]: increases cost-overrun risk | physical_progress: increases cost-overrun risk | ministry_Ministry of Railways: reduces cost-overrun risk | sector_Railways: reduces cost-overrun risk
705424,Chandigarh-Baddi New Rail Line- 36 km,Railways,31,506.73,0.055,0.0,2.75,Low Risk,physical_progress: reduces delay risk | progress_per_month: reduces delay risk | expenditure_ratio: reduces delay risk | project_duration_months: reduces delay risk | ministry_Ministry of Railways: reduces delay risk,expenditure_ratio: reduces cost-overrun risk | agency_Northen Railway [NR]: reduces cost-overrun risk | ministry_Ministry of Railways: reduces cost-overrun risk | sector_Railways: reduces cost-overrun risk | physical_progress: reduces cost-overrun risk
705562,Chhapra-Ballia Patch Doubling,Railways,95,906.0,0.91,1.0,95.5,High Risk,physical_progress: increases delay risk | expenditure_ratio: increases delay risk | expenditure: increases delay risk | agency_North Eastern Railway [NER]: increases delay risk | progress_per_month: increases delay risk,agency_North Eastern Railway [NER]: increases cost-overrun risk | physical_progress: increases cost-overrun risk | expenditure_ratio: increases cost-overrun risk | project_duration_days: increases cost-overrun risk | project_duration_months: increases cost-overrun risk
705454,Chhota Udaipur - Dhar New Line Project [157 km],Railways,80,1800.85,0.11,0.0,5.5,Low Risk,agency_Western Railway [WR] - II: reduces delay risk | progress_per_month: reduces delay risk | ministry_Ministry of Railways: reduces delay risk | project_duration_months: reduces delay risk | physical_progress: increases delay risk,agency_Western Railway [WR] - II: reduces cost-overrun risk | physical_progress: reduces cost-overrun risk | sector_Railways: reduces cost-overrun risk | ministry_Ministry of Railways: reduces cost-overrun risk | project_duration_days: reduces cost-overrun risk
705756,Chirimiri-Nagpur Halt New Railway Line Project,Railways,0,71.0,0.21,1.0,60.5,Medium Risk,physical_progress: reduces delay risk | progress_per_month: reduces delay risk | expenditure: reduces delay risk | ministry_Ministry of Railways: reduces delay risk | expenditure_ratio: reduces delay risk,agency_South East Central Railway [SECR] - II: increases cost-overrun risk | sector_Oil & Gas: increases cost-overrun risk | expenditure_ratio: reduces cost-overrun risk | physical_progress: increases cost-overrun risk | original_cost: increases cost-overrun risk
612096,Construction of Balurghat-Hilli new BG Line,Railways,9,405.31,0.065,0.285,17.5,Low Risk,physical_progress: reduces delay risk | progress_per_month: reduces delay risk | expenditure_ratio: reduces delay risk | ministry_Ministry of Railways: reduces delay risk | expenditure: reduces delay risk,expenditure_ratio: reduces cost-overrun risk | physical_progress: reduces cost-overrun risk | agency_Northeast Frontier Railway [NFR]: increases cost-overrun risk | ministry_Ministry of Railways: reduces cost-overrun risk | sector_Railways: reduces cost-overrun risk
400023,Construction of New BG line between Hassan to Belur [27 Km],Railways,0,0.0,0.085,0.0,4.25,Low Risk,physical_progress: reduces delay risk | progress_per_month: reduces delay risk | project_duration_days: reduces delay risk | project_duration_months: reduces delay risk | expenditure_ratio: reduces delay risk,expenditure_ratio: reduces cost-overrun risk | physical_progress: reduces cost-overrun risk | project_duration_months: reduces cost-overrun risk | agency_South Western Railway [SWR] - II: reduces cost-overrun risk | project_duration_days: reduces cost-overrun risk
705433,Dallirajhra- Rowghat New Railway Line - Phase I [95 km],Railways,82,1440.85,0.845,0.0,42.25,Medium Risk,physical_progress: increases delay risk | expenditure_ratio: increases delay risk | expenditure: increases delay risk | ministry_Ministry of Railways: reduces delay risk | agency_Western Railway [WR] - II: increases delay risk,agency_RVNL - II: reduces cost-overrun risk | sector_Railways: reduces cost-overrun risk | ministry_Ministry of Railways: reduces cost-overrun risk | physical_progress: reduces cost-overrun risk | project_duration_months: reduces cost-overrun risk
611614,Dedicated Test Track for RDSO Phase II,Railways,86,471.0,0.12,1.0,56.00000000000001,Medium Risk,agency_North Western Railway [NWR]: reduces delay risk | ministry_Ministry of Railways: reduces delay risk | physical_progress: increases delay risk | sector_Railways: reduces delay risk | expenditure: reduces delay risk,physical_progress: increases cost-overrun risk | progress_per_month: increases cost-overrun risk | agency_North Western Railway [NWR]: increases cost-overrun risk | original_cost: increases cost-overrun risk | project_duration_days: increases cost-overrun risk
611849,Devgarh Madariya - Nathdwara Gauge Conversion [82.54 Km] part of Marwar - Mavli Gauge Conversion [152 Km],Railways,45,411.0,0.07,0.205,13.750000000000002,Low Risk,agency_North Western Railway [NWR]: reduces delay risk | physical_progress: reduces delay risk | ministry_Ministry of Railways: reduces delay risk | expenditure: reduces delay risk | sector_Railways: reduces delay risk,expenditure_ratio: reduces cost-overrun risk | agency_North Western Railway [NWR]: reduces cost-overrun risk | ministry_Ministry of Railways: reduces cost-overrun risk | sector_Railways: reduces cost-overrun risk | physical_progress: reduces cost-overrun risk
705482,Dholpur - Sirmuttra Gauge Conversion,Railways,39,392.0,0.835,0.065,44.99999999999999,Medium Risk,agency_North Central Railway: increases delay risk | project_duration_months: increases delay risk | project_duration_days: increases delay risk | expenditure_ratio: increases delay risk | physical_progress: reduces delay risk,agency_North Central Railway: reduces cost-overrun risk | expenditure_ratio: reduces cost-overrun risk | ministry_Ministry of Railways: reduces cost-overrun risk | sector_Railways: reduces cost-overrun risk | project_duration_months: increases cost-overrun risk
400019,DHULE [BORVIHIR] - NARDANA NEW LINE [50.60 KMS],Railways,9,234.48,0.615,1.0,80.75,High Risk,agency_CR: increases delay risk | expenditure_ratio: increases delay risk | physical_progress: reduces delay risk | progress_per_month: reduces delay risk | ministry_Ministry of Petroleum & Natural Gas: increases delay risk,agency_CR: increases cost-overrun risk | physical_progress: increases cost-overrun risk | sector_Oil & Gas: increases cost-overrun risk | project_duration_months: increases cost-overrun risk | agency_East Coast Railway [ECoR] - II: increases cost-overrun risk
705392,Dimapur [Dhansiri]-Sukhobi Kohima [Zubza] NL [82.5 Km],Railways,79,5202.29,0.74,0.0,37.0,Low Risk,physical_progress: increases delay risk | expenditure: increases delay risk | expenditure_ratio: increases delay risk | original_cost: increases delay risk | ministry_Ministry of Railways: reduces delay risk,sector_Railways: reduces cost-overrun risk | expenditure_ratio: reduces cost-overrun risk | ministry_Ministry of Railways: reduces cost-overrun risk | original_cost: reduces cost-overrun risk | physical_progress: reduces cost-overrun risk
705566,Domingarh-Gorakhpur-Gorakhpur Cantt.-Kusumhi - 3rd Railway Line Project,Railways,98,494.0,0.655,1.0,82.75,High Risk,physical_progress: increases delay risk | expenditure_ratio: increases delay risk | progress_per_month: increases delay risk | ministry_Ministry of Railways: reduces delay risk | original_cost: reduces delay risk,expenditure_ratio: increases cost-overrun risk | agency_North Eastern Railway [NER]: increases cost-overrun risk | physical_progress: increases cost-overrun risk | original_cost: increases cost-overrun risk | agency_RVNL - II: increases cost-overrun risk
705504,Doubling of Daund Manmad Line [247.6 km],Railways,88,2769.0,0.12,1.0,56.00000000000001,Medium Risk,agency_Central Railway [CR] - II: reduces delay risk | ministry_Ministry of Railways: reduces delay risk | project_duration_months: reduces delay risk | project_duration_days: reduces delay risk | sector_Railways: reduces delay risk,expenditure_ratio: increases cost-overrun risk | agency_Central Railway [CR] - II: increases cost-overrun risk | physical_progress: increases cost-overrun risk | expenditure: increases cost-overrun risk | progress_per_month: increases cost-overrun risk
705628,Doubling of Hatia [Ranchi]-Bondamunda Rail Line - 159 km,Railways,85,2458.15,0.9,0.0,45.0,Medium Risk,physical_progress: increases delay risk | expenditure_ratio: increases delay risk | expenditure: increases delay risk | progress_per_month: increases delay risk | ministry_Ministry of Railways: reduces delay risk,agency_South Eastern Railway - JH: reduces cost-overrun risk | sector_Railways: reduces cost-overrun risk | ministry_Ministry of Railways: reduces cost-overrun risk | expenditure_ratio: reduces cost-overrun risk | physical_progress: reduces cost-overrun risk
705660,Doubling of Katni - Singrauli Railway Line [261 km],Railways,100,3122.0,0.86,1.0,93.0,High Risk,physical_progress: increases delay risk | expenditure: increases delay risk | expenditure_ratio: increases delay risk | agency_Indian Railway Construction International Limited [IRCON]: increases delay risk | progress_per_month: increases delay risk,expenditure_ratio: increases cost-overrun risk | physical_progress: increases cost-overrun risk | expenditure: increases cost-overrun risk | agency_Indian Railway Construction International Limited [IRCON]: increases cost-overrun risk | project_duration_days: increases cost-overrun risk
400291,Doubling of Kirandul-Jagdalpur Line [150 km],Railways,92,1541.7,0.965,0.9917717003567182,97.83858501783592,High Risk,physical_progress: increases delay risk | expenditure_ratio: increases delay risk | expenditure: increases delay risk | progress_per_month: increases delay risk | project_duration_months: increases delay risk,physical_progress: increases cost-overrun risk | expenditure_ratio: increases cost-overrun risk | progress_per_month: increases cost-overrun risk | expenditure: increases cost-overrun risk | project_duration_days: increases cost-overrun risk
705512,Doubling of Kottavalasa-Koraput Rail Line [189 KM],Railways,70,2033.31,0.98,0.3767717003567182,67.83858501783591,Medium Risk,expenditure_ratio: increases delay risk | physical_progress: increases delay risk | expenditure: increases delay risk | progress_per_month: increases delay risk | project_duration_months: increases delay risk,agency_East Coast Railway [ECoR] - II: reduces cost-overrun risk | expenditure: increases cost-overrun risk | sector_Railways: reduces cost-overrun risk | ministry_Ministry of Railways: reduces cost-overrun risk | physical_progress: increases cost-overrun risk
705572,Doubling of New Bonggigaon to Kamakhya via Goalpara - 176 km,Railways,93,3683.75,0.175,1.0,58.75,Medium Risk,agency_Northeast Frontier Railway [NFR]: reduces delay risk | project_duration_months: reduces delay risk | project_duration_days: reduces delay risk | ministry_Ministry of Railways: reduces delay risk | physical_progress: increases delay risk,physical_progress: increases cost-overrun risk | agency_Northeast Frontier Railway [NFR]: increases cost-overrun risk | expenditure_ratio: increases cost-overrun risk | expenditure: increases cost-overrun risk | progress_per_month: increases cost-overrun risk
400277,Dum Dum Airport-New Garia via Rajarhat-Construction of Metro Railway,Railways,80,8097.47,0.89,0.085,48.75,Medium Risk,expenditure: increases delay risk | physical_progress: increases delay risk | expenditure_ratio: increases delay risk | original_cost: increases delay risk | ministry_Ministry of Railways: reduces delay risk,agency_RVNL - II: reduces cost-overrun risk | sector_Railways: reduces cost-overrun risk | ministry_Ministry of Railways: reduces cost-overrun risk | expenditure: increases cost-overrun risk | progress_per_month: reduces cost-overrun risk
705639,Ernakulam-Kumbalam doubling project [7.71 Km],Railways,17,283.0,0.4,0.0,20.0,Low Risk,physical_progress: reduces delay risk | progress_per_month: reduces delay risk | expenditure_ratio: increases delay risk | ministry_Ministry of Railways: reduces delay risk | agency_SR-ERS: increases delay risk,expenditure_ratio: reduces cost-overrun risk | physical_progress: reduces cost-overrun risk | ministry_Ministry of Railways: reduces cost-overrun risk | sector_Railways: reduces cost-overrun risk | progress_per_month: reduces cost-overrun risk
705373,"Fatuha-Islampur incl. MM for extn.of NL from Neora to Daniawan , Daniawan to Biharsharif, Biharsharif to Barbigha , Barbigha to Shekhpura",Railways,91,2824.8,0.875,1.0,93.75,High Risk,physical_progress: increases delay risk | expenditure: increases delay risk | expenditure_ratio: increases delay risk | agency_East Central Railway [ECR] - II: increases delay risk | progress_per_month: reduces delay risk,expenditure_ratio: increases cost-overrun risk | physical_progress: increases cost-overrun risk | expenditure: increases cost-overrun risk | project_duration_days: increases cost-overrun risk | project_duration_months: increases cost-overrun risk
705490,Gadag-Wadi New Railway Line [257 km],Railways,30,1721.14,0.3,1.0,65.0,Medium Risk,physical_progress: reduces delay risk | progress_per_month: reduces delay risk | expenditure: increases delay risk | project_duration_months: reduces delay risk | ministry_Ministry of Railways: reduces delay risk,agency_South Western Railway [SWR] - II: increases cost-overrun risk | expenditure: increases cost-overrun risk | project_duration_months: increases cost-overrun risk | physical_progress: increases cost-overrun risk | original_cost: increases cost-overrun risk
709811,GANDHAMARDAN IRON ORE MINES TO GOALDIH STATION/12.76kms,Railways,0,0.0,0.085,0.0017717003567181,4.33858501783591,Low Risk,physical_progress: reduces delay risk | progress_per_month: reduces delay risk | expenditure_ratio: reduces delay risk | expenditure: reduces delay risk | ministry_Ministry of Railways: reduces delay risk,agency_East Coast Railway [ECoR] - II: reduces cost-overrun risk | expenditure_ratio: reduces cost-overrun risk | physical_progress: reduces cost-overrun risk | ministry_Ministry of Railways: reduces cost-overrun risk | sector_Railways: reduces cost-overrun risk
602792,Gauge Conversion of Kendri-Dhamtari including Abhanpur - Rajim Branch line 67.20 Kms - 2nd Material Modification to Raipur Titlagarh doubling.,Railways,82,848.0,0.895,0.0,44.75,Medium Risk,physical_progress: increases delay risk | expenditure_ratio: increases delay risk | expenditure: increases delay risk | progress_per_month: increases delay risk | project_duration_days: increases delay risk,expenditure_ratio: reduces cost-overrun risk | sector_Railways: reduces cost-overrun risk | physical_progress: reduces cost-overrun risk | ministry_Ministry of Railways: reduces cost-overrun risk | project_duration_months: reduces cost-overrun risk
705765,Gomoh - Flyover for DN trains,Railways,59,536.04,0.15,0.0,7.5,Low Risk,physical_progress: reduces delay risk | project_duration_days: reduces delay risk | expenditure_ratio: increases delay risk | project_duration_months: reduces delay risk | expenditure: reduces delay risk,ministry_Ministry of Railways: reduces cost-overrun risk | sector_Railways: reduces cost-overrun risk | agency_East Central Railway [ECR] - II: reduces cost-overrun risk | expenditure_ratio: reduces cost-overrun risk | physical_progress: reduces cost-overrun risk
611752,GOOTY-PENDEKALLU DOUBLING 29.225 Km,Railways,25,18.0,0.175,0.0,8.75,Low Risk,expenditure_ratio: reduces delay risk | physical_progress: reduces delay risk | expenditure: reduces delay risk | ministry_Ministry of Railways: reduces delay risk | sector_Railways: reduces delay risk,expenditure_ratio: reduces cost-overrun risk | physical_progress: reduces cost-overrun risk | sector_Railways: reduces cost-overrun risk | ministry_Ministry of Railways: reduces cost-overrun risk | agency_South Central Railway [SCR] - II: increases cost-overrun risk
705752,Gudha-Thatha Mithri Construction of Railway Track Project,Railways,98,471.0,0.495,0.555,52.5,Medium Risk,physical_progress: increases delay risk | agency_North Western Railway [NWR]: reduces delay risk | progress_per_month: increases delay risk | ministry_Ministry of Railways: reduces delay risk | sector_Railways: reduces delay risk,physical_progress: increases cost-overrun risk | expenditure_ratio: reduces cost-overrun risk | agency_North Western Railway [NWR]: increases cost-overrun risk | original_cost: increases cost-overrun risk | sector_Railways: reduces cost-overrun risk
705633,Guntur-Guntakal Doubling Project,Railways,92,4112.59,0.9,1.0,95.0,High Risk,physical_progress: increases delay risk | expenditure: increases delay risk | expenditure_ratio: increases delay risk | progress_per_month: increases delay risk | agency_South Central Railway [SCR] - II: increases delay risk,agency_South Central Railway [SCR] - II: increases cost-overrun risk | expenditure_ratio: increases cost-overrun risk | physical_progress: increases cost-overrun risk | expenditure: increases cost-overrun risk | original_cost: increases cost-overrun risk
706922,Guwahati-Dibrugarh via Tinsukia & Simaluguri-Dibrugarh,Railways,89,391.73,0.62,0.0,31.0,Low Risk,physical_progress: increases delay risk | ministry_Ministry of Railways: reduces delay risk | project_duration_months: increases delay risk | project_duration_days: increases delay risk | sector_Railways: reduces delay risk,expenditure_ratio: reduces cost-overrun risk | agency_Central Organisation for Railway Electrification [CORE]: reduces cost-overrun risk | ministry_Ministry of Railways: reduces cost-overrun risk | sector_Railways: reduces cost-overrun risk | sector_Water Resources: reduces cost-overrun risk
705419,Gwalior - Seopurkala with extension to Kota [Gauge Conversion],Railways,83,2751.0,0.945,0.0,47.25,Medium Risk,physical_progress: increases delay risk | expenditure_ratio: increases delay risk | expenditure: increases delay risk | agency_North Central Railway: increases delay risk | progress_per_month: increases delay risk,agency_North Central Railway: reduces cost-overrun risk | ministry_Ministry of Railways: reduces cost-overrun risk | sector_Railways: reduces cost-overrun risk | physical_progress: reduces cost-overrun risk | expenditure_ratio: increases cost-overrun risk
705366,Hajipur-Sagauli New line,Railways,74,1908.49,0.925,1.0,96.25,High Risk,physical_progress: increases delay risk | expenditure_ratio: increases delay risk | expenditure: increases delay risk | agency_East Central Railway [ECR] - I: increases delay risk | ministry_Ministry of Railways: reduces delay risk,expenditure_ratio: increases cost-overrun risk | agency_East Central Railway [ECR] - I: increases cost-overrun risk | expenditure: increases cost-overrun risk | physical_progress: increases cost-overrun risk | project_duration_months: increases cost-overrun risk
611939,Himatnagar Khedbrahma 55 km,Railways,96,461.0,0.645,0.55,59.75,Medium Risk,physical_progress: increases delay risk | expenditure_ratio: increases delay risk | ministry_Ministry of Railways: reduces delay risk | project_duration_months: increases delay risk | sector_Railways: reduces delay risk,physical_progress: increases cost-overrun risk | expenditure_ratio: increases cost-overrun risk | sector_Railways: reduces cost-overrun risk | ministry_Ministry of Railways: reduces cost-overrun risk | expenditure: reduces cost-overrun risk
705650,Hospet - Tinaighat - Vasco Rail Doubling Project,Railways,86,5007.82,0.85,0.0,42.5,Medium Risk,physical_progress: increases delay risk | expenditure: increases delay risk | expenditure_ratio: increases delay risk | original_cost: increases delay risk | ministry_Ministry of Railways: reduces delay risk,agency_RVNL - II: reduces cost-overrun risk | sector_Railways: reduces cost-overrun risk | ministry_Ministry of Railways: reduces cost-overrun risk | project_duration_months: reduces cost-overrun risk | project_duration_days: reduces cost-overrun risk
706950,Hospet-Hubli-Vasco da Gama Line Electrification Project,Railways,95,969.05,0.945,1.0,97.25,High Risk,physical_progress: increases delay risk | expenditure_ratio: increases delay risk | expenditure: increases delay risk | project_duration_months: increases delay risk | project_duration_days: increases delay risk,expenditure_ratio: increases cost-overrun risk | agency_RVNL: increases cost-overrun risk | physical_progress: increases cost-overrun risk | agency_East Coast Railway [ECoR] - II: increases cost-overrun risk | agency_Bharat Petroleum Corporation Limited [BPCL]: increases cost-overrun risk
705662,Hotgi-Kudgi-Gadag Doubling Project,Railways,89,2628.8,0.675,0.68,67.75,Medium Risk,physical_progress: increases delay risk | expenditure: increases delay risk | ministry_Ministry of Railways: reduces delay risk | expenditure_ratio: increases delay risk | project_duration_days: reduces delay risk,expenditure_ratio: increases cost-overrun risk | agency_South Western Railway [SWR] - II: reduces cost-overrun risk | expenditure: increases cost-overrun risk | physical_progress: increases cost-overrun risk | ministry_Ministry of Railways: reduces cost-overrun risk
705763,Indore - Budni New Railway Line [198 kms],Railways,22,1658.03,0.075,0.22,14.75,Low Risk,progress_per_month: reduces delay risk | physical_progress: reduces delay risk | expenditure_ratio: reduces delay risk | project_duration_months: reduces delay risk | original_cost: increases delay risk,expenditure_ratio: reduces cost-overrun risk | sector_Railways: reduces cost-overrun risk | ministry_Ministry of Railways: reduces cost-overrun risk | physical_progress: reduces cost-overrun risk | original_cost: reduces cost-overrun risk
705507,Itarsi - Nagpur Third Railway Line [280 km],Railways,52,1815.49,0.035,0.0,1.7500000000000002,Low Risk,physical_progress: reduces delay risk | progress_per_month: reduces delay risk | agency_Central Railway [CR] - II: reduces delay risk | project_duration_months: reduces delay risk | project_duration_days: reduces delay risk,expenditure_ratio: reduces cost-overrun risk | sector_Railways: reduces cost-overrun risk | ministry_Ministry of Railways: reduces cost-overrun risk | agency_Central Railway [CR] - II: reduces cost-overrun risk | physical_progress: reduces cost-overrun risk
705511,Jagdalpur-Koraput,Railways,90,1308.2,0.93,0.0017717003567181,46.58858501783591,Medium Risk,physical_progress: increases delay risk | expenditure_ratio: increases delay risk | expenditure: increases delay risk | progress_per_month: increases delay risk | ministry_Ministry of Railways: reduces delay risk,agency_East Coast Railway [ECoR] - II: reduces cost-overrun risk | sector_Railways: reduces cost-overrun risk | ministry_Ministry of Railways: reduces cost-overrun risk | expenditure_ratio: reduces cost-overrun risk | project_duration_months: reduces cost-overrun risk
705784,Janghai-Phaphamau Doubling Rail Line Project,Railways,95,579.0,0.735,1.0,86.75,High Risk,physical_progress: increases delay risk | expenditure_ratio: increases delay risk | ministry_Ministry of Railways: reduces delay risk | progress_per_month: increases delay risk | original_cost: reduces delay risk,expenditure_ratio: increases cost-overrun risk | agency_RVNL: increases cost-overrun risk | physical_progress: increases cost-overrun risk | agency_Bharat Petroleum Corporation Limited [BPCL]: increases cost-overrun risk | agency_North Central Railway: increases cost-overrun risk
705588,Janghai-Pratapgarh- Amethi,Railways,70,1100.0,0.955,1.0,97.75,High Risk,physical_progress: increases delay risk | expenditure_ratio: increases delay risk | expenditure: increases delay risk | progress_per_month: increases delay risk | project_duration_months: increases delay risk,expenditure_ratio: increases cost-overrun risk | agency_CAO/C/II/NR: increases cost-overrun risk | physical_progress: increases cost-overrun risk | original_cost: increases cost-overrun risk | agency_East Coast Railway [ECoR] - II: increases cost-overrun risk
705514,Jarapada- Budhapank with flyover at Talcher road 3rd and 4th Line,Railways,36,401.61,0.675,0.0017717003567181,33.83858501783591,Low Risk,physical_progress: reduces delay risk | project_duration_months: increases delay risk | project_duration_days: increases delay risk | ministry_Ministry of Railways: reduces delay risk | agency_East Coast Railway [ECoR] - II: increases delay risk,agency_East Coast Railway [ECoR] - II: reduces cost-overrun risk | expenditure_ratio: reduces cost-overrun risk | physical_progress: reduces cost-overrun risk | ministry_Ministry of Railways: reduces cost-overrun risk | sector_Railways: reduces cost-overrun risk
705362,"Jaynagar-Bijalpura, incl. extn. Bet, Bijalpura-Bardibas [Nepal]",Railways,75,588.32,0.9,0.0,45.0,Medium Risk,physical_progress: increases delay risk | expenditure_ratio: increases delay risk | progress_per_month: increases delay risk | agency_East Central Railway [ECR] - I: increases delay risk | ministry_Ministry of Railways: reduces delay risk,expenditure_ratio: reduces cost-overrun risk | sector_Railways: reduces cost-overrun risk | ministry_Ministry of Railways: reduces cost-overrun risk | physical_progress: reduces cost-overrun risk | agency_East Central Railway [ECR] - I: reduces cost-overrun risk
705598,Jhansi - Bina Third Railway Line [153 Km],Railways,93,1884.84,0.95,0.59,77.0,High Risk,physical_progress: increases delay risk | expenditure_ratio: increases delay risk | expenditure: increases delay risk | progress_per_month: increases delay risk | project_duration_months: increases delay risk,physical_progress: increases cost-overrun risk | agency_CAO/C/NCR: increases cost-overrun risk | expenditure_ratio: increases cost-overrun risk | sector_Railways: reduces cost-overrun risk | expenditure: increases cost-overrun risk
705608,Jhansi-Khairar-Manikpur & Khirar-Bhimsen,Railways,53,1989.0,0.58,0.0,29.0,Low Risk,agency_North Central Railway: increases delay risk | physical_progress: reduces delay risk | expenditure: increases delay risk | project_duration_months: reduces delay risk | project_duration_days: reduces delay risk,agency_North Central Railway: reduces cost-overrun risk | expenditure_ratio: reduces cost-overrun risk | sector_Railways: reduces cost-overrun risk | ministry_Ministry of Railways: reduces cost-overrun risk | sector_Water Resources: reduces cost-overrun risk
705616,Jharsuguda-Bilaspur Fourth Railway Line [206 km],Railways,88,2124.15,0.86,1.0,93.0,High Risk,physical_progress: increases delay risk | expenditure_ratio: increases delay risk | expenditure: increases delay risk | progress_per_month: increases delay risk | ministry_Ministry of Railways: reduces delay risk,agency_SECR: increases cost-overrun risk | expenditure_ratio: increases cost-overrun risk | physical_progress: increases cost-overrun risk | expenditure: increases cost-overrun risk | progress_per_month: increases cost-overrun risk
705450,Jogbani-Biratnagar New Rail Line project,Railways,86,361.0,0.795,1.0,89.75,High Risk,physical_progress: increases delay risk | expenditure_ratio: increases delay risk | agency_Indian Railway Construction International Limited [IRCON]: increases delay risk | ministry_Ministry of Railways: reduces delay risk | progress_per_month: increases delay risk,agency_Indian Railway Construction International Limited [IRCON]: increases cost-overrun risk | expenditure_ratio: increases cost-overrun risk | physical_progress: increases cost-overrun risk | project_duration_months: increases cost-overrun risk | project_duration_days: increases cost-overrun risk
705730,Joka-BBD Bag new metro project,Railways,59,4361.23,0.705,0.115,41.0,Medium Risk,expenditure: increases delay risk | expenditure_ratio: increases delay risk | progress_per_month: reduces delay risk | original_cost: increases delay risk | ministry_Ministry of Railways: reduces delay risk,agency_RVNL - II: reduces cost-overrun risk | sector_Railways: reduces cost-overrun risk | ministry_Ministry of Railways: reduces cost-overrun risk | expenditure_ratio: increases cost-overrun risk | physical_progress: reduces cost-overrun risk
611980,Junagarh Visavadar 42 Kms,Railways,1,3.0,0.04,0.0,2.0,Low Risk,expenditure_ratio: reduces delay risk | physical_progress: reduces delay risk | progress_per_month: reduces delay risk | expenditure: reduces delay risk | agency_WR: reduces delay risk,expenditure_ratio: reduces cost-overrun risk | physical_progress: reduces cost-overrun risk | agency_WR: reduces cost-overrun risk | agency_SECR: reduces cost-overrun risk | ministry_Ministry of Railways: reduces cost-overrun risk
705492,Kadur - Chickamagalur - Sakleshpur [93km],Railways,83,770.18,0.765,0.0,38.25,Low Risk,physical_progress: increases delay risk | expenditure_ratio: increases delay risk | ministry_Ministry of Railways: reduces delay risk | expenditure: increases delay risk | progress_per_month: increases delay risk,agency_South Western Railway [SWR] - II: reduces cost-overrun risk | ministry_Ministry of Railways: reduces cost-overrun risk | physical_progress: reduces cost-overrun risk | sector_Railways: reduces cost-overrun risk | original_cost: reduces cost-overrun risk
400247,Kalinarayanpur-Krishnanagar Doubling Alongwith Krishnanagar - Chapra New Line And Naihati-Ranaghat 3rd Line.,Railways,67,1029.97,0.145,0.0,7.249999999999999,Low Risk,agency_Eastern Railway [ER] - I: reduces delay risk | project_duration_months: reduces delay risk | project_duration_days: reduces delay risk | ministry_Ministry of Railways: reduces delay risk | original_cost: reduces delay risk,agency_Eastern Railway [ER] - I: reduces cost-overrun risk | sector_Railways: reduces cost-overrun risk | ministry_Ministry of Railways: reduces cost-overrun risk | physical_progress: reduces cost-overrun risk | original_cost: reduces cost-overrun risk
617322,Kalipahari Bakhtarnagar 5th line,Railways,0,0.0,0.045,1.0,52.25,Medium Risk,progress_per_month: reduces delay risk | physical_progress: reduces delay risk | expenditure_ratio: reduces delay risk | expenditure: reduces delay risk | agency_Eastern Railway [ER] - I: reduces delay risk,agency_Eastern Railway [ER] - I: increases cost-overrun risk | project_duration_days: increases cost-overrun risk | project_duration_months: increases cost-overrun risk | physical_progress: increases cost-overrun risk | progress_per_month: increases cost-overrun risk
709809,KALYAN-MURBAD VIA ULHASNAGAR [UMBRELLA WORK],Railways,1,9.29,0.05,0.0,2.5,Low Risk,expenditure_ratio: reduces delay risk | physical_progress: reduces delay risk | expenditure: reduces delay risk | agency_Central Railway [CR] - II: reduces delay risk | ministry_Ministry of Railways: reduces delay risk,expenditure_ratio: reduces cost-overrun risk | physical_progress: reduces cost-overrun risk | agency_SECR: reduces cost-overrun risk | ministry_Ministry of Railways: reduces cost-overrun risk | sector_Railways: reduces cost-overrun risk
705651,Katni - Bina Third Railway Line [279 km],Railways,90,3295.49,0.92,1.0,96.0,High Risk,physical_progress: increases delay risk | expenditure: increases delay risk | expenditure_ratio: increases delay risk | progress_per_month: increases delay risk | project_duration_months: increases delay risk,expenditure_ratio: increases cost-overrun risk | agency_West Central Railway WCR I: increases cost-overrun risk | physical_progress: increases cost-overrun risk | expenditure: increases cost-overrun risk | original_cost: increases cost-overrun risk
705661,Katni Grade Separator/Bye Pass,Railways,92,1537.77,0.935,0.0,46.75,Medium Risk,physical_progress: increases delay risk | expenditure: increases delay risk | expenditure_ratio: increases delay risk | progress_per_month: increases delay risk | agency_Indian Railway Construction International Limited [IRCON]: increases delay risk,agency_Indian Railway Construction International Limited [IRCON]: reduces cost-overrun risk | expenditure_ratio: increases cost-overrun risk | sector_Railways: reduces cost-overrun risk | project_duration_days: reduces cost-overrun risk | ministry_Ministry of Railways: reduces cost-overrun risk
705612,Kazipet-Vijayawada 3rd line with electrification [220 km],Railways,90,2915.49,0.875,0.98,92.75,High Risk,physical_progress: increases delay risk | expenditure: increases delay risk | expenditure_ratio: increases delay risk | agency_South Central Railway [SCR] - II: increases delay risk | ministry_Ministry of Railways: reduces delay risk,expenditure_ratio: increases cost-overrun risk | agency_South Central Railway [SCR] - II: increases cost-overrun risk | physical_progress: increases cost-overrun risk | expenditure: increases cost-overrun risk | original_cost: increases cost-overrun risk
705364,Khagaria-Kusheshwar Asthan [42Km] new line project,Railways,55,479.22,0.735,1.0,86.75,High Risk,expenditure_ratio: increases delay risk | project_duration_months: increases delay risk | agency_East Central Railway [ECR] - I: increases delay risk | progress_per_month: increases delay risk | project_duration_days: increases delay risk,physical_progress: increases cost-overrun risk | agency_East Central Railway [ECR] - I: increases cost-overrun risk | expenditure_ratio: increases cost-overrun risk | project_duration_days: increases cost-overrun risk | progress_per_month: increases cost-overrun risk
705668,KHARAGPUR-ADITYAPUR THIRD RAIL LINE- 132 KM,Railways,97,3176.46,0.95,0.0,47.5,Medium Risk,physical_progress: increases delay risk | expenditure_ratio: increases delay risk | expenditure: increases delay risk | progress_per_month: increases delay risk | ministry_Ministry of Railways: reduces delay risk,agency_RVNL - II: reduces cost-overrun risk | sector_Railways: reduces cost-overrun risk | ministry_Ministry of Railways: reduces cost-overrun risk | project_duration_days: reduces cost-overrun risk | project_duration_months: reduces cost-overrun risk
400220,Kharsia-Dharamjaygarh with Spur line [East Corridor-Phase 1],Railways,94,2574.54,0.895,1.0,94.75,High Risk,expenditure: increases delay risk | expenditure_ratio: increases delay risk | physical_progress: increases delay risk | progress_per_month: increases delay risk | ministry_Ministry of Railways: reduces delay risk,progress_per_month: increases cost-overrun risk | physical_progress: increases cost-overrun risk | agency_Indian Railway Construction International Limited [IRCON]: increases cost-overrun risk | expenditure_ratio: increases cost-overrun risk | project_duration_days: increases cost-overrun risk
705358,Khurda-Bolangir New Broad Gauge Rail Link [301km],Railways,89,4983.45,0.055,0.5017717003567183,27.838585017835918,Low Risk,progress_per_month: reduces delay risk | project_duration_months: reduces delay risk | project_duration_days: reduces delay risk | ministry_Ministry of Railways: reduces delay risk | agency_East Coast Railway [ECoR] - II: reduces delay risk,expenditure_ratio: increases cost-overrun risk | agency_East Coast Railway [ECoR] - II: reduces cost-overrun risk | physical_progress: increases cost-overrun risk | expenditure: increases cost-overrun risk | sector_Railways: reduces cost-overrun risk
705375,Koderma-Tilaiya New Line,Railways,92,2060.97,0.865,0.845,85.5,High Risk,physical_progress: increases delay risk | expenditure: increases delay risk | expenditure_ratio: increases delay risk | progress_per_month: reduces delay risk | agency_East Central Railway [ECR] - II: increases delay risk,expenditure_ratio: increases cost-overrun risk | physical_progress: increases cost-overrun risk | expenditure: increases cost-overrun risk | project_duration_days: increases cost-overrun risk | project_duration_months: increases cost-overrun risk
705513,Koraput - Singapur Railway Doubling,Railways,68,1787.49,0.88,0.2267717003567182,55.338585017835904,Medium Risk,physical_progress: increases delay risk | expenditure_ratio: increases delay risk | expenditure: increases delay risk | original_cost: increases delay risk | ministry_Ministry of Railways: reduces delay risk,agency_East Coast Railway [ECoR] - II: reduces cost-overrun risk | sector_Railways: reduces cost-overrun risk | ministry_Ministry of Railways: reduces cost-overrun risk | expenditure: increases cost-overrun risk | physical_progress: increases cost-overrun risk
705436,Kotapalli - Narasapur New Line,Railways,29,1264.18,0.065,0.535,30.000000000000004,Low Risk,progress_per_month: reduces delay risk | physical_progress: reduces delay risk | project_duration_months: reduces delay risk | ministry_Ministry of Railways: reduces delay risk | project_duration_days: reduces delay risk,agency_South Central Railway [SCR] - II: increases cost-overrun risk | physical_progress: reduces cost-overrun risk | expenditure_ratio: reduces cost-overrun risk | project_duration_months: increases cost-overrun risk | sector_Railways: reduces cost-overrun risk
705638,Kumbalam-Turavur doubling project [15.59 Km],Railways,15,292.15,0.28,0.0,14.000000000000002,Low Risk,progress_per_month: reduces delay risk | physical_progress: reduces delay risk | agency_Southern Railway [SR] - II: increases delay risk | expenditure_ratio: reduces delay risk | ministry_Ministry of Railways: reduces delay risk,expenditure_ratio: reduces cost-overrun risk | physical_progress: reduces cost-overrun risk | ministry_Ministry of Railways: reduces cost-overrun risk | sector_Railways: reduces cost-overrun risk | agency_SECR: reduces cost-overrun risk
705766,Lalitpur-Birari with flyover at Lalitpur- 16 Km,Railways,65,214.0,0.75,0.05,40.0,Medium Risk,agency_North Central Railway: increases delay risk | expenditure_ratio: increases delay risk | physical_progress: increases delay risk | ministry_Ministry of Railways: reduces delay risk | expenditure: reduces delay risk,agency_North Central Railway: reduces cost-overrun risk | ministry_Ministry of Railways: reduces cost-overrun risk | sector_Railways: reduces cost-overrun risk | expenditure_ratio: reduces cost-overrun risk | sector_Water Resources: reduces cost-overrun risk
705480,"Lalitpur-Satna, Rewa-Singrauli & Mahoba-Khajuraho",Railways,70,4971.65,0.925,0.0,46.25,Medium Risk,physical_progress: increases delay risk | original_cost: increases delay risk | expenditure: increases delay risk | agency_North Central Railway: increases delay risk | progress_per_month: reduces delay risk,agency_North Central Railway: reduces cost-overrun risk | expenditure_ratio: reduces cost-overrun risk | ministry_Ministry of Railways: reduces cost-overrun risk | sector_Railways: reduces cost-overrun risk | original_cost: reduces cost-overrun risk
705785,Lodhma - Piska - Link Line bypassing Hatia/Ranchi with Y connection,Railways,4,284.26,0.58,0.0,29.0,Low Risk,physical_progress: reduces delay risk | expenditure_ratio: increases delay risk | agency_South Eastern Railway [SER] - I: increases delay risk | progress_per_month: reduces delay risk | project_duration_months: increases delay risk,physical_progress: reduces cost-overrun risk | expenditure_ratio: reduces cost-overrun risk | ministry_Ministry of Railways: reduces cost-overrun risk | sector_Railways: reduces cost-overrun risk | progress_per_month: reduces cost-overrun risk
705783,Ludhiana- Killa Raipur Railway Doubling Project,Railways,55,118.0,0.785,0.22,50.25000000000001,Medium Risk,expenditure_ratio: increases delay risk | agency_CAO/C/NR: increases delay risk | project_duration_months: increases delay risk | progress_per_month: increases delay risk | physical_progress: increases delay risk,expenditure_ratio: reduces cost-overrun risk | agency_CAO/C/NR: reduces cost-overrun risk | sector_Railways: reduces cost-overrun risk | ministry_Ministry of Railways: reduces cost-overrun risk | physical_progress: increases cost-overrun risk
611615,Malugur- Palasamudram New Line Project [17.975 Km],Railways,0,0.0,0.495,1.0,74.75,High Risk,physical_progress: reduces delay risk | project_duration_months: increases delay risk | agency_South Western Railway [SWR] - II: increases delay risk | progress_per_month: reduces delay risk | project_duration_days: increases delay risk,project_duration_days: increases cost-overrun risk | original_cost: increases cost-overrun risk | project_duration_months: increases cost-overrun risk | agency_South Western Railway [SWR] - II: increases cost-overrun risk | physical_progress: increases cost-overrun risk
705437,Manoharabad-Kothapalli New Rail Line [151 km],Railways,71,1713.38,0.82,1.0,91.0,High Risk,physical_progress: increases delay risk | expenditure: increases delay risk | expenditure_ratio: increases delay risk | agency_South Central Railway [SCR] - II: increases delay risk | ministry_Ministry of Railways: reduces delay risk,expenditure_ratio: increases cost-overrun risk | agency_South Central Railway [SCR] - II: increases cost-overrun risk | physical_progress: increases cost-overrun risk | project_duration_days: increases cost-overrun risk | expenditure: increases cost-overrun risk
705491,Marikuppam - Kuppam New Line Project [23.70 Km],Railways,15,123.17,0.255,0.0,12.75,Low Risk,progress_per_month: reduces delay risk | physical_progress: reduces delay risk | project_duration_months: reduces delay risk | expenditure: reduces delay risk | ministry_Ministry of Railways: reduces delay risk,expenditure_ratio: reduces cost-overrun risk | physical_progress: reduces cost-overrun risk | agency_South Western Railway [SWR] - II: reduces cost-overrun risk | ministry_Ministry of Railways: reduces cost-overrun risk | expenditure: reduces cost-overrun risk
705667,Mathura-Jhansi Third Railway Line [274 Km],Railways,94,4928.62,0.925,0.0,46.25,Medium Risk,physical_progress: increases delay risk | expenditure_ratio: increases delay risk | expenditure: increases delay risk | original_cost: increases delay risk | progress_per_month: increases delay risk,agency_RVNL - II: reduces cost-overrun risk | sector_Railways: reduces cost-overrun risk | ministry_Ministry of Railways: reduces cost-overrun risk | original_cost: reduces cost-overrun risk | expenditure_ratio: reduces cost-overrun risk
705458,Miyagam-Karjan-Dabhoi-Samlaya [GC],Railways,68,693.0,0.61,1.0,80.5,High Risk,expenditure_ratio: increases delay risk | agency_Western Railway [WR] - II: reduces delay risk | physical_progress: increases delay risk | ministry_Ministry of Railways: reduces delay risk | progress_per_month: increases delay risk,physical_progress: increases cost-overrun risk | expenditure_ratio: increases cost-overrun risk | agency_Western Railway [WR] - II: increases cost-overrun risk | progress_per_month: increases cost-overrun risk | project_duration_months: increases cost-overrun risk
706757,Modasa-Shamlaji Road Railway Line Project,Railways,58,203.0,0.68,0.0,34.0,Low Risk,expenditure_ratio: increases delay risk | agency_SECR: increases delay risk | progress_per_month: reduces delay risk | project_duration_days: increases delay risk | ministry_Ministry of Railways: reduces delay risk,expenditure_ratio: reduces cost-overrun risk | sector_Railways: reduces cost-overrun risk | ministry_Ministry of Railways: reduces cost-overrun risk | physical_progress: reduces cost-overrun risk | progress_per_month: reduces cost-overrun risk
705755,Morappur - Dharmpuri New Railway Line Project,Railways,1,40.0,0.02,0.0,1.0,Low Risk,physical_progress: reduces delay risk | expenditure_ratio: reduces delay risk | progress_per_month: reduces delay risk | expenditure: reduces delay risk | project_duration_months: reduces delay risk,expenditure_ratio: reduces cost-overrun risk | physical_progress: reduces cost-overrun risk | agency_Southern Railway [SR] - I: reduces cost-overrun risk | ministry_Ministry of Railways: reduces cost-overrun risk | agency_SECR: reduces cost-overrun risk
705772,"Mughalsarai-Allahabad, 3rd line",Railways,62,1399.0,0.84,0.0,42.0,Medium Risk,agency_North Central Railway: increases delay risk | expenditure: increases delay risk | expenditure_ratio: increases delay risk | physical_progress: increases delay risk | original_cost: increases delay risk,agency_North Central Railway: reduces cost-overrun risk | expenditure_ratio: reduces cost-overrun risk | sector_Railways: reduces cost-overrun risk | ministry_Ministry of Railways: reduces cost-overrun risk | sector_Water Resources: reduces cost-overrun risk
611452,MUMBAI CENTRAL VIRAR VADODARA AHMEDABAAD TRAIN PROTECTION SYSTEM 500 RKM,Railways,92,208.0,0.105,0.0,5.25,Low Risk,agency_Western Railway: reduces delay risk | expenditure: reduces delay risk | ministry_Ministry of Railways: reduces delay risk | original_cost: reduces delay risk | sector_Railways: reduces delay risk,agency_Western Railway: reduces cost-overrun risk | expenditure_ratio: reduces cost-overrun risk | ministry_Ministry of Railways: reduces cost-overrun risk | sector_Railways: reduces cost-overrun risk | expenditure: reduces cost-overrun risk
706780,Mumbai Urban Transport Project [MUTP] Phase-IIIA,Railways,16,2246.15,0.045,0.0,2.25,Low Risk,physical_progress: reduces delay risk | progress_per_month: reduces delay risk | expenditure_ratio: reduces delay risk | project_duration_months: reduces delay risk | original_cost: increases delay risk,agency_Mumbai Rail Vikas Corporation Ltd.[MRVC]: reduces cost-overrun risk | expenditure_ratio: reduces cost-overrun risk | physical_progress: reduces cost-overrun risk | original_cost: reduces cost-overrun risk | sector_Railways: reduces cost-overrun risk
706779,Mumbai Urban Transport Project [MUTP] - PHASE II,Railways,87,7364.0,0.91,0.0,45.5,Medium Risk,expenditure: increases delay risk | physical_progress: increases delay risk | expenditure_ratio: increases delay risk | original_cost: increases delay risk | ministry_Ministry of Railways: reduces delay risk,agency_Mumbai Rail Vikas Corporation Ltd.[MRVC]: reduces cost-overrun risk | sector_Railways: reduces cost-overrun risk | ministry_Ministry of Railways: reduces cost-overrun risk | original_cost: reduces cost-overrun risk | sector_Water Resources: reduces cost-overrun risk
706781,Mumbai Urban Transport Project Phase-III,Railways,60,5057.67,0.86,0.0,43.0,Medium Risk,expenditure: increases delay risk | original_cost: increases delay risk | progress_per_month: increases delay risk | expenditure_ratio: increases delay risk | ministry_Ministry of Railways: reduces delay risk,agency_Mumbai Rail Vikas Corporation Ltd.[MRVC]: reduces cost-overrun risk | expenditure_ratio: reduces cost-overrun risk | ministry_Ministry of Railways: reduces cost-overrun risk | sector_Railways: reduces cost-overrun risk | original_cost: reduces cost-overrun risk
705728,Mumbai-Ahmedabad High Speed Rail Project- 508 km,Railways,53,78690.9,0.585,0.0,29.25,Low Risk,expenditure: increases delay risk | original_cost: increases delay risk | physical_progress: reduces delay risk | progress_per_month: reduces delay risk | expenditure_ratio: increases delay risk,sector_Railways: reduces cost-overrun risk | ministry_Ministry of Railways: reduces cost-overrun risk | original_cost: reduces cost-overrun risk | agency_National High Speed Rail Corporation [NHSRC]: reduces cost-overrun risk | expenditure_ratio: reduces cost-overrun risk
705401,Murkongselek-Pasighat,Railways,56,901.0,0.81,1.0,90.5,High Risk,expenditure_ratio: increases delay risk | expenditure: increases delay risk | project_duration_months: increases delay risk | project_duration_days: increases delay risk | ministry_Ministry of Railways: reduces delay risk,expenditure_ratio: increases cost-overrun risk | agency_Northeast Frontier Railway [NFR]: increases cost-overrun risk | physical_progress: increases cost-overrun risk | original_cost: increases cost-overrun risk | agency_East Coast Railway [ECoR] - II: increases cost-overrun risk
705528,Muzaffarpur-Sugauli,Railways,99,1586.82,0.95,0.0,47.5,Medium Risk,physical_progress: increases delay risk | expenditure: increases delay risk | expenditure_ratio: increases delay risk | progress_per_month: increases delay risk | ministry_Ministry of Railways: reduces delay risk,agency_East Central Railway [ECR] - II: reduces cost-overrun risk | sector_Railways: reduces cost-overrun risk | ministry_Ministry of Railways: reduces cost-overrun risk | physical_progress: reduces cost-overrun risk | project_duration_months: reduces cost-overrun risk
709812,NADIAD-PETLAD [37.26 KM],Railways,7,75.0,0.045,0.0,2.25,Low Risk,physical_progress: reduces delay risk | expenditure_ratio: reduces delay risk | expenditure: reduces delay risk | agency_WR: reduces delay risk | ministry_Ministry of Railways: reduces delay risk,expenditure_ratio: reduces cost-overrun risk | physical_progress: reduces cost-overrun risk | agency_WR: reduces cost-overrun risk | agency_SECR: reduces cost-overrun risk | sector_Railways: reduces cost-overrun risk
400298,Nadikudi - Srikalahasti New Line,Railways,54,2179.0,0.695,1.0,84.74999999999999,High Risk,expenditure_ratio: increases delay risk | expenditure: increases delay risk | progress_per_month: reduces delay risk | agency_South Central Railway [SCR] - II: increases delay risk | project_duration_days: increases delay risk,agency_South Central Railway [SCR] - II: increases cost-overrun risk | expenditure_ratio: increases cost-overrun risk | physical_progress: increases cost-overrun risk | expenditure: increases cost-overrun risk | project_duration_months: increases cost-overrun risk
400223,Nagapattinam-Tiruturaipundi and Karaikal-Peralam New Line,Railways,80,598.38,0.645,1.0,82.25,High Risk,physical_progress: increases delay risk | expenditure_ratio: increases delay risk | progress_per_month: reduces delay risk | ministry_Ministry of Railways: reduces delay risk | agency_Southern Railway [SR] - II: increases delay risk,agency_Southern Railway [SR] - II: increases cost-overrun risk | expenditure_ratio: increases cost-overrun risk | physical_progress: increases cost-overrun risk | project_duration_days: increases cost-overrun risk | project_duration_months: increases cost-overrun risk
705799,Nagpur- Nagbhir Railway Line Gauge Conversion Project,Railways,80,1472.0,0.895,0.0,44.75,Medium Risk,physical_progress: increases delay risk | expenditure: increases delay risk | expenditure_ratio: increases delay risk | progress_per_month: increases delay risk | ministry_Ministry of Railways: reduces delay risk,agency_MRIDC: reduces cost-overrun risk | sector_Railways: reduces cost-overrun risk | ministry_Ministry of Railways: reduces cost-overrun risk | physical_progress: reduces cost-overrun risk | sector_Water Resources: reduces cost-overrun risk
705410,Nangal Dam-Talwara New Broad Gauge Line [84 KM] and Taking Over Siding Mukerian-Talwara [29 KM],Railways,74,1848.0,0.355,0.0,17.75,Low Risk,progress_per_month: reduces delay risk | physical_progress: increases delay risk | project_duration_months: reduces delay risk | expenditure_ratio: increases delay risk | project_duration_days: reduces delay risk,agency_Northen Railway [NR]: reduces cost-overrun risk | sector_Railways: reduces cost-overrun risk | ministry_Ministry of Railways: reduces cost-overrun risk | project_duration_months: reduces cost-overrun risk | project_duration_days: reduces cost-overrun risk
705629,Narayangarh-Bhadrak 3rd line,Railways,65,2188.0,0.97,0.58,77.49999999999999,High Risk,expenditure_ratio: increases delay risk | expenditure: increases delay risk | physical_progress: increases delay risk | progress_per_month: increases delay risk | project_duration_months: increases delay risk,agency_South Eastern Railway [SER] - I: increases cost-overrun risk | expenditure_ratio: increases cost-overrun risk | expenditure: increases cost-overrun risk | ministry_Ministry of Railways: reduces cost-overrun risk | physical_progress: increases cost-overrun risk
705400,New B.G. Railway Line- Araria to Galgalia [Thakurgunj],Railways,96,4152.4,0.74,1.0,87.0,High Risk,physical_progress: increases delay risk | expenditure: increases delay risk | expenditure_ratio: increases delay risk | ministry_Ministry of Railways: reduces delay risk | progress_per_month: reduces delay risk,expenditure_ratio: increases cost-overrun risk | physical_progress: increases cost-overrun risk | agency_Northeast Frontier Railway [NFR]: increases cost-overrun risk | expenditure: increases cost-overrun risk | project_duration_days: increases cost-overrun risk
709813,NEW BG LINE INTERSECTION [5 NOS] BETWEEN GERATPUR-SANAND & BOTAD-AHMEDABAD [16.51 KM] [PB#29/NR/202,Railways,15,43.0,0.015,1.0,50.74999999999999,Medium Risk,expenditure_ratio: reduces delay risk | physical_progress: reduces delay risk | expenditure: reduces delay risk | ministry_Ministry of Railways: reduces delay risk | agency_SECR: reduces delay risk,agency_SECR: increases cost-overrun risk | expenditure_ratio: reduces cost-overrun risk | sector_Oil & Gas: increases cost-overrun risk | physical_progress: increases cost-overrun risk | progress_per_month: reduces cost-overrun risk
611943,New broad gauge line between Naliya Jakhau Port 25 Kms,Railways,4,6.0,0.02,1.0,51.0,Medium Risk,expenditure_ratio: reduces delay risk | physical_progress: reduces delay risk | expenditure: reduces delay risk | progress_per_month: reduces delay risk | agency_PCE/WR: reduces delay risk,agency_PCE/WR: increases cost-overrun risk | project_duration_days: increases cost-overrun risk | sector_Oil & Gas: increases cost-overrun risk | project_duration_months: increases cost-overrun risk | expenditure_ratio: reduces cost-overrun risk
705453,"New line Dahod-Indore via Sardarpur, Jabuwa and Dhar",Railways,67,3412.98,0.075,1.0,53.75,Medium Risk,agency_Western Railway [WR] - II: reduces delay risk | progress_per_month: reduces delay risk | project_duration_months: reduces delay risk | ministry_Ministry of Railways: reduces delay risk | project_duration_days: reduces delay risk,expenditure_ratio: increases cost-overrun risk | physical_progress: increases cost-overrun risk | expenditure: increases cost-overrun risk | project_duration_months: increases cost-overrun risk | project_duration_days: increases cost-overrun risk
705434,New Railway Line between Ginigera and Raichur [165.57 km],Railways,66,2063.57,0.83,1.0,91.5,High Risk,expenditure: increases delay risk | expenditure_ratio: increases delay risk | physical_progress: increases delay risk | original_cost: increases delay risk | ministry_Ministry of Railways: reduces delay risk,physical_progress: increases cost-overrun risk | expenditure: increases cost-overrun risk | agency_South Western Railway [SWR] - II: increases cost-overrun risk | expenditure_ratio: increases cost-overrun risk | original_cost: increases cost-overrun risk
705764,Nimach-Badi Sadri New Rail Line Project,Railways,46,306.0,0.045,1.0,52.25,Medium Risk,physical_progress: reduces delay risk | agency_Western Railway [WR] - II: reduces delay risk | project_duration_months: reduces delay risk | progress_per_month: reduces delay risk | project_duration_days: reduces delay risk,agency_Western Railway [WR] - II: increases cost-overrun risk | physical_progress: increases cost-overrun risk | original_cost: increases cost-overrun risk | progress_per_month: increases cost-overrun risk | project_duration_days: increases cost-overrun risk
705933,Nimach-Ratlam Doubling [133 Km],Railways,89,1056.18,0.12,0.0,6.0,Low Risk,agency_Western Railway [WR] - II: reduces delay risk | ministry_Ministry of Railways: reduces delay risk | sector_Railways: reduces delay risk | original_cost: reduces delay risk | expenditure_ratio: increases delay risk,agency_Western Railway [WR] - II: reduces cost-overrun risk | sector_Railways: reduces cost-overrun risk | ministry_Ministry of Railways: reduces cost-overrun risk | physical_progress: reduces cost-overrun risk | expenditure: reduces cost-overrun risk
709814,NIPANIA-BHATAPRA [14.4 KM] 4TH LINE [PB-72/NR/2022-23],Railways,0,0.0,0.11,1.0,55.50000000000001,Medium Risk,physical_progress: reduces delay risk | original_cost: reduces delay risk | expenditure_ratio: reduces delay risk | expenditure: reduces delay risk | ministry_Ministry of Railways: reduces delay risk,agency_SECR: increases cost-overrun risk | original_cost: increases cost-overrun risk | sector_Oil & Gas: increases cost-overrun risk | expenditure_ratio: reduces cost-overrun risk | progress_per_month: reduces cost-overrun risk
706776,Noapara-Barasat via Bimanbandar - Construction of Metro railway [18 km],Railways,32,2764.13,0.6,0.455,52.75,Medium Risk,"physical_progress: reduces delay risk | expenditure: increases delay risk | progress_per_month: reduces delay risk | original_cost: increases delay risk | agency_Metro Railway, Kolkata: increases delay risk",expenditure: increases cost-overrun risk | expenditure_ratio: reduces cost-overrun risk | sector_Railways: reduces cost-overrun risk | project_duration_months: increases cost-overrun risk | ministry_Ministry of Railways: reduces cost-overrun risk
709808,PACHORA-JAMNER WITH EXTENSION UPTO MALKAPUR NG TO BG,Railways,2,118.0,0.64,0.64,64.0,Medium Risk,agency_CR: increases delay risk | expenditure_ratio: reduces delay risk | physical_progress: reduces delay risk | project_duration_days: increases delay risk | project_duration_months: increases delay risk,agency_CR: increases cost-overrun risk | expenditure_ratio: reduces cost-overrun risk | agency_SECR: reduces cost-overrun risk | sector_Oil & Gas: increases cost-overrun risk | physical_progress: reduces cost-overrun risk
705789,Penukonda - Dharmavaram Doubling Project [41.5 Km],Railways,60,267.83,0.155,0.0,7.75,Low Risk,expenditure: reduces delay risk | physical_progress: reduces delay risk | ministry_Ministry of Railways: reduces delay risk | original_cost: reduces delay risk | agency_South Western Railway [SWR] - II: reduces delay risk,agency_South Western Railway [SWR] - II: reduces cost-overrun risk | ministry_Ministry of Railways: reduces cost-overrun risk | sector_Railways: reduces cost-overrun risk | expenditure: reduces cost-overrun risk | expenditure_ratio: reduces cost-overrun risk
611945,Petlad Bhadran 23 Kms,Railways,8,82.0,0.06,1.0,53.0,Medium Risk,physical_progress: reduces delay risk | progress_per_month: reduces delay risk | expenditure: reduces delay risk | expenditure_ratio: reduces delay risk | agency_PCE/WR: reduces delay risk,agency_PCE/WR: increases cost-overrun risk | progress_per_month: increases cost-overrun risk | original_cost: increases cost-overrun risk | sector_Oil & Gas: increases cost-overrun risk | physical_progress: increases cost-overrun risk
400280,Ph II extension of MRTS from Velachery to St Thomas Mount,Railways,99,475.73,0.835,0.535,68.5,Medium Risk,physical_progress: increases delay risk | expenditure_ratio: increases delay risk | ministry_Ministry of Railways: reduces delay risk | agency_Southern Railways [SR] - construction: increases delay risk | progress_per_month: increases delay risk,physical_progress: increases cost-overrun risk | expenditure_ratio: reduces cost-overrun risk | project_duration_days: increases cost-overrun risk | project_duration_months: increases cost-overrun risk | sector_Railways: reduces cost-overrun risk
705779,"Phephna-Indara, Mau-Shahganj doubling excluding Indara-Mau",Railways,85,1489.5,0.895,1.0,94.75,High Risk,physical_progress: increases delay risk | expenditure: increases delay risk | expenditure_ratio: increases delay risk | progress_per_month: increases delay risk | ministry_Ministry of Railways: reduces delay risk,expenditure_ratio: increases cost-overrun risk | agency_South Eastern Railway [SER] - I: increases cost-overrun risk | physical_progress: increases cost-overrun risk | progress_per_month: increases cost-overrun risk | expenditure: increases cost-overrun risk
705385,Pirpainti - Jasidih [100.52 Km] New BG line,Railways,48,763.08,0.24,0.0,12.0,Low Risk,progress_per_month: reduces delay risk | physical_progress: reduces delay risk | ministry_Ministry of Railways: reduces delay risk | expenditure_ratio: reduces delay risk | agency_Eastern Railway [ER] - I: reduces delay risk,expenditure_ratio: reduces cost-overrun risk | ministry_Ministry of Railways: reduces cost-overrun risk | sector_Railways: reduces cost-overrun risk | agency_Eastern Railway [ER] - I: reduces cost-overrun risk | physical_progress: reduces cost-overrun risk
705503,Pune - Miraj-Londa [467 Kilometres],Railways,84,6548.0,0.705,1.0,85.25,High Risk,physical_progress: increases delay risk | expenditure: increases delay risk | agency_Central Railway [CR] - II: reduces delay risk | expenditure_ratio: increases delay risk | ministry_Ministry of Railways: reduces delay risk,expenditure_ratio: increases cost-overrun risk | agency_Central Railway [CR] - II: increases cost-overrun risk | physical_progress: increases cost-overrun risk | expenditure: increases cost-overrun risk | progress_per_month: increases cost-overrun risk
611944,Quadrupling between Gandhidham Adipur with Y connection at Adipur for providing direct entry towards Mundra Port and Bhuj and high level platform at Gopalpur 11Kms,Railways,68,20.0,0.04,1.0,52.0,Medium Risk,expenditure_ratio: reduces delay risk | expenditure: reduces delay risk | ministry_Ministry of Railways: reduces delay risk | agency_PCE/WR: reduces delay risk | original_cost: reduces delay risk,agency_PCE/WR: increases cost-overrun risk | progress_per_month: increases cost-overrun risk | physical_progress: increases cost-overrun risk | project_duration_days: increases cost-overrun risk | expenditure_ratio: reduces cost-overrun risk
706763,Rajkot - Kanalus Doubling Project [111.2 Kms],Railways,72,731.0,0.12,0.0,6.0,Low Risk,agency_Western Railway [WR] - II: reduces delay risk | ministry_Ministry of Railways: reduces delay risk | sector_Railways: reduces delay risk | original_cost: reduces delay risk | physical_progress: increases delay risk,expenditure_ratio: reduces cost-overrun risk | sector_Railways: reduces cost-overrun risk | ministry_Ministry of Railways: reduces cost-overrun risk | agency_Western Railway [WR] - II: reduces cost-overrun risk | physical_progress: reduces cost-overrun risk
705617,Rajnandgaon - Nagpur [Kalumna] Third Railway Line [228.30 km],Railways,95,3163.08,0.925,0.735,83.0,High Risk,physical_progress: increases delay risk | expenditure_ratio: increases delay risk | expenditure: increases delay risk | progress_per_month: increases delay risk | ministry_Ministry of Railways: reduces delay risk,agency_South East Central Railway [SECR] - II: increases cost-overrun risk | physical_progress: increases cost-overrun risk | expenditure: increases cost-overrun risk | agency_RVNL - II: increases cost-overrun risk | expenditure_ratio: increases cost-overrun risk
705481,Ramganjmandi-Bhopal New Line Project [262 km],Railways,70,3592.92,0.62,1.0,81.0,High Risk,physical_progress: increases delay risk | expenditure: increases delay risk | progress_per_month: reduces delay risk | expenditure_ratio: increases delay risk | ministry_Ministry of Railways: reduces delay risk,agency_West Central Railway [WCR] - II: increases cost-overrun risk | expenditure_ratio: increases cost-overrun risk | physical_progress: increases cost-overrun risk | expenditure: increases cost-overrun risk | original_cost: increases cost-overrun risk
706759,Rampur Dumra-Tal-Rajendrapul Additional Bridge and Railway Line Doubling,Railways,85,1777.0,0.935,0.0,46.75,Medium Risk,physical_progress: increases delay risk | expenditure_ratio: increases delay risk | expenditure: increases delay risk | agency_Indian Railway Construction International Limited [IRCON]: increases delay risk | progress_per_month: increases delay risk,expenditure_ratio: reduces cost-overrun risk | sector_Railways: reduces cost-overrun risk | ministry_Ministry of Railways: reduces cost-overrun risk | project_duration_months: reduces cost-overrun risk | progress_per_month: reduces cost-overrun risk
705457,Ratlam-Mhow-Khandwa-Akola Gauge Conversion,Railways,87,4314.0,0.755,0.38,56.75,Medium Risk,physical_progress: increases delay risk | original_cost: increases delay risk | expenditure_ratio: increases delay risk | agency_Western Railway [WR] - II: reduces delay risk | expenditure: increases delay risk,agency_Western Railway [WR] - II: reduces cost-overrun risk | sector_Railways: reduces cost-overrun risk | ministry_Ministry of Railways: reduces cost-overrun risk | expenditure: increases cost-overrun risk | expenditure_ratio: reduces cost-overrun risk
705494,Rayadurg-Tumkur via Kalyandurg New Line [207 km],Railways,67,1691.88,0.775,0.49,63.25000000000001,Medium Risk,expenditure: increases delay risk | physical_progress: increases delay risk | progress_per_month: increases delay risk | ministry_Ministry of Railways: reduces delay risk | expenditure_ratio: increases delay risk,physical_progress: increases cost-overrun risk | expenditure: increases cost-overrun risk | original_cost: increases cost-overrun risk | ministry_Ministry of Railways: reduces cost-overrun risk | expenditure_ratio: reduces cost-overrun risk
705610,"Renigunta, Wadi & Gooty Bypass Railway Project",Railways,50,381.0,0.05,1.0,52.5,Medium Risk,physical_progress: reduces delay risk | project_duration_months: reduces delay risk | progress_per_month: reduces delay risk | project_duration_days: reduces delay risk | ministry_Ministry of Railways: reduces delay risk,expenditure_ratio: increases cost-overrun risk | agency_South Central Railway [SCR] - I: increases cost-overrun risk | physical_progress: increases cost-overrun risk | original_cost: increases cost-overrun risk | agency_East Coast Railway [ECoR] - II: increases cost-overrun risk
611861,Rewari - Kathuwas Doubling Project [27.72 Km],Railways,59,239.01,0.095,0.0,4.75,Low Risk,agency_North Western Railway [NWR]: reduces delay risk | ministry_Ministry of Railways: reduces delay risk | expenditure: reduces delay risk | sector_Railways: reduces delay risk | original_cost: reduces delay risk,agency_North Western Railway [NWR]: reduces cost-overrun risk | expenditure_ratio: reduces cost-overrun risk | sector_Railways: reduces cost-overrun risk | ministry_Ministry of Railways: reduces cost-overrun risk | physical_progress: reduces cost-overrun risk
705429,Rishikesh-Karnaprayag New Rail Line- 125 km,Railways,65,24645.2,0.87,0.0,43.5,Medium Risk,expenditure: increases delay risk | original_cost: increases delay risk | physical_progress: increases delay risk | expenditure_ratio: increases delay risk | ministry_Ministry of Railways: reduces delay risk,agency_RVNL - II: reduces cost-overrun risk | sector_Railways: reduces cost-overrun risk | expenditure_ratio: reduces cost-overrun risk | ministry_Ministry of Railways: reduces cost-overrun risk | original_cost: reduces cost-overrun risk
706856,Rourkela - Bondamunda 5th Line Doubling Project,Railways,35,82.0,0.095,0.22,15.75,Low Risk,expenditure: reduces delay risk | physical_progress: reduces delay risk | expenditure_ratio: reduces delay risk | ministry_Ministry of Railways: reduces delay risk | sector_Railways: reduces delay risk,expenditure_ratio: reduces cost-overrun risk | physical_progress: reduces cost-overrun risk | sector_Railways: reduces cost-overrun risk | ministry_Ministry of Railways: reduces cost-overrun risk | agency_SECR: reduces cost-overrun risk
705527,Sagauli-Valmiknagar,Railways,91,2039.0,0.925,1.0,96.25,High Risk,physical_progress: increases delay risk | expenditure: increases delay risk | expenditure_ratio: increases delay risk | progress_per_month: increases delay risk | ministry_Ministry of Railways: reduces delay risk,expenditure_ratio: increases cost-overrun risk | physical_progress: increases cost-overrun risk | expenditure: increases cost-overrun risk | agency_East Central Railway [ECR] - II: increases cost-overrun risk | project_duration_days: increases cost-overrun risk
400205,Sahjanwa-Dohrighat,Railways,3,457.35,0.045,0.0,2.25,Low Risk,physical_progress: reduces delay risk | progress_per_month: reduces delay risk | project_duration_months: reduces delay risk | expenditure_ratio: reduces delay risk | project_duration_days: reduces delay risk,physical_progress: reduces cost-overrun risk | expenditure_ratio: reduces cost-overrun risk | ministry_Ministry of Railways: reduces cost-overrun risk | sector_Railways: reduces cost-overrun risk | progress_per_month: reduces cost-overrun risk
602797,"Sainthia, Sitarampur, Mughalsarai, Allahabad & Etawah - Bypass Line Project",Railways,6,178.45,0.035,0.0,1.7500000000000002,Low Risk,physical_progress: reduces delay risk | progress_per_month: reduces delay risk | project_duration_months: reduces delay risk | expenditure: reduces delay risk | project_duration_days: reduces delay risk,expenditure_ratio: reduces cost-overrun risk | physical_progress: reduces cost-overrun risk | ministry_Ministry of Railways: reduces cost-overrun risk | sector_Railways: reduces cost-overrun risk | agency_Eastern Railway [ER] - I: reduces cost-overrun risk
705363,Sakri-Hasanpur Road New Rail Line Project,Railways,78,605.0,0.765,0.0,38.25,Low Risk,physical_progress: increases delay risk | expenditure_ratio: increases delay risk | agency_East Central Railway [ECR] - I: increases delay risk | progress_per_month: reduces delay risk | ministry_Ministry of Railways: reduces delay risk,physical_progress: reduces cost-overrun risk | sector_Railways: reduces cost-overrun risk | ministry_Ministry of Railways: reduces cost-overrun risk | agency_East Central Railway [ECR] - I: reduces cost-overrun risk | project_duration_months: reduces cost-overrun risk
705526,Samastipur-Darbhanga Doubling Railway Project,Railways,82,337.03,0.865,0.0,43.25,Medium Risk,physical_progress: increases delay risk | agency_East Central Railway [ECR] - I: increases delay risk | expenditure_ratio: increases delay risk | project_duration_months: increases delay risk | project_duration_days: increases delay risk,expenditure_ratio: reduces cost-overrun risk | physical_progress: reduces cost-overrun risk | sector_Railways: reduces cost-overrun risk | ministry_Ministry of Railways: reduces cost-overrun risk | agency_East Central Railway [ECR] - I: reduces cost-overrun risk
611970,Samlaya Timba Road 54 km,Railways,12,102.0,0.035,1.0,51.74999999999999,Medium Risk,expenditure_ratio: reduces delay risk | physical_progress: reduces delay risk | progress_per_month: reduces delay risk | expenditure: reduces delay risk | agency_PCE/WR: reduces delay risk,agency_PCE/WR: increases cost-overrun risk | original_cost: increases cost-overrun risk | expenditure_ratio: reduces cost-overrun risk | sector_Oil & Gas: increases cost-overrun risk | progress_per_month: increases cost-overrun risk
611971,Samni Jambusar 24 km,Railways,32,87.0,0.04,0.0,2.0,Low Risk,physical_progress: reduces delay risk | expenditure_ratio: reduces delay risk | expenditure: reduces delay risk | progress_per_month: reduces delay risk | agency_PCE/WR: reduces delay risk,expenditure_ratio: reduces cost-overrun risk | physical_progress: reduces cost-overrun risk | agency_PCE/WR: increases cost-overrun risk | progress_per_month: reduces cost-overrun risk | project_duration_days: reduces cost-overrun risk
705659,Satna-Rewa Railway Line Doubling Project,Railways,80,561.26,0.06,1.0,53.0,Medium Risk,project_duration_months: reduces delay risk | project_duration_days: reduces delay risk | ministry_Ministry of Railways: reduces delay risk | physical_progress: increases delay risk | original_cost: reduces delay risk,agency_West Central Railway [WCR] - II: increases cost-overrun risk | expenditure_ratio: increases cost-overrun risk | physical_progress: increases cost-overrun risk | original_cost: increases cost-overrun risk | agency_East Coast Railway [ECoR] - II: increases cost-overrun risk
706866,Sawaimadhopur Bye Pass Line Project,Railways,35,134.0,0.305,0.0,15.25,Low Risk,agency_North Western Railway [NWR]: reduces delay risk | ministry_Ministry of Railways: reduces delay risk | progress_per_month: increases delay risk | physical_progress: reduces delay risk | expenditure: reduces delay risk,agency_North Western Railway [NWR]: reduces cost-overrun risk | expenditure_ratio: reduces cost-overrun risk | physical_progress: reduces cost-overrun risk | ministry_Ministry of Railways: reduces cost-overrun risk | sector_Railways: reduces cost-overrun risk
705761,SHIMOGA - SHIKARIPURA - RANEBENNUR [96 Km],Railways,11,69.58,0.635,0.0,31.75,Low Risk,physical_progress: reduces delay risk | agency_South Western Railway [SWR] - II: increases delay risk | expenditure_ratio: reduces delay risk | project_duration_days: increases delay risk | expenditure: reduces delay risk,expenditure_ratio: reduces cost-overrun risk | physical_progress: reduces cost-overrun risk | agency_South Western Railway [SWR] - II: reduces cost-overrun risk | agency_SECR: reduces cost-overrun risk | ministry_Ministry of Railways: reduces cost-overrun risk
705432,Sivok-Rangpo New Rail Line,Railways,80,8883.6,0.955,1.0,97.75,High Risk,expenditure: increases delay risk | physical_progress: increases delay risk | expenditure_ratio: increases delay risk | original_cost: increases delay risk | progress_per_month: increases delay risk,expenditure_ratio: increases cost-overrun risk | agency_Indian Railway Construction International Limited [IRCON]: increases cost-overrun risk | expenditure: increases cost-overrun risk | physical_progress: increases cost-overrun risk | original_cost: increases cost-overrun risk
705735,Solapur-tuljapur-Osmanabad,Railways,10,1150.0,0.035,1.0,51.74999999999999,Medium Risk,physical_progress: reduces delay risk | progress_per_month: reduces delay risk | project_duration_months: reduces delay risk | project_duration_days: reduces delay risk | ministry_Ministry of Railways: reduces delay risk,expenditure_ratio: increases cost-overrun risk | agency_WR: increases cost-overrun risk | expenditure: increases cost-overrun risk | sector_Oil & Gas: increases cost-overrun risk | progress_per_month: increases cost-overrun risk
705743,Talcher-Angul New Line with Y-Connection at Talcher,Railways,1,29.5,0.455,0.0,22.75,Low Risk,agency_CAO/C/ECoR: increases delay risk | physical_progress: reduces delay risk | expenditure_ratio: reduces delay risk | progress_per_month: reduces delay risk | ministry_Ministry of Petroleum & Natural Gas: increases delay risk,expenditure_ratio: reduces cost-overrun risk | physical_progress: reduces cost-overrun risk | agency_CAO/C/ECoR: reduces cost-overrun risk | ministry_Ministry of Railways: reduces cost-overrun risk | agency_SECR: reduces cost-overrun risk
705359,Talcher-Bimlagarh New Railway Line,Railways,47,1902.91,0.335,0.0017717003567181,16.83858501783591,Low Risk,progress_per_month: reduces delay risk | physical_progress: reduces delay risk | expenditure_ratio: increases delay risk | expenditure: increases delay risk | project_duration_months: reduces delay risk,agency_East Coast Railway [ECoR] - II: reduces cost-overrun risk | physical_progress: reduces cost-overrun risk | sector_Railways: reduces cost-overrun risk | ministry_Ministry of Railways: reduces cost-overrun risk | progress_per_month: reduces cost-overrun risk
400273,Tarakeshwar-Bishnupur New Line [82.47 km],Railways,90,1287.05,0.72,1.0,86.0,High Risk,physical_progress: increases delay risk | expenditure: increases delay risk | expenditure_ratio: increases delay risk | agency_Eastern Railway [ER] - I: reduces delay risk | ministry_Ministry of Railways: reduces delay risk,expenditure_ratio: increases cost-overrun risk | physical_progress: increases cost-overrun risk | project_duration_days: increases cost-overrun risk | project_duration_months: increases cost-overrun risk | agency_Eastern Railway [ER] - I: increases cost-overrun risk
400022,Taranga Hill-Abu Road via Ambaji,Railways,14,1891.9,0.035,0.0,1.7500000000000002,Low Risk,physical_progress: reduces delay risk | progress_per_month: reduces delay risk | agency_North Western Railway [NWR]: reduces delay risk | project_duration_months: reduces delay risk | project_duration_days: reduces delay risk,physical_progress: reduces cost-overrun risk | agency_North Western Railway [NWR]: reduces cost-overrun risk | expenditure_ratio: reduces cost-overrun risk | ministry_Ministry of Railways: reduces cost-overrun risk | sector_Railways: reduces cost-overrun risk
705613,Third Line [new] between Kazipet - Balharshah with electrification [201.04 Km],Railways,92,3142.35,0.915,0.93,92.25,High Risk,physical_progress: increases delay risk | expenditure: increases delay risk | expenditure_ratio: increases delay risk | progress_per_month: increases delay risk | ministry_Ministry of Railways: reduces delay risk,agency_South Central Railway [SCR] - II: increases cost-overrun risk | expenditure_ratio: increases cost-overrun risk | physical_progress: increases cost-overrun risk | expenditure: increases cost-overrun risk | original_cost: increases cost-overrun risk
400234,Third Railway Line between Patratu-Sonnagar [281 kms],Railways,88,4950.0,0.815,0.125,47.0,Medium Risk,physical_progress: increases delay risk | expenditure: increases delay risk | original_cost: increases delay risk | expenditure_ratio: increases delay risk | progress_per_month: increases delay risk,agency_RVNL - II: reduces cost-overrun risk | expenditure_ratio: reduces cost-overrun risk | sector_Railways: reduces cost-overrun risk | ministry_Ministry of Railways: reduces cost-overrun risk | physical_progress: increases cost-overrun risk
400275,Tindivanam-Nagari New Line Project [184.5 km],Railways,18,1113.53,0.59,0.0,29.5,Low Risk,agency_Southern Railway [SR] - II: increases delay risk | physical_progress: reduces delay risk | expenditure: increases delay risk | progress_per_month: reduces delay risk | original_cost: increases delay risk,expenditure_ratio: reduces cost-overrun risk | physical_progress: reduces cost-overrun risk | sector_Railways: reduces cost-overrun risk | ministry_Ministry of Railways: reduces cost-overrun risk | agency_SECR: reduces cost-overrun risk
705635,Trivandrum- Kanyakumari,Railways,46,2451.0,0.8,1.0,90.0,High Risk,expenditure_ratio: increases delay risk | expenditure: increases delay risk | physical_progress: reduces delay risk | project_duration_months: increases delay risk | agency_SR-ERS: increases delay risk,expenditure_ratio: increases cost-overrun risk | expenditure: increases cost-overrun risk | agency_SR-ERS: increases cost-overrun risk | physical_progress: increases cost-overrun risk | project_duration_days: increases cost-overrun risk
705496,Tumkur-Chitradurga-Davangere New Rail Line Project [191 km],Railways,13,516.17,0.305,0.0,15.25,Low Risk,physical_progress: reduces delay risk | progress_per_month: reduces delay risk | expenditure_ratio: reduces delay risk | project_duration_days: increases delay risk | ministry_Ministry of Railways: reduces delay risk,expenditure_ratio: reduces cost-overrun risk | physical_progress: reduces cost-overrun risk | agency_South Western Railway [SWR] - II: reduces cost-overrun risk | ministry_Ministry of Railways: reduces cost-overrun risk | sector_Railways: reduces cost-overrun risk
611938,Vijapur Ambliyasan 42 km,Railways,96,364.0,0.095,1.0,54.75,Medium Risk,agency_PCE/WR: reduces delay risk | ministry_Ministry of Railways: reduces delay risk | sector_Railways: reduces delay risk | physical_progress: increases delay risk | expenditure: reduces delay risk,agency_PCE/WR: increases cost-overrun risk | physical_progress: increases cost-overrun risk | progress_per_month: increases cost-overrun risk | expenditure_ratio: increases cost-overrun risk | project_duration_days: increases cost-overrun risk
705632,Vijayawada - Kazipet Byepass line,Railways,91,870.0,0.875,1.0,93.75,High Risk,physical_progress: increases delay risk | expenditure_ratio: increases delay risk | progress_per_month: increases delay risk | expenditure: increases delay risk | agency_South Central Railway [SCR] - II: increases delay risk,expenditure_ratio: increases cost-overrun risk | agency_South Central Railway [SCR] - II: increases cost-overrun risk | physical_progress: increases cost-overrun risk | progress_per_month: increases cost-overrun risk | agency_East Coast Railway [ECoR] - II: increases cost-overrun risk
705648,Vijaywada-Gudur 3rd Line,Railways,90,5922.0,0.91,0.0,45.5,Medium Risk,physical_progress: increases delay risk | expenditure_ratio: increases delay risk | expenditure: increases delay risk | progress_per_month: increases delay risk | original_cost: increases delay risk,agency_RVNL - II: reduces cost-overrun risk | sector_Railways: reduces cost-overrun risk | ministry_Ministry of Railways: reduces cost-overrun risk | original_cost: reduces cost-overrun risk | expenditure_ratio: reduces cost-overrun risk
400253,Vizianagaram - Titlagarh 3rd line [272 Km including By - pass line of 7.68 KM],Railways,89,5722.01,0.115,1.0,55.75,Medium Risk,project_duration_months: reduces delay risk | project_duration_days: reduces delay risk | ministry_Ministry of Railways: reduces delay risk | physical_progress: increases delay risk | agency_RVNL - II: reduces delay risk,expenditure_ratio: increases cost-overrun risk | physical_progress: increases cost-overrun risk | expenditure: increases cost-overrun risk | progress_per_month: increases cost-overrun risk | project_duration_days: increases cost-overrun risk
705479,Wadsa-Gadchiroli,Railways,49,706.28,0.185,0.0,9.25,Low Risk,physical_progress: reduces delay risk | progress_per_month: reduces delay risk | project_duration_months: reduces delay risk | project_duration_days: reduces delay risk | ministry_Ministry of Railways: reduces delay risk,expenditure_ratio: reduces cost-overrun risk | agency_South East Central Railway: reduces cost-overrun risk | sector_Railways: reduces cost-overrun risk | ministry_Ministry of Railways: reduces cost-overrun risk | progress_per_month: reduces cost-overrun risk
400271,Wardha-Nanded Via Yavatmal New BG Line,Railways,50,3002.93,0.06,0.38,22.0,Low Risk,physical_progress: reduces delay risk | progress_per_month: reduces delay risk | project_duration_months: reduces delay risk | agency_Central Railway [CR] - II: reduces delay risk | project_duration_days: reduces delay risk,sector_Railways: reduces cost-overrun risk | expenditure_ratio: increases cost-overrun risk | ministry_Ministry of Railways: reduces cost-overrun risk | expenditure: increases cost-overrun risk | original_cost: reduces cost-overrun risk
705237,Western Dedicated Freight Corridor,Railways,96,124623.0,0.865,1.0,93.25,High Risk,physical_progress: increases delay risk | expenditure: increases delay risk | original_cost: increases delay risk | expenditure_ratio: increases delay risk | ministry_Ministry of Railways: reduces delay risk,expenditure_ratio: increases cost-overrun risk | physical_progress: increases cost-overrun risk | expenditure: increases cost-overrun risk | agency_DFCCIL: increases cost-overrun risk | agency_RVNL - II: increases cost-overrun risk
703585,Yeshvanthpur - Channasandra Doubling Project [21.70 Km],Railways,59,144.0,0.755,0.0,37.75,Low Risk,progress_per_month: increases delay risk | project_duration_months: increases delay risk | expenditure_ratio: increases delay risk | ministry_Ministry of Railways: reduces delay risk | agency_Karnataka Rail Infrastructure Development Company Limited [K-RIDE]: increases delay risk,agency_Karnataka Rail Infrastructure Development Company Limited [K-RIDE]: reduces cost-overrun risk | expenditure_ratio: reduces cost-overrun risk | ministry_Ministry of Railways: reduces cost-overrun risk | sector_Railways: reduces cost-overrun risk | agency_SECR: reduces cost-overrun risk
705663,Bangalore-Whitefield-Bangalore City-Krishnarajapuram [23.08 km] - Quadrupling,Real Estate,82,252.45,0.095,0.0,4.75,Low Risk,ministry_Ministry of Railways: reduces delay risk | expenditure: reduces delay risk | project_duration_days: reduces delay risk | physical_progress: increases delay risk | sector_Real Estate: reduces delay risk,agency_South Western Railway [SWR] - II: reduces cost-overrun risk | expenditure_ratio: reduces cost-overrun risk | ministry_Ministry of Railways: reduces cost-overrun risk | sector_Real Estate: reduces cost-overrun risk | physical_progress: reduces cost-overrun risk
701576,Berth No. 2 [previously Berth 3] of HDC Mechanization Project,Shipping,83,399.52,0.95,1.0,97.5,High Risk,physical_progress: increases delay risk | expenditure_ratio: increases delay risk | ministry_Ministry of Railways: increases delay risk | project_duration_months: increases delay risk | project_duration_days: increases delay risk,"expenditure_ratio: increases cost-overrun risk | agency_Haldia Dock Complex, Syama Prasad Mookerjee Port Authority: increases cost-overrun risk | sector_Shipping: increases cost-overrun risk | physical_progress: increases cost-overrun risk | sector_Railways: increases cost-overrun risk"
400174,"New Sinter Plant at BSL, SAIL",Steel,51,883.23,0.915,1.0,95.75,High Risk,progress_per_month: increases delay risk | expenditure_ratio: increases delay risk | project_duration_months: increases delay risk | physical_progress: reduces delay risk | project_duration_days: increases delay risk,ministry_Ministry of Steel: increases cost-overrun risk | sector_Steel: increases cost-overrun risk | sector_Railways: increases cost-overrun risk | ministry_Ministry of Railways: increases cost-overrun risk | physical_progress: increases cost-overrun risk
706811,NMDC Slurry Pipeline Project Phase-1,Steel,84,3012.02,0.98,1.0,99.0,High Risk,physical_progress: increases delay risk | expenditure_ratio: increases delay risk | progress_per_month: increases delay risk | expenditure: increases delay risk | ministry_Ministry of Railways: increases delay risk,ministry_Ministry of Steel: increases cost-overrun risk | sector_Steel: increases cost-overrun risk | expenditure_ratio: increases cost-overrun risk | sector_Railways: increases cost-overrun risk | ministry_Ministry of Railways: increases cost-overrun risk
701600,354 Uncovered Villages Scheme,Telecommunication,97,225.71,0.98,0.605,79.25,High Risk,physical_progress: increases delay risk | ministry_Ministry of Railways: increases delay risk | progress_per_month: increases delay risk | project_duration_days: increases delay risk | project_duration_months: increases delay risk,progress_per_month: increases cost-overrun risk | sector_Telecommunication: reduces cost-overrun risk | project_duration_days: increases cost-overrun risk | sector_Railways: increases cost-overrun risk | project_duration_months: increases cost-overrun risk
701593,4G Services by BSNL,Telecommunication,92,8332.52,0.94,0.0,47.0,Medium Risk,physical_progress: increases delay risk | expenditure: increases delay risk | progress_per_month: increases delay risk | original_cost: increases delay risk | ministry_Ministry of Railways: increases delay risk,expenditure_ratio: reduces cost-overrun risk | physical_progress: reduces cost-overrun risk | sector_Telecommunication: reduces cost-overrun risk | agency_Department of Telecommunications [DoT]: reduces cost-overrun risk | original_cost: reduces cost-overrun risk
704495,"502 Aspirational District Scheme in Four states - Bihar, Madhya Pradesh, Rajastha and Uttar Pradesh",Telecommunication,96,126.45,0.915,0.0,45.75,Medium Risk,physical_progress: increases delay risk | ministry_Department of Telecommunications: increases delay risk | agency_Department of Telecommunications [DoT]: increases delay risk | ministry_Ministry of Railways: increases delay risk | sector_Telecommunication: increases delay risk,expenditure_ratio: reduces cost-overrun risk | sector_Telecommunication: reduces cost-overrun risk | physical_progress: reduces cost-overrun risk | expenditure: reduces cost-overrun risk | ministry_Department of Telecommunications: reduces cost-overrun risk
706775,BharatNet,Telecommunication,81,41486.1,0.97,1.0,98.5,High Risk,physical_progress: increases delay risk | expenditure: increases delay risk | progress_per_month: increases delay risk | original_cost: increases delay risk | expenditure_ratio: increases delay risk,expenditure: increases cost-overrun risk | physical_progress: increases cost-overrun risk | sector_Railways: increases cost-overrun risk | ministry_Ministry of Railways: increases cost-overrun risk | progress_per_month: increases cost-overrun risk
400013,Saturation 4G mobile coverage of Uncovered Villages through USOF,Telecommunication,72,9291.8,0.96,1.0,98.0,High Risk,physical_progress: increases delay risk | expenditure: increases delay risk | progress_per_month: increases delay risk | original_cost: increases delay risk | project_duration_months: increases delay risk,progress_per_month: increases cost-overrun risk | physical_progress: increases cost-overrun risk | expenditure: increases cost-overrun risk | sector_Railways: increases cost-overrun risk | project_duration_months: increases cost-overrun risk
400429,Exhibition cum Convention Centre Dwarka [Phase I],"Tourism, Hospitality & Wellness",97,4470.0,0.995,1.0,99.75,High Risk,physical_progress: increases delay risk | expenditure_ratio: increases delay risk | expenditure: increases delay risk | progress_per_month: increases delay risk | project_duration_months: increases delay risk,physical_progress: increases cost-overrun risk | progress_per_month: increases cost-overrun risk | expenditure_ratio: increases cost-overrun risk | sector_Railways: increases cost-overrun risk | agency_India International Convention & Expo Centre: increases cost-overrun risk
707215,National Maritime Heritage Complex [NMHC] Phase-I,"Tourism, Hospitality & Wellness",66,487.35,0.955,0.57,76.25,High Risk,expenditure_ratio: increases delay risk | physical_progress: increases delay risk | progress_per_month: increases delay risk | ministry_Ministry of Railways: increases delay risk | sector_Railways: increases delay risk,"ministry_Ministry of Ports, Shipping and Waterways: reduces cost-overrun risk | physical_progress: increases cost-overrun risk | sector_Railways: increases cost-overrun risk | ministry_Ministry of Railways: increases cost-overrun risk | expenditure_ratio: increases cost-overrun risk"
607709,NORTH EASTERN REGION POWER SYSTEM IMPROVEMENT PROJECT [NERPSIP],Transmission & Distribution,96,5253.47,0.975,1.0,98.75,High Risk,physical_progress: increases delay risk | expenditure_ratio: increases delay risk | expenditure: increases delay risk | progress_per_month: increases delay risk | ministry_Ministry of Railways: increases delay risk,ministry_Ministry of Power: increases cost-overrun risk | physical_progress: increases cost-overrun risk | expenditure_ratio: increases cost-overrun risk | progress_per_month: increases cost-overrun risk | sector_Railways: increases cost-overrun risk
611656,Transmission scheme for evacuation of 4.5GW RE injection at Khavda PS under Phase II- Part B,Transmission & Distribution,91,1013.39,1.0,0.43,71.5,High Risk,physical_progress: increases delay risk | expenditure_ratio: increases delay risk | progress_per_month: increases delay risk | ministry_Ministry of Railways: increases delay risk | project_duration_months: increases delay risk,progress_per_month: increases cost-overrun risk | sector_Electricity Generation: reduces cost-overrun risk | agency_Power Grid Corporation of India Limited [POWERGRID]: reduces cost-overrun risk | sector_Transmission & Distribution: reduces cost-overrun risk | ministry_Ministry of Power: increases cost-overrun risk
608922,Transmission System Strengthening Scheme for evacuation of power from SEZ in Rajasthan 8.1 GW under Phase II Part G,Transmission & Distribution,95,2139.28,1.0,1.0,100.0,High Risk,physical_progress: increases delay risk | expenditure_ratio: increases delay risk | expenditure: increases delay risk | progress_per_month: increases delay risk | project_duration_months: increases delay risk,expenditure_ratio: increases cost-overrun risk | ministry_Ministry of Power: increases cost-overrun risk | physical_progress: increases cost-overrun risk | progress_per_month: increases cost-overrun risk | expenditure: increases cost-overrun risk
611659,Transmission system strengthening scheme for evacuation of power from solar energy zones in Rajasthan[8.1 GW] under phase-II- Part E,Transmission & Distribution,93,1341.7,0.99,0.0,49.5,Medium Risk,physical_progress: increases delay risk | expenditure_ratio: increases delay risk | expenditure: increases delay risk | progress_per_month: increases delay risk | project_duration_months: increases delay risk,ministry_Ministry of Power: reduces cost-overrun risk | agency_Power Grid Corporation of India Limited [POWERGRID]: reduces cost-overrun risk | sector_Electricity Generation: reduces cost-overrun risk | sector_Transmission & Distribution: reduces cost-overrun risk | progress_per_month: reduces cost-overrun risk
702639,Ahmedabad Metro Rail Project [Phase-I],Urban Public Transport,99,11857.9,0.965,1.0,98.25,High Risk,physical_progress: increases delay risk | expenditure_ratio: increases delay risk | expenditure: increases delay risk | progress_per_month: increases delay risk | original_cost: increases delay risk,expenditure_ratio: increases cost-overrun risk | sector_Urban Public Transport: increases cost-overrun risk | physical_progress: increases cost-overrun risk | sector_Railways: increases cost-overrun risk | expenditure: increases cost-overrun risk
702665,Construction Bangalore Metro Rail Project Phase-2A & 2B,Urban Public Transport,53,8424.54,0.195,1.0,59.75,Medium Risk,physical_progress: reduces delay risk | agency_Bengaluru Metro Rail: reduces delay risk | expenditure_ratio: reduces delay risk | project_duration_days: reduces delay risk | expenditure: increases delay risk,sector_Urban Public Transport: increases cost-overrun risk | agency_Bengaluru Metro Rail: increases cost-overrun risk | sector_Railways: increases cost-overrun risk | physical_progress: increases cost-overrun risk | ministry_Ministry of Railways: increases cost-overrun risk
702635,Construction of Bangalore Metro Rail Project Phase 2.,Urban Public Transport,94,29478.0,0.91,1.0,95.5,High Risk,physical_progress: increases delay risk | expenditure_ratio: increases delay risk | expenditure: increases delay risk | progress_per_month: increases delay risk | agency_Bengaluru Metro Rail: reduces delay risk,expenditure_ratio: increases cost-overrun risk | agency_Bengaluru Metro Rail: increases cost-overrun risk | sector_Urban Public Transport: increases cost-overrun risk | physical_progress: increases cost-overrun risk | sector_Railways: increases cost-overrun risk
702637,Mumbai Metro Line 3,Urban Public Transport,92,27519.1,0.915,1.0,95.75,High Risk,physical_progress: increases delay risk | expenditure: increases delay risk | expenditure_ratio: increases delay risk | original_cost: increases delay risk | ministry_Ministry of Railways: increases delay risk,expenditure_ratio: increases cost-overrun risk | sector_Urban Public Transport: increases cost-overrun risk | physical_progress: increases cost-overrun risk | expenditure: increases cost-overrun risk | sector_Railways: increases cost-overrun risk
702627,Patna Metro Rail Project,Urban Public Transport,40,4039.77,0.81,0.715,76.25,High Risk,expenditure: increases delay risk | original_cost: increases delay risk | physical_progress: reduces delay risk | project_duration_months: increases delay risk | ministry_Ministry of Housing & Urban Affairs: increases delay risk,sector_Urban Public Transport: increases cost-overrun risk | expenditure_ratio: reduces cost-overrun risk | sector_Railways: increases cost-overrun risk | sector_Oil & Gas: increases cost-overrun risk | ministry_Ministry of Railways: increases cost-overrun risk
706777,Baranagar-Barrackpore and Dakshineshwar- Construction of Metro Railway,Urban Public Transport,17,393.0,0.03,1.0,51.5,Medium Risk,progress_per_month: reduces delay risk | physical_progress: reduces delay risk | expenditure_ratio: reduces delay risk | ministry_Ministry of Railways: reduces delay risk | project_duration_months: reduces delay risk,sector_Urban Public Transport: increases cost-overrun risk | sector_Railways: increases cost-overrun risk | agency_RVNL - II: increases cost-overrun risk | physical_progress: increases cost-overrun risk | sector_Oil & Gas: increases cost-overrun risk
400117,Arjun Sahayak Project,Water Resources,100,3218.3,0.985,1.0,99.25,High Risk,"physical_progress: increases delay risk | ministry_Department of Water Resources, River Development & GR: increases delay risk | expenditure_ratio: increases delay risk | sector_Water Resources: increases delay risk | expenditure: increases delay risk","expenditure_ratio: increases cost-overrun risk | sector_Water Resources: increases cost-overrun risk | ministry_Department of Water Resources, River Development & GR: increases cost-overrun risk | physical_progress: increases cost-overrun risk | sector_Railways: increases cost-overrun risk"
701390,Arjuna Medium Irrigation project,Water Resources,100,803.89,0.995,1.0,99.75,High Risk,"physical_progress: increases delay risk | ministry_Department of Water Resources, River Development & GR: increases delay risk | expenditure_ratio: increases delay risk | sector_Water Resources: increases delay risk | ministry_Ministry of Railways: increases delay risk","expenditure_ratio: increases cost-overrun risk | sector_Water Resources: increases cost-overrun risk | ministry_Department of Water Resources, River Development & GR: increases cost-overrun risk | agency_Department of water resources-MH - II: increases cost-overrun risk | physical_progress: increases cost-overrun risk"
701391,Aruna Medium Irrigation Project,Water Resources,97,1697.94,0.995,1.0,99.75,High Risk,"physical_progress: increases delay risk | ministry_Department of Water Resources, River Development & GR: increases delay risk | expenditure_ratio: increases delay risk | sector_Water Resources: increases delay risk | expenditure: increases delay risk","expenditure_ratio: increases cost-overrun risk | sector_Water Resources: increases cost-overrun risk | ministry_Department of Water Resources, River Development & GR: increases cost-overrun risk | agency_Department of water resources-MH - II: increases cost-overrun risk | physical_progress: increases cost-overrun risk"
400116,Bargi Diversion Project Phase - III [km. 104 to km 154],Water Resources,79,1807.2,0.99,0.995,99.25,High Risk,"ministry_Department of Water Resources, River Development & GR: increases delay risk | physical_progress: increases delay risk | expenditure_ratio: increases delay risk | sector_Water Resources: increases delay risk | expenditure: increases delay risk","sector_Water Resources: increases cost-overrun risk | ministry_Department of Water Resources, River Development & GR: increases cost-overrun risk | expenditure_ratio: increases cost-overrun risk | sector_Railways: increases cost-overrun risk | ministry_Ministry of Railways: increases cost-overrun risk"
400115,Bargi Diversion Project Phase - IV [km. 154 to km 197],Water Resources,74,777.99,0.985,0.995,99.0,High Risk,"ministry_Department of Water Resources, River Development & GR: increases delay risk | physical_progress: increases delay risk | expenditure_ratio: increases delay risk | sector_Water Resources: increases delay risk | ministry_Ministry of Railways: increases delay risk","sector_Water Resources: increases cost-overrun risk | ministry_Department of Water Resources, River Development & GR: increases cost-overrun risk | expenditure_ratio: increases cost-overrun risk | sector_Railways: increases cost-overrun risk | ministry_Ministry of Railways: increases cost-overrun risk"
701388,Bembla Irrigation Project,Water Resources,98,2689.7,1.0,1.0,100.0,High Risk,"physical_progress: increases delay risk | ministry_Department of Water Resources, River Development & GR: increases delay risk | expenditure_ratio: increases delay risk | sector_Water Resources: increases delay risk | expenditure: increases delay risk","expenditure_ratio: increases cost-overrun risk | sector_Water Resources: increases cost-overrun risk | ministry_Department of Water Resources, River Development & GR: increases cost-overrun risk | agency_Department of water resources-MH - II: increases cost-overrun risk | physical_progress: increases cost-overrun risk"
701371,Durgawati Reservoir Project,Water Resources,87,978.51,0.995,1.0,99.75,High Risk,"physical_progress: increases delay risk | ministry_Department of Water Resources, River Development & GR: increases delay risk | expenditure_ratio: increases delay risk | sector_Water Resources: increases delay risk | ministry_Ministry of Railways: increases delay risk","sector_Water Resources: increases cost-overrun risk | ministry_Department of Water Resources, River Development & GR: increases cost-overrun risk | expenditure_ratio: increases cost-overrun risk | sector_Railways: increases cost-overrun risk | agency_Irrigation and CAD-TG: increases cost-overrun risk"
701386,Gosikhurd Project,Water Resources,72,13533.3,0.995,0.995,99.5,High Risk,"expenditure_ratio: increases delay risk | ministry_Department of Water Resources, River Development & GR: increases delay risk | physical_progress: increases delay risk | expenditure: increases delay risk | progress_per_month: increases delay risk","expenditure_ratio: increases cost-overrun risk | sector_Water Resources: increases cost-overrun risk | ministry_Department of Water Resources, River Development & GR: increases cost-overrun risk | agency_Department of water resources-MH - II: increases cost-overrun risk | progress_per_month: increases cost-overrun risk"
400101,Gundlakamma project,Water Resources,98,610.89,0.995,1.0,99.75,High Risk,"physical_progress: increases delay risk | ministry_Department of Water Resources, River Development & GR: increases delay risk | expenditure_ratio: increases delay risk | sector_Water Resources: increases delay risk | ministry_Ministry of Railways: increases delay risk","sector_Water Resources: increases cost-overrun risk | expenditure_ratio: increases cost-overrun risk | ministry_Department of Water Resources, River Development & GR: increases cost-overrun risk | physical_progress: increases cost-overrun risk | sector_Railways: increases cost-overrun risk"
400103,Indiramma Flood Flow Canal Project,Water Resources,92,4491.08,1.0,1.0,100.0,High Risk,"physical_progress: increases delay risk | ministry_Department of Water Resources, River Development & GR: increases delay risk | expenditure_ratio: increases delay risk | expenditure: increases delay risk | sector_Water Resources: increases delay risk","expenditure_ratio: increases cost-overrun risk | sector_Water Resources: increases cost-overrun risk | ministry_Department of Water Resources, River Development & GR: increases cost-overrun risk | physical_progress: increases cost-overrun risk | agency_Irrigation and CAD-TG: increases cost-overrun risk"
603945,Integrated Anandpur Barrage Project,Water Resources,62,2629.74,0.94,1.0,97.0,High Risk,"ministry_Department of Water Resources, River Development & GR: increases delay risk | expenditure_ratio: increases delay risk | sector_Water Resources: increases delay risk | expenditure: increases delay risk | project_duration_months: increases delay risk","expenditure_ratio: increases cost-overrun risk | sector_Water Resources: increases cost-overrun risk | ministry_Department of Water Resources, River Development & GR: increases cost-overrun risk | sector_Railways: increases cost-overrun risk | physical_progress: increases cost-overrun risk"
400094,J. ChokhaRao LIS CADWM Project,Water Resources,0,0.0,0.915,1.0,95.75,High Risk,"ministry_Department of Water Resources, River Development & GR: increases delay risk | sector_Water Resources: increases delay risk | physical_progress: reduces delay risk | ministry_Ministry of Petroleum & Natural Gas: increases delay risk | ministry_Ministry of Railways: increases delay risk","sector_Water Resources: increases cost-overrun risk | ministry_Department of Water Resources, River Development & GR: increases cost-overrun risk | agency_Irrigation and CAD-TG: increases cost-overrun risk | expenditure_ratio: reduces cost-overrun risk | physical_progress: reduces cost-overrun risk"
701405,J. Chokka Rao Devadula Lift Irrigation Scheme,Water Resources,87,4558.89,0.98,1.0,99.0,High Risk,"physical_progress: increases delay risk | ministry_Department of Water Resources, River Development & GR: increases delay risk | expenditure: increases delay risk | sector_Water Resources: increases delay risk | original_cost: increases delay risk","sector_Water Resources: increases cost-overrun risk | ministry_Department of Water Resources, River Development & GR: increases cost-overrun risk | agency_Irrigation and CAD-TG: increases cost-overrun risk | ministry_Ministry of Railways: increases cost-overrun risk | sector_Railways: increases cost-overrun risk"
701404,Kanupur Irrigation Project,Water Resources,79,2563.56,0.98,1.0,99.0,High Risk,"ministry_Department of Water Resources, River Development & GR: increases delay risk | physical_progress: increases delay risk | expenditure_ratio: increases delay risk | sector_Water Resources: increases delay risk | expenditure: increases delay risk","expenditure_ratio: increases cost-overrun risk | sector_Water Resources: increases cost-overrun risk | ministry_Department of Water Resources, River Development & GR: increases cost-overrun risk | agency_Irrigation and CAD-TG: increases cost-overrun risk | sector_Railways: increases cost-overrun risk"
400111,Kelo Irrigation Project,Water Resources,71,616.93,0.985,1.0,99.25,High Risk,"ministry_Department of Water Resources, River Development & GR: increases delay risk | physical_progress: increases delay risk | expenditure_ratio: increases delay risk | sector_Water Resources: increases delay risk | ministry_Ministry of Railways: increases delay risk","sector_Water Resources: increases cost-overrun risk | ministry_Department of Water Resources, River Development & GR: increases cost-overrun risk | expenditure_ratio: increases cost-overrun risk | sector_Railways: increases cost-overrun risk | physical_progress: increases cost-overrun risk"
701392,Krishna Koyana Lift Irrigation Project,Water Resources,90,1069.82,0.93,1.0,96.5,High Risk,"physical_progress: increases delay risk | ministry_Department of Water Resources, River Development & GR: increases delay risk | sector_Water Resources: increases delay risk | expenditure_ratio: increases delay risk | ministry_Ministry of Railways: increases delay risk","sector_Water Resources: increases cost-overrun risk | ministry_Department of Water Resources, River Development & GR: increases cost-overrun risk | expenditure_ratio: increases cost-overrun risk | agency_Department of water resources-MH - II: increases cost-overrun risk | sector_Railways: increases cost-overrun risk"
701396,Lower Pedhi Project,Water Resources,64,1324.78,0.945,1.0,97.25,High Risk,"ministry_Department of Water Resources, River Development & GR: increases delay risk | expenditure_ratio: increases delay risk | sector_Water Resources: increases delay risk | expenditure: increases delay risk | project_duration_months: increases delay risk","expenditure_ratio: increases cost-overrun risk | sector_Water Resources: increases cost-overrun risk | ministry_Department of Water Resources, River Development & GR: increases cost-overrun risk | agency_Department of water resources-MH - II: increases cost-overrun risk | sector_Railways: increases cost-overrun risk"
701408,Madhya Ganga canal Phase-II,Water Resources,82,4415.24,0.99,1.0,99.5,High Risk,"ministry_Department of Water Resources, River Development & GR: increases delay risk | physical_progress: increases delay risk | expenditure_ratio: increases delay risk | expenditure: increases delay risk | sector_Water Resources: increases delay risk","expenditure_ratio: increases cost-overrun risk | sector_Water Resources: increases cost-overrun risk | ministry_Department of Water Resources, River Development & GR: increases cost-overrun risk | sector_Railways: increases cost-overrun risk | physical_progress: increases cost-overrun risk"
701398,Nardave Medium Irrigation Project,Water Resources,73,623.5,0.99,1.0,99.5,High Risk,"ministry_Department of Water Resources, River Development & GR: increases delay risk | expenditure_ratio: increases delay risk | physical_progress: increases delay risk | sector_Water Resources: increases delay risk | ministry_Ministry of Railways: increases delay risk","expenditure_ratio: increases cost-overrun risk | sector_Water Resources: increases cost-overrun risk | ministry_Department of Water Resources, River Development & GR: increases cost-overrun risk | agency_Department of water resources-MH - II: increases cost-overrun risk | sector_Railways: increases cost-overrun risk"
701412,North Koel Reservoir Project,Water Resources,32,142.1,0.845,1.0,92.25,High Risk,"ministry_Department of Water Resources, River Development & GR: increases delay risk | sector_Water Resources: increases delay risk | expenditure_ratio: reduces delay risk | physical_progress: reduces delay risk | ministry_Ministry of Petroleum & Natural Gas: increases delay risk","sector_Water Resources: increases cost-overrun risk | ministry_Department of Water Resources, River Development & GR: increases cost-overrun risk | agency_Department of Water Resources, River Development & GR: increases cost-overrun risk | expenditure_ratio: reduces cost-overrun risk | ministry_Ministry of Railways: increases cost-overrun risk"
400096,Omkareshwar CADWM Project,Water Resources,3,172.56,0.73,0.945,83.74999999999999,High Risk,"ministry_Department of Water Resources, River Development & GR: increases delay risk | physical_progress: reduces delay risk | sector_Water Resources: increases delay risk | expenditure_ratio: reduces delay risk | expenditure: reduces delay risk","sector_Water Resources: increases cost-overrun risk | ministry_Department of Water Resources, River Development & GR: increases cost-overrun risk | physical_progress: reduces cost-overrun risk | ministry_Ministry of Railways: increases cost-overrun risk | expenditure_ratio: reduces cost-overrun risk"
701415,Polavaram Irrigation Project,Water Resources,83,24347.8,0.845,1.0,92.25,High Risk,"ministry_Department of Water Resources, River Development & GR: increases delay risk | physical_progress: increases delay risk | expenditure: increases delay risk | original_cost: increases delay risk | sector_Water Resources: increases delay risk","expenditure_ratio: increases cost-overrun risk | sector_Water Resources: increases cost-overrun risk | ministry_Department of Water Resources, River Development & GR: increases cost-overrun risk | sector_Railways: increases cost-overrun risk | physical_progress: increases cost-overrun risk"
400104,Punpun Barrage Project,Water Resources,44,469.66,0.86,0.99,92.5,High Risk,"ministry_Department of Water Resources, River Development & GR: increases delay risk | physical_progress: reduces delay risk | sector_Water Resources: increases delay risk | expenditure_ratio: increases delay risk | ministry_Ministry of Railways: increases delay risk","ministry_Department of Water Resources, River Development & GR: increases cost-overrun risk | sector_Water Resources: increases cost-overrun risk | ministry_Ministry of Railways: increases cost-overrun risk | sector_Railways: increases cost-overrun risk | expenditure_ratio: increases cost-overrun risk"
400109,Purna Barrage-2 [Ner Dhamana] Medium Irrigation Project,Water Resources,69,690.49,0.995,1.0,99.75,High Risk,"ministry_Department of Water Resources, River Development & GR: increases delay risk | physical_progress: increases delay risk | expenditure_ratio: increases delay risk | sector_Water Resources: increases delay risk | ministry_Ministry of Railways: increases delay risk","sector_Water Resources: increases cost-overrun risk | ministry_Department of Water Resources, River Development & GR: increases cost-overrun risk | agency_Department of water resources-MH - II: increases cost-overrun risk | sector_Railways: increases cost-overrun risk | ministry_Ministry of Railways: increases cost-overrun risk"
701406,Rajiv Bhima Lift Irrigation Scheme,Water Resources,100,1839.76,1.0,1.0,100.0,High Risk,"physical_progress: increases delay risk | ministry_Department of Water Resources, River Development & GR: increases delay risk | expenditure_ratio: increases delay risk | sector_Water Resources: increases delay risk | expenditure: increases delay risk","sector_Water Resources: increases cost-overrun risk | ministry_Department of Water Resources, River Development & GR: increases cost-overrun risk | expenditure_ratio: increases cost-overrun risk | agency_Irrigation and CAD-TG: increases cost-overrun risk | physical_progress: increases cost-overrun risk"
701410,Relining of Rajasthan feeder and Sirhind Feeder canal,Water Resources,80,2962.99,0.98,1.0,99.0,High Risk,"physical_progress: increases delay risk | expenditure_ratio: increases delay risk | ministry_Department of Water Resources, River Development & GR: increases delay risk | expenditure: increases delay risk | sector_Water Resources: increases delay risk","expenditure_ratio: increases cost-overrun risk | sector_Water Resources: increases cost-overrun risk | ministry_Department of Water Resources, River Development & GR: increases cost-overrun risk | sector_Railways: increases cost-overrun risk | ministry_Ministry of Railways: increases cost-overrun risk"
400100,Sardar Gouthu Latchanna Thotapalli Barrage Project,Water Resources,95,869.11,0.99,1.0,99.5,High Risk,"physical_progress: increases delay risk | ministry_Department of Water Resources, River Development & GR: increases delay risk | expenditure_ratio: increases delay risk | sector_Water Resources: increases delay risk | ministry_Ministry of Railways: increases delay risk","expenditure_ratio: increases cost-overrun risk | sector_Water Resources: increases cost-overrun risk | ministry_Department of Water Resources, River Development & GR: increases cost-overrun risk | physical_progress: increases cost-overrun risk | sector_Railways: increases cost-overrun risk"
400097,Sardar Sarovar CADWM Project,Water Resources,90,4954.99,1.0,1.0,100.0,High Risk,"physical_progress: increases delay risk | ministry_Department of Water Resources, River Development & GR: increases delay risk | expenditure_ratio: increases delay risk | expenditure: increases delay risk | sector_Water Resources: increases delay risk","sector_Water Resources: increases cost-overrun risk | ministry_Department of Water Resources, River Development & GR: increases cost-overrun risk | expenditure_ratio: increases cost-overrun risk | ministry_Ministry of Railways: increases cost-overrun risk | physical_progress: increases cost-overrun risk"
701372,Sardar Sarovar Project,Water Resources,93,31767.6,1.0,1.0,100.0,High Risk,"physical_progress: increases delay risk | ministry_Department of Water Resources, River Development & GR: increases delay risk | expenditure_ratio: increases delay risk | expenditure: increases delay risk | sector_Water Resources: increases delay risk","sector_Water Resources: increases cost-overrun risk | expenditure_ratio: increases cost-overrun risk | ministry_Department of Water Resources, River Development & GR: increases cost-overrun risk | physical_progress: increases cost-overrun risk | sector_Railways: increases cost-overrun risk"
701411,Shahpur Kandi Dam Project,Water Resources,80,2072.33,0.925,1.0,96.25,High Risk,"ministry_Department of Water Resources, River Development & GR: increases delay risk | physical_progress: increases delay risk | expenditure_ratio: increases delay risk | sector_Water Resources: increases delay risk | expenditure: increases delay risk","sector_Water Resources: increases cost-overrun risk | ministry_Department of Water Resources, River Development & GR: increases cost-overrun risk | sector_Railways: increases cost-overrun risk | ministry_Ministry of Railways: increases cost-overrun risk | expenditure_ratio: increases cost-overrun risk"
400102,Sri Ram Sagar Project Stage - II,Water Resources,96,940.7,0.99,1.0,99.5,High Risk,"physical_progress: increases delay risk | ministry_Department of Water Resources, River Development & GR: increases delay risk | expenditure_ratio: increases delay risk | sector_Water Resources: increases delay risk | ministry_Ministry of Railways: increases delay risk","sector_Water Resources: increases cost-overrun risk | ministry_Department of Water Resources, River Development & GR: increases cost-overrun risk | expenditure_ratio: increases cost-overrun risk | agency_Irrigation and CAD-TG: increases cost-overrun risk | sector_Railways: increases cost-overrun risk"
701376,"Subernarekha Multipurpose Project, Jharkhand",Water Resources,69,5550.74,0.995,0.995,99.5,High Risk,"ministry_Department of Water Resources, River Development & GR: increases delay risk | physical_progress: increases delay risk | expenditure_ratio: increases delay risk | expenditure: increases delay risk | sector_Water Resources: increases delay risk","sector_Water Resources: increases cost-overrun risk | ministry_Department of Water Resources, River Development & GR: increases cost-overrun risk | expenditure_ratio: increases cost-overrun risk | physical_progress: increases cost-overrun risk | sector_Railways: increases cost-overrun risk"
701400,Thoubal Multipurpose Project,Water Resources,98,1837.91,0.985,1.0,99.25,High Risk,"physical_progress: increases delay risk | ministry_Department of Water Resources, River Development & GR: increases delay risk | expenditure_ratio: increases delay risk | expenditure: increases delay risk | sector_Water Resources: increases delay risk","sector_Water Resources: increases cost-overrun risk | ministry_Department of Water Resources, River Development & GR: increases cost-overrun risk | expenditure_ratio: increases cost-overrun risk | physical_progress: increases cost-overrun risk | sector_Railways: increases cost-overrun risk"
701384,Tillari Irrigation Project,Water Resources,99,724.36,1.0,1.0,100.0,High Risk,"physical_progress: increases delay risk | ministry_Department of Water Resources, River Development & GR: increases delay risk | expenditure_ratio: increases delay risk | sector_Water Resources: increases delay risk | ministry_Ministry of Railways: increases delay risk","expenditure_ratio: increases cost-overrun risk | sector_Water Resources: increases cost-overrun risk | ministry_Department of Water Resources, River Development & GR: increases cost-overrun risk | agency_Department of water resources-MH - II: increases cost-overrun risk | physical_progress: increases cost-overrun risk"
701377,Upper Tunga Irrigation Project,Water Resources,99,1511.22,0.99,1.0,99.5,High Risk,"physical_progress: increases delay risk | ministry_Department of Water Resources, River Development & GR: increases delay risk | expenditure_ratio: increases delay risk | sector_Water Resources: increases delay risk | expenditure: increases delay risk","expenditure_ratio: increases cost-overrun risk | sector_Water Resources: increases cost-overrun risk | ministry_Department of Water Resources, River Development & GR: increases cost-overrun risk | physical_progress: increases cost-overrun risk | sector_Railways: increases cost-overrun risk"
400105,Urmodi Irrigation Project,Water Resources,76,713.46,0.995,1.0,99.75,High Risk,"ministry_Department of Water Resources, River Development & GR: increases delay risk | physical_progress: increases delay risk | expenditure_ratio: increases delay risk | sector_Water Resources: increases delay risk | ministry_Ministry of Railways: increases delay risk","sector_Water Resources: increases cost-overrun risk | ministry_Department of Water Resources, River Development & GR: increases cost-overrun risk | expenditure_ratio: increases cost-overrun risk | agency_Department of water resources-MH - II: increases cost-overrun risk | sector_Railways: increases cost-overrun risk"
701383,Waghur Project,Water Resources,89,1530.36,0.995,1.0,99.75,High Risk,"physical_progress: increases delay risk | ministry_Department of Water Resources, River Development & GR: increases delay risk | expenditure_ratio: increases delay risk | sector_Water Resources: increases delay risk | expenditure: increases delay risk","sector_Water Resources: increases cost-overrun risk | ministry_Department of Water Resources, River Development & GR: increases cost-overrun risk | expenditure_ratio: increases cost-overrun risk | agency_Department of water resources-MH - II: increases cost-overrun risk | physical_progress: increases cost-overrun risk"
