sr_no,sector,ministry,agency,project_code,project_name,original_cost,revised_cost,expenditure,physical_progress,original_completion,revised_completion,sanction_date,date_inconsistency_flag,missing_revised_cost_flag,missing_revised_completion_flag,missing_sanction_date_flag
1,Aviation & Aviation Infrastructure,Ministry of Civil Aviation,Airport Authority of India [AAI],706718,C/o NITB Imphal Airport,499,499.0,160.48,41,2024-07-13,2026-12-31,2021-11-01,0,0,0,0
2,Aviation & Aviation Infrastructure,Ministry of Civil Aviation,Airport Authority of India [AAI],701121,Construction of New Domestic Terminal Building at Rajahmundry Airport.,347,,81.23,49,2025-08-14,2025-12-31,2022-12-01,0,1,0,0
3,Aviation & Aviation Infrastructure,Ministry of Civil Aviation,Airport Authority of India [AAI],701101,"Construction of New Domestic Terminal Building [Phase-I and II] and other allied structures at JPNI Airport, Patna",1217,1216.9,1046.48,94,2023-07-31,2025-11-30,2018-12-27,0,0,0,0
4,Aviation & Aviation Infrastructure,Ministry of Civil Aviation,Airport Authority of India [AAI],612788,Construction of New Domestic Terminal Building and Miscellaneous Works at Belagavi Airport.,322,,115.82,48,2026-01-02,2026-01-02,2023-06-01,0,1,0,0
5,Aviation & Aviation Infrastructure,Ministry of Civil Aviation,Airport Authority of India [AAI],612787,Construction of New Domestic Terminal Building and Miscellaneous works at Hubli Airport,320,,56.54,36,2026-01-21,2026-03-31,2023-06-01,0,1,0,0
6,Aviation & Aviation Infrastructure,Ministry of Civil Aviation,Airport Authority of India [AAI],612786,"Construction of New Domestic Terminal Building Building and miscellaneous works including maintenance, operations and AICMC at Kadapa Airport",266,,45.54,31,2026-01-27,2026-03-31,2023-03-01,0,1,0,0
7,Aviation & Aviation Infrastructure,Ministry of Civil Aviation,Airport Authority of India [AAI],701128,Construction of New Integrated Passenger Terminal Building at Udaipur Airport,887,887.0,312.4,44,2026-03-10,2026-10-03,2023-06-01,0,0,0,0
8,Aviation & Aviation Infrastructure,Ministry of Civil Aviation,Airport Authority of India [AAI],701107,Construction of New Integrated Terminal Building and associated works including apron to park 3 code E type of aircraft or 6 code C type of aircraft at Vijayawada Airport.,612,611.8,464.55,77,2022-09-05,2025-12-31,2020-06-17,0,0,0,0
9,Aviation & Aviation Infrastructure,Ministry of Civil Aviation,Airport Authority of India [AAI],701127,Construction of New Passenger Terminal Building for Domestic Operations at Jodhpur Airport.,480,480.0,254.71,77,2024-11-18,2025-10-31,2022-05-01,0,0,0,0
10,Aviation & Aviation Infrastructure,Ministry of Civil Aviation,Airport Authority of India [AAI],612063,"Construction of New Terminal Building, Second Link Taxi Track, Apron Expansion, and associated works at Prayagraj Airport- On Design & Build Basis.",219,274.38,206.33,97,2024-11-19,2025-08-31,,0,0,0,1
11,Aviation & Aviation Infrastructure,Ministry of Civil Aviation,Airport Authority of India [AAI],611047,"Construction of NTB complex including apron, taxi track and other associated civil works and electrical & mechanical installations towards Tawi River side at CA Jammu.",861,861.37,154.3,30,2026-06-21,2026-06-21,2022-07-01,0,0,0,0
12,Aviation & Aviation Infrastructure,Ministry of Civil Aviation,Airport Authority of India [AAI],400010,"Construction of Terminal Building & Associated works at Leh Airport, Ladakh",480,640.0,427.04,67,2021-09-14,2025-10-31,2018-07-27,0,0,0,0
13,Aviation & Aviation Infrastructure,Ministry of Civil Aviation,Airport Authority of India [AAI],612789,"Development of additional RESA on either end on Runway 10-28 at Calicut Airport. Construction of embankment with slope protection, drainage system and associated works for additional RESA on either end on Runway 10-28",485,,74.67,19,2025-09-28,2026-03-16,2023-06-01,0,1,0,0
14,Aviation & Aviation Infrastructure,Ministry of Civil Aviation,Airport Authority of India [AAI],701126,"Development of Dholera International Greenfield Airport , Gujarat",1305,1551.0,666.42,63,2026-06-30,2026-06-30,2022-06-14,0,0,0,0
15,Aviation & Aviation Infrastructure,Ministry of Civil Aviation,Airport Authority of India [AAI],701113,"Development of Lal Bahadur Shastri International airport, Varanasi including C/o New Terminal Building, Apron Extension, Runway Extension, PTT and allied works.",2870,,302.3,14,2027-07-20,2027-07-20,2024-07-01,0,1,0,0
16,Aviation & Aviation Infrastructure,Ministry of Civil Aviation,Airport Authority of India [AAI],612194,Development of New Civil Enclave and associated works at Darbhanga Airport,912,,133.01,23,2026-01-07,,2024-07-01,0,1,1,0
17,Aviation & Aviation Infrastructure,Ministry of Civil Aviation,Airport Authority of India [AAI],611495,Development of New Civil Enclave at Bagdogra Airport,1549,1549.0,262.41,10,2027-01-03,2027-01-03,2024-08-01,0,0,0,0
18,Aviation & Aviation Infrastructure,Ministry of Civil Aviation,Airport Authority of India [AAI],612183,Development of New Civil Enclave at Bihta,1413,,0.0,1,2027-09-30,,2024-08-28,0,1,1,0
19,Aviation & Aviation Infrastructure,Ministry of Civil Aviation,Airport Authority of India [AAI],701122,Development of New Integrated Civil Enclave at Agra Airport,579,,74.3,14,2026-07-04,,2024-06-01,0,1,1,0
20,Aviation & Aviation Infrastructure,Ministry of Civil Aviation,Airport Authority of India [AAI],701105,Goa Airport Terminal Building Extension Project,256,255.69,130.0,88,2021-12-09,2025-09-30,2017-11-01,0,0,0,0
21,Aviation & Aviation Infrastructure,Ministry of Civil Aviation,Adani Airport Holdings Limited,706724,Guwahati Airport New Integrated Terminal Building Construction Project,1712,,0.0,94,2025-03-31,,2016-12-01,0,1,1,0
22,Aviation & Aviation Infrastructure,Ministry of Civil Aviation,Adani Airport Holdings Limited,701091,Lucknow Airport-Terminal 3- Phase 1 & Other Associated Works,3100,,0.0,100,2026-03-31,,2018-06-01,0,1,1,0
23,Aviation & Aviation Infrastructure,Ministry of Civil Aviation,Airport Authority of India [AAI],611602,"Modernization of Chennai Airport, Phase II, Part 2",1207,,376.47,21,2025-07-31,2026-03-31,2018-05-14,0,1,0,0
24,Aviation & Aviation Infrastructure,Ministry of Civil Aviation,Airport Authority of India [AAI],611440,Procurment of 30 Nos ACFTs of WT Capacity 10KL at Various Airports,215,,104.92,53,2025-06-30,,,0,1,1,1
25,Aviation & Aviation Infrastructure,Ministry of Civil Aviation,Airport Authority of India [AAI],612791,"Re-Construction of Rigid portions of Secondary Runway, K and A Taxiway and Strengthening of C Taxiway at NSCBI Airport Kolkata.",328,,98.15,44,2025-02-10,2026-08-31,2023-04-01,0,1,0,0
26,Aviation & Aviation Infrastructure,Ministry of Civil Aviation,Airport Authority of India [AAI],611570,"SITC of ATM Automation System and ASMGCS [Including SMR & MLAT] for Mumbai, Navi Mumbai, MOPA [without ASMGCS], HIAL & BIAL",500,,306.21,74,2025-09-11,,,0,1,1,1
27,Aviation & Aviation Infrastructure,Ministry of Civil Aviation,Airport Authority of India [AAI],612793,"Widening of basic strip at Western Side of Runway Chainage 80m to 920m i/c slope stabilization Measures [Balance work] of uphill and Improvement of Storm Water Drainage System at Pakyong Airport, Sikkim on design & build basis [EPC] with integrated 10 years maintenance.",323,,29.69,12,2026-02-06,,2023-11-01,0,1,1,0
28,Coal,Ministry of Coal,South Eastern Coalfields Limited [SECL],613800,JAGANNATHPUR OC RCE PROJECT[3.0 MTY],459,,274.35,92,2025-03-31,2026-03-31,2016-07-25,0,1,0,0
29,Coal,Ministry of Coal,Ministry of Coal,611016,2.0 MTPA BHOJUDIH NLW WASHERY,385,,353.21,97,2020-09-30,2025-09-30,2015-12-08,0,1,0,0
30,Coal,Ministry of Coal,Ministry of Coal,611017,2.5 MTPA PATHERDIH NLW WASHERY,334,,138.69,48,2018-04-30,2026-03-31,2015-10-31,0,1,0,0
31,Coal,Ministry of Coal,Western Coalfields Limited [WCL],616223,ADASA UG TO OC MINE,316,,308.84,86,2024-03-31,2026-03-31,2018-11-16,0,1,0,0
32,Coal,Ministry of Coal,Ministry of Coal,400148,AMADAND OCP[4.0MTY],869,,274.45,75,2021-03-31,2027-03-31,2016-03-05,0,1,0,0
33,Coal,Ministry of Coal,Western Coalfields Limited [WCL],616229,AMAL GONDEGAON GHATROHANA EXPN OCP,669,,0.53,0,2030-03-31,,2024-09-10,0,1,1,0
34,Coal,Ministry of Coal,Ministry of Coal,611864,AMALAGAMATED NTST KUJAMA OCP 8.5MTY,4012,,398.5,28,2030-03-31,,2023-01-04,0,1,1,0
35,Coal,Ministry of Coal,Western Coalfields Limited [WCL],615185,AMALGAMATED DHANKASA & JAMUNIA UG,399,,72.21,67,2027-03-31,,2022-09-19,0,1,1,0
36,Coal,Ministry of Coal,Western Coalfields Limited [WCL],616050,AMALGAMATED INDER-KAMPTEE DEEP OC,236,,237.12,98,2024-03-31,2026-03-31,2018-09-22,0,1,0,0
37,Coal,Ministry of Coal,Western Coalfields Limited [WCL],400177,AMALGAMATED YEKONA I & YEKONA II OC,727,,524.54,80,2025-03-31,2026-03-31,2015-08-12,0,1,0,0
38,Coal,Ministry of Coal,South Eastern Coalfields Limited [SECL],613798,AMERA OC RCE [1.0 MTY],336,,87.47,42,2026-03-31,,2015-02-04,0,1,1,0
39,Coal,Ministry of Coal,South Eastern Coalfields Limited [SECL],613799,AMGAON OC RCE [1.0 MTY],316,,188.53,71,2026-03-31,,2015-07-25,0,1,1,0
40,Coal,Ministry of Coal,Western Coalfields Limited [WCL],615916,AMLG GAURI PAUNI EXPANSION OC - 9.0 MTY,1225,,78.41,1,2030-03-31,,2024-04-26,0,1,1,0
41,Coal,Ministry of Coal,Mahanadi Coalfields Limited (MCL),616233,BALABHADRA OCP,978,,211.36,8,2030-03-31,,2023-04-19,0,1,1,0
42,Coal,Ministry of Coal,Mahanadi Coalfields Limited (MCL),400183,BALARAM EXPANSION OCP,3504,,1027.23,52,2029-03-31,,2020-06-12,0,1,1,0
43,Coal,Ministry of Coal,Western Coalfields Limited [WCL],615330,BALLARPUR NORTH WEST OC MINE,361,,0.0,4,2029-03-31,,2022-12-16,0,1,1,0
44,Coal,Ministry of Coal,South Eastern Coalfields Limited [SECL],400149,BAROUD OC EXPANSION [3.0-10.0MTY],2310,,913.03,47,2029-03-31,,2020-08-04,0,1,1,0
45,Coal,Ministry of Coal,Mahanadi Coalfields Limited (MCL),615193,BASUNDHARA WEST EXTENSION OPENCAST PRO,479,,259.2,62,2027-03-31,,2014-05-01,0,1,1,0
46,Coal,Ministry of Coal,Mahanadi Coalfields Limited (MCL),400392,BHARATPUR RE-ORGANIZATION OCP,2839,,1748.9,47,2029-03-31,,2018-11-12,0,1,1,0
47,Coal,Ministry of Coal,Western Coalfields Limited [WCL],400033,BHATADI EXPANSION OC,581,,20.52,26,2028-03-31,,2022-05-19,0,1,1,0
48,Coal,Ministry of Coal,Mahanadi Coalfields Limited (MCL),400179,BHUBANESWARI EXPANSION OCP,3145,6321.73,1250.66,21,2031-03-31,,2023-01-04,0,0,1,0
49,Coal,Ministry of Coal,Mahanadi Coalfields Limited (MCL),616231,BHUBANESWARI EXPN OCP 50 MTY,5366,,0.0,3,2033-03-31,,,0,1,1,1
50,Coal,Ministry of Coal,Northern Coalfields Limited [NCL],400369,BINA KAKRI AMALGAMATION EXPANSION OPENCAST MINING PROJECT [14 MTPA],836,,778.77,89,2024-03-31,2027-03-31,2020-08-25,0,1,0,0
51,Coal,Ministry of Coal,Northern Coalfields Limited [NCL],400162,BLOCK B EXPANSION [3.5 TO 8.0 MTPA] OPENCAST COAL MINING PROJECT,999,,458.01,46,2023-03-31,2027-03-31,2019-07-22,0,1,0,0
52,Coal,Ministry of Coal,Ministry of Coal,616253,BLOCK E OCP,5851,,0.0,2,2029-03-31,,2024-03-26,0,1,1,0
53,Coal,Ministry of Coal,Eastern Coal Fields Limited [ECL],400180,BONJEMEHARI EXPANSION OCP,570,570.11,81.29,16,2026-03-31,2026-03-31,2021-08-10,0,0,0,0
54,Coal,Ministry of Coal,Ministry of Coal,400138,CHANDRAGUPT OCP,974,,440.32,15,2032-03-31,,2020-08-04,0,1,1,0
55,Coal,Ministry of Coal,South Eastern Coalfields Limited [SECL],400145,CHHAL OC SEAM III [6 MTY],611,,577.46,85,2022-03-31,2025-09-30,2013-12-16,0,1,0,0
56,Coal,Ministry of Coal,Eastern Coal Fields Limited [ECL],400172,CHITRA EAST OC,514,,228.71,51,2026-03-31,,2018-08-11,0,1,1,0
57,Coal,Ministry of Coal,Eastern Coal Fields Limited [ECL],616225,CHUPERBHITA SIMLONG OCP MDO 6 MTY,979,,0.0,0,2037-03-31,,2023-12-29,0,1,1,0
58,Coal,Ministry of Coal,Western Coalfields Limited [WCL],400353,DHUPTALA OC [SASTI UG TO OC ],711,,80.33,17,2028-03-31,,2021-10-08,0,1,1,0
59,Coal,Ministry of Coal,Western Coalfields Limited [WCL],400178,DINESH[MAKARDHOKRA-III] OC,823,822.88,621.73,35,2027-03-31,,2020-02-11,0,0,1,0
60,Coal,Ministry of Coal,South Eastern Coalfields Limited [SECL],400354,DIPKA EXPANSION OCP [40 MTY],5241,,2675.0,37,2029-03-31,,2020-12-24,0,1,1,0
61,Coal,Ministry of Coal,SECL - CIL,612838,DIPKA OC,7580,,3091.0,65,2025-03-31,,,0,1,1,1
62,Coal,Ministry of Coal,Ministry of Coal,400156,EPR AMRAPALI OCP,5136,,1125.18,43,2028-03-31,,2020-02-11,0,1,1,0
63,Coal,Ministry of Coal,Ministry of Coal,400155,EPR ASHOK OC,2898,,176.6,21,2028-03-31,,2021-05-10,0,1,1,0
64,Coal,Ministry of Coal,Ministry of Coal,400154,EPR PUNDI OCP,713,,236.57,10,2027-03-31,,2020-11-11,0,1,1,0
65,Coal,Ministry of Coal,Ministry of Coal,400153,EPR ROHINI - KARKETTA OCP,1020,,83.95,20,2028-03-31,,2021-01-18,0,1,1,0
66,Coal,Ministry of Coal,Western Coalfields Limited [WCL],615331,GADEGAON OC 3 MTY,497,,0.0,0,2030-03-31,,2023-10-28,0,1,1,0
67,Coal,Ministry of Coal,Western Coalfields Limited [WCL],615206,GANDHIGRAM UG MINE,414,,13.27,57,2026-03-31,,2019-08-31,0,1,1,0
68,Coal,Ministry of Coal,Western Coalfields Limited [WCL],615917,GAURIDEEP/GAURI CENTRAL OCP 7.00 MTY CP,973,,0.11,0,2030-03-31,,2024-06-06,0,1,1,0
69,Coal,Ministry of Coal,South Eastern Coalfields Limited [SECL],400424,GEVRA OC [70 MTY],11816,,5328.96,77,2023-03-31,2026-03-31,2016-03-05,0,1,0,0
70,Coal,Ministry of Coal,Western Coalfields Limited [WCL],615914,GHONSA EXPANSION DEEP OC MINE 1.5 MTY,185,,10.48,6,2029-03-31,,2021-03-23,0,1,1,0
71,Coal,Ministry of Coal,Singareni Collieries Company Limited [SCCL],615860,Godavarikhani Coal Mine - 5,607,,178.82,71,2025-03-31,2026-03-31,2019-07-01,0,1,0,0
72,Coal,Ministry of Coal,Western Coalfields Limited [WCL],615192,GOKUL EXTENSION OC MINE,310,,29.85,8,2026-03-31,,2021-04-23,0,1,1,0
73,Coal,Ministry of Coal,Singareni Collieries Company Limited [SCCL],615862,Goleti Opencast Mine,346,,73.25,20,2026-03-31,,2021-07-01,0,1,1,0
74,Coal,Ministry of Coal,Mahanadi Coalfields Limited (MCL),400185,GOPALJI KANIHA OCP [10 TO 30 MTY],8416,6107.87,1694.31,17,2030-03-31,,2022-04-25,0,0,1,0
75,Coal,Ministry of Coal,Mahanadi Coalfields Limited (MCL),616232,HINGULA II OC EXPN PH III 15 MTY,1562,,50.15,23,2029-03-31,,,0,1,1,1
76,Coal,Ministry of Coal,ECL - CIL,400018,HURA C OCP,859,,450.47,62,2029-03-31,,2022-08-10,0,1,1,0
77,Coal,Ministry of Coal,Singareni Collieries Company Limited [SCCL],615861,Indaram Opencast Project,425,,402.64,80,2025-03-31,2026-03-31,2017-08-01,0,1,0,0
78,Coal,Ministry of Coal,Mahanadi Coalfields Limited (MCL),616226,INTEGRATED KULDA GARJANBAHAL OCP 40 MTY,3564,,150.7,3,2033-03-31,,,0,1,1,1
79,Coal,Ministry of Coal,Mahanadi Coalfields Limited (MCL),400187,INTEGRATED LAKHANPUR-BELPAHAR-LILARI OCP,2435,,1805.65,61,2027-03-31,,2018-05-22,0,1,1,0
80,Coal,Ministry of Coal,Eastern Coal Fields Limited [ECL],612816,ITAPARA OCP,929,,65.61,7,2030-03-31,,2023-12-29,0,1,1,0
81,Coal,Ministry of Coal,SECL - CIL,613795,JAMPALI OC RCE [2.0 MTY],279,,210.07,82,2025-03-31,2025-06-30,2020-05-27,0,1,0,0
82,Coal,Ministry of Coal,CCL - CIL,616236,JARANGDIH EXPN. OCP 1.5 MTY,414,,85.6,26,2029-03-31,,2020-02-03,0,1,1,0
83,Coal,Ministry of Coal,Singareni Collieries Company Limited [SCCL],615818,Jawahar Khani Open Cast Mine,298,,46.39,20,2025-03-31,2027-03-31,2021-12-01,0,1,0,0
84,Coal,Ministry of Coal,Eastern Coal Fields Limited [ECL],400312,JHANJRA EXPANSION UG,1210,,514.93,40,2029-03-31,,2020-04-16,0,1,1,0
85,Coal,Ministry of Coal,Ministry of Coal,400352,JHARKHAND-LAIYO OCP,765,,145.81,25,2031-03-31,,2020-08-25,0,1,1,0
86,Coal,Ministry of Coal,South Eastern Coalfields Limited [SECL],613803,JHIRIA WEST OCP [1.5 MTY],367,,25.07,41,2026-03-31,,2024-01-30,0,1,1,0
87,Coal,Ministry of Coal,Singareni Collieries Company Limited [SCCL],615859,Kakathiya Khani Opencast - III Project Phase - I,414,,397.55,79,2026-03-31,,2017-03-01,0,1,1,0
88,Coal,Ministry of Coal,Singareni Collieries Company Limited [SCCL],615865,Kakatiyakhani OC - 2 Project,442,,203.15,63,2025-03-31,2026-03-31,2017-08-19,0,1,0,0
89,Coal,Ministry of Coal,Singareni Collieries Company Limited [SCCL],615858,Kalyanikhani Opencast Project,384,,281.83,75,2026-03-31,,2016-03-01,0,1,1,0
90,Coal,Ministry of Coal,South Eastern Coalfields Limited [SECL],613802,KANCHAN OC EXP,371,,144.61,47,2026-03-31,,2014-12-17,0,1,1,0
91,Coal,Ministry of Coal,Ministry of Coal,400074,KARO EXPANSION OCP,908,,251.79,22,2029-03-31,,2022-01-24,0,1,1,0
92,Coal,Ministry of Coal,South Eastern Coalfields Limited [SECL],615191,KATKONA RO UG MINE,329,,60.3,2,2029-03-31,,2023-01-29,0,1,1,0
93,Coal,Ministry of Coal,Northern Coalfields Limited [NCL],615183,KHADIA EXPANSION [10 TO 16 MTPA] OPENCAST MINING PROJECT,492,,202.18,40,2025-03-31,2027-03-31,2021-06-01,0,1,0,0
94,Coal,Ministry of Coal,Western Coalfields Limited [WCL],617278,KOLARPIMPRI EXPANSION OC [2.5 MTY],630,,0.0,0,2030-03-31,,2024-06-05,0,1,1,0
95,Coal,Ministry of Coal,Western Coalfields Limited [WCL],615199,KOLGAON EXPANSION DEEP OC MINE 0.80 MTY,199,,0.71,3,2027-03-31,,2023-09-28,0,1,1,0
96,Coal,Ministry of Coal,Ministry of Coal,400073,KONAR EXPANSION OCP,799,,426.16,46,2032-03-31,,2022-01-24,0,1,1,0
97,Coal,Ministry of Coal,Ministry of Coal,400139,KOTRE BASANTPUR PACHMO OCP,861,625.4,441.05,41,2032-03-31,,2020-08-04,0,0,1,0
98,Coal,Ministry of Coal,South Eastern Coalfields Limited [SECL],400147,KUSMUNDA OC EXPANSION [15 TO 50 MTY],7612,,4697.95,81,2023-03-31,2030-03-31,2013-08-03,0,1,0,0
99,Coal,Ministry of Coal,SECL - CIL,617287,KUSMUNDA OC EXPANSION PROJECT 50-75 MTY,4517,,16.97,3,2030-03-31,,2024-11-29,0,1,1,0
100,Coal,Ministry of Coal,South Eastern Coalfields Limited [SECL],613801,MAHAMAYA OCP [1.50 MTY],410,,169.3,38,2026-03-31,,2018-05-24,0,1,1,0
101,Coal,Ministry of Coal,Western Coalfields Limited [WCL],615189,MAKARDHOKRA EXPN OC 4.9 MTY,362,,67.64,12,2026-03-31,,2022-06-14,0,1,1,0
102,Coal,Ministry of Coal,South Eastern Coalfields Limited [SECL],617288,MANIKPUR OC EXPANSION PROJECT 7 MTY,383,,0.86,1,2029-03-31,,2025-01-13,0,1,1,0
103,Coal,Ministry of Coal,Bharat Coking Coal Limited [BCCL],400313,Master Plan for Jharia and Raniganj Coalfields,2662,,787.75,43,2019-08-11,2028-12-31,2009-08-12,0,1,0,0
104,Coal,Ministry of Coal,Eastern Coal Fields Limited [ECL],400173,MOHANPUR EXPANSION OC -PHASE II,889,,85.51,30,2026-03-31,,2020-11-11,0,1,1,0
105,Coal,Ministry of Coal,BCCL - CIL,400425,MOONIDIH XV SEAM UG,1230,,624.17,81,2019-03-31,2026-05-31,2011-08-12,0,1,0,0
106,Coal,Ministry of Coal,Ministry of Coal,613808,MURAIDIH UG PROJECT,340,,190.65,70,2014-04-30,2026-12-31,2011-02-14,0,1,0,0
107,Coal,Ministry of Coal,Western Coalfields Limited [WCL],615919,N. EXTN. MUNGOLI NIRGUDA D OCP 6.125 MTY,1025,,165.54,0,2030-03-31,,2024-06-05,0,1,1,0
108,Coal,Ministry of Coal,Singareni Collieries Company Limited [SCCL],615857,Naini Coal Mine,494,,491.33,80,2026-03-31,,2020-03-01,0,1,1,0
109,Coal,Ministry of Coal,Eastern Coal Fields Limited [ECL],400181,NAKRAKONDA KUMARDIH- B OCP,503,,70.97,25,2029-03-31,,2018-08-11,0,1,1,0
110,Coal,Ministry of Coal,Western Coalfields Limited [WCL],615188,NEW MAJRI UG TO OC 3 MTY COST PLUS,402,,41.08,24,2027-03-31,,2022-09-02,0,1,1,0
111,Coal,Ministry of Coal,Northern Coalfields Limited [NCL],400321,NIGAHI EXPANSION [15 TO 25 MTPA] OPENCAST MINING PROJECT,1730,,772.91,44,2025-03-31,2028-03-31,2020-11-11,0,1,0,0
112,Coal,Ministry of Coal,Western Coalfields Limited [WCL],615982,NILJAI EXPANSION DEEP OCP,320,,367.6,79,2022-03-31,2026-03-31,2016-08-27,0,1,0,0
113,Coal,Ministry of Coal,Ministry of Coal,400151,NORTH URIMARI EXPANSION OCP,779,,695.11,67,2029-03-31,,2021-07-12,0,1,1,0
114,Coal,Ministry of Coal,NLC India Limited [NLCIL],400142,Pachwara South Coal Block,2243,,1165.64,54,2028-09-30,,,0,1,1,1
115,Coal,Ministry of Coal,Eastern Coal Fields Limited [ECL],616230,PARASCOLE JAMBAD OCP,1194,,6.79,0,2037-03-31,,2024-11-29,0,1,1,0
116,Coal,Ministry of Coal,Eastern Coal Fields Limited [ECL],613794,PARASEA-BELBAID UG PROJECT,389,,131.42,16,2028-03-31,,2023-01-31,0,1,1,0
117,Coal,Ministry of Coal,South Eastern Coalfields Limited [SECL],616234,PELMA OC MDO,1725,,15.63,17,2033-03-31,,2022-10-14,0,1,1,0
118,Coal,Ministry of Coal,South Eastern Coalfields Limited [SECL],400144,PORDA CHIMTAPANI OCP [10 MTY],2310,,83.66,10,2029-03-31,,2020-12-24,0,1,1,0
119,Coal,Ministry of Coal,Ministry of Coal,400160,RAJRAPPA RCE OCP,511,,488.57,76,2016-03-31,2027-03-31,2009-12-23,0,1,0,0
120,Coal,Ministry of Coal,Singareni Collieries Company Limited [SCCL],615864,Ramagundam OC-II Extension Project,490,,405.54,77,2026-03-31,,2015-11-01,0,1,1,0
121,Coal,Ministry of Coal,South Eastern Coalfields Limited [SECL],400152,RAMPUR BATURA OCP [4.0MTY],1249,,495.4,44,2026-03-31,,2019-07-22,0,1,1,0
122,Coal,Ministry of Coal,Ministry of Coal,400150,RPR MAGADH EXP OCP,7254,,1534.64,38,2028-03-31,,2020-08-04,0,1,1,0
123,Coal,Ministry of Coal,Western Coalfields Limited [WCL],615918,RPR OF BHANEGAON OC,405,,11.71,8,2028-03-31,,2022-09-19,0,1,1,0
124,Coal,Ministry of Coal,Western Coalfields Limited [WCL],615187,RPR OF VISHNUPURI UG TO OC,221,,0.0,11,2029-03-31,,2022-11-04,0,1,1,0
125,Coal,Ministry of Coal,WCL - CIL,613804,RPR TAWA-III UG 0.84 MTY,314,,5.7,17,2027-03-31,,2021-12-28,0,1,1,0
126,Coal,Ministry of Coal,Ministry of Coal,400136,SANGHMITRA OC,2660,,0.0,0,2032-03-31,,2024-03-26,0,1,1,0
127,Coal,Ministry of Coal,Western Coalfields Limited [WCL],615184,SAONER UG MINE -1 EXPANSION 1.2 MTY,229,,139.81,68,2028-03-31,,2022-01-31,0,1,1,0
128,Coal,Ministry of Coal,Western Coalfields Limited [WCL],615186,SASTI EXPANSION OPENCAST,319,,90.96,20,2026-03-31,,2020-08-04,0,1,1,0
129,Coal,Ministry of Coal,Western Coalfields Limited [WCL],615195,SHARDA UG MINE,166,,2.78,9,2028-03-31,,2023-09-05,0,1,1,0
130,Coal,Ministry of Coal,Eastern Coal Fields Limited [ECL],613793,SHYAMSUNDARPUR UG INCLUDING SARPI,484,,55.89,12,2026-03-31,,2020-04-16,0,1,1,0
131,Coal,Ministry of Coal,Mahanadi Coalfields Limited (MCL),400166,SIARMAL OCP,5195,,3455.65,54,2029-03-31,2028-03-31,2021-02-02,1,1,0,0
132,Coal,Ministry of Coal,ECL - CIL,400182,SIDULI [OC & UG],535,,5.05,14,2027-03-31,,2018-05-22,0,1,1,0
133,Coal,Ministry of Coal,Western Coalfields Limited [WCL],615190,SINGHORI DEEP OC MIN 2.0 MTY,336,,26.64,6,2029-03-31,,2022-05-05,0,1,1,0
134,Coal,Ministry of Coal,Ministry of Coal,615822,SIRKA OC,223,,139.31,60,2028-03-31,,2020-05-04,0,1,1,0
135,Coal,Ministry of Coal,Eastern Coal Fields Limited [ECL],400315,SONEPUR BAZARI EXPANSION OCP [12 MTY],5366,,571.02,17,2029-03-31,,2021-07-28,0,1,1,0
136,Coal,Ministry of Coal,Mahanadi Coalfields Limited (MCL),400165,SUBHADRA OCP,1694,,1278.66,42,2029-03-31,2029-03-31,2021-03-25,0,1,0,0
137,Coal,Ministry of Coal,Ministry of Coal,615349,TAPIN SOUTH EXPN,230,,21.0,20,2028-03-31,,2020-11-04,0,1,1,0
138,Coal,Ministry of Coal,Ministry of Coal,615843,TETARIAKHAR OC,244,,44.64,28,2025-03-31,2027-03-31,2019-11-04,0,1,0,0
139,Coal,Ministry of Coal,MIS MoCoal Integration Logins,615820,TIKAK EXTENSION OCP,160,,80.84,0,2031-07-04,,2022-07-05,0,1,1,0
140,Coal,Ministry of Coal,Eastern Coal Fields Limited [ECL],400186,TILABONI UG,749,,51.73,10,2029-03-31,2029-03-31,2023-01-31,0,1,0,0
141,Coal,Ministry of Coal,MIS MoCoal Integration Logins,615821,TIRAP OCP,289,,105.47,0,2030-11-27,,2022-11-28,0,1,1,0
142,Coal,Ministry of Coal,Western Coalfields Limited [WCL],616044,UKNI DEEP OC MINE -COST PLUS,237,,159.21,87,2021-03-31,2026-03-31,2019-01-09,0,1,0,0
143,Coal,Ministry of Coal,Western Coalfields Limited [WCL],615194,URDHAN EXPANSION OC COST PLUS,207,,23.22,1,2031-03-31,,2023-01-09,0,1,1,0
144,Coal,Ministry of Coal,Singareni Collieries Company Limited [SCCL],615863,Venkatesh Khani Coal Mine,484,,434.44,75,2026-03-31,,2020-10-01,0,1,1,0
145,Coal,Ministry of Coal,Western Coalfields Limited [WCL],617233,WAGHODA UG MINE [1.02 MTY],379,,0.0,0,2030-03-31,,2024-01-29,0,1,1,0
146,Coal,Ministry of Power,National Thermal Power Corporation [NTPC],603293,Badam Coal Mining project of NTPC,502,784.0,302.2,59,2056-12-31,2027-04-01,2019-02-01,1,0,0,0
147,Coal,Ministry of Power,Damodar Valley Corporation,400192,Tubed Coal Mine,1581,,599.18,34,2026-05-31,2026-05-31,,0,1,0,1
148,Construction,Ministry of Housing & Urban Affairs,Central Public Works Department [CPWD],617282,"C/o 184 MS Flats for Hon'ble MPs at BKS Marg, New Delhi",647,646.52,518.46,98,2025-05-20,2025-08-31,2022-01-21,0,0,0,0
149,Construction,Ministry of Mines,Central Public Works Department (CPWD),617280,"Construction of Basement + Ground Floor+ 10 Storeyed building for State of the Art Director General, GSI Building at plot No.GN-40, Sector-V, Salt Lake, Kolkata",255,,78.34,35,2026-08-31,,2019-04-16,0,1,1,0
150,Education,Department of Higher Education,"Indian Institute of Technology, Bombay",612203,Academic Block 1 & 2,68,263.93,22.15,16,2026-07-31,2027-03-31,,0,0,0,1
151,Education,Department of Higher Education,NIT Patna,606013,Additional Campus of NITPatna,499,,425.47,91,2024-07-31,2026-01-31,2022-07-22,0,1,0,0
152,Education,Department of Higher Education,IISC Bangalore,610940,"Additional Infrastructure at IISc Bangalore-RCC Monolithic for Men Hostel S14, Women Hostel S11 , Postdoctoral Hostel S12 2 Block , International Hostel S 12 , D&E Block S 12 2 Block FR.",420,420.41,360.72,99,2024-03-31,2025-09-30,2021-08-01,0,0,0,0
153,Education,Department of Higher Education,Banaras Hindu University,606479,Banaras Hindu University [ Kayakalp of Institute of Medical Sciences],246,,185.83,93,2022-09-30,2026-03-31,,0,1,0,1
154,Education,Department of Higher Education,National Institute of Technology Uttarakhand,611963,"Construction & Development of Infrastructural Facilities in the main campus of NIT Uttarakhand at Sumari, Pauri Garhwal",651,,130.0,24,2027-09-30,,2020-06-30,0,1,1,0
155,Education,Department of Higher Education,"National Institute of Technology, Meghalaya",612885,Construction and Developement of National Institute of Technology Meghalaya Permanent Campus at Sohra,495,,413.57,86,2022-03-31,2025-07-31,2020-03-04,0,1,0,0
156,Education,Department of Higher Education,Central University of Punjab,617221,"Construction of Girls Hostel 400 seater, Boys Hostel 600 seater, Academic Block, International Hostel 100 seater, VC Residence and Purchase of Equipment",211,,0.0,0,2027-10-03,,2024-08-01,0,1,1,0
157,Education,Department of Higher Education,"Indian Institute of Management, Jammu",602098,"Construction of Permanent Campus for IIM Jammu Phase-1 at Jagti, Nagrota, Jammu, J&K",425,500.91,484.52,96,2023-06-30,2025-08-31,2019-03-01,0,0,0,0
158,Education,Department of Higher Education,INDIAN INSTITUTE OF TECHNOLOGY PALAKKAD,606431,CONSTRUCTION OF PERMANENT CAMPUS FOR IIT PALAKKAD UNDER PHASE 1A,1006,1217.4,615.95,66,2022-06-07,2026-11-30,2017-07-01,0,0,0,0
159,Education,Department of Higher Education,Ministry of Education,612876,"Construction of Permanent Campus for NIT Mizoram at Lengpui, Aizawl",474,474.23,167.55,4,2029-12-31,2029-12-31,2020-03-04,0,0,0,0
160,Education,Department of Higher Education,Central Tribal University of Andhra Pradesh,613008,Construction of Permanent Campus of Central Tribal University of Andhra Pradesh Phase-1,305,,83.33,24,2027-06-26,,,0,1,1,1
161,Education,Department of Higher Education,Gujarat,612916,"Construction of permanent campus of Central University of Gujarat at Village kundhela, Dist. Vadodara, Gujarat.",491,,301.44,76,2025-03-31,2026-03-31,,0,1,0,1
162,Education,Department of Higher Education,"Central University, Himachal Pradesh",612894,"Construction of Permanent Campus of Central University of Himachal Pradesh at Dehra, District - Kangra, [H.P.] on Engineering. Procurement and Construction [EPC Mode 1] Basis.",252,300.45,183.36,78,2024-11-18,2025-11-30,2021-03-10,0,0,0,0
163,Education,Department of Higher Education,"Indian intitue of Management, Amritsar",605292,"Construction of Permanent Campus of Indian Institute of Management [IIM] Amritsar, Punjab, Phase-I",348,,290.39,91,2023-06-30,2025-12-31,2019-10-01,0,1,0,0
164,Education,Department of Higher Education,"National Institute of Technology, Arunachal Pradesh",612898,Construction of Permanent Campus of National Institute of Technology Arunachal Pradesh,593,,549.96,75,2026-08-31,,,0,1,1,1
165,Education,Department of Higher Education,"Indian Institute of Technology, Hyderabad",609996,Construction of Precast housing and hostels at IIT Hyderabad,262,,164.4,71,2024-10-23,2026-01-01,,0,1,0,1
166,Education,Department of Higher Education,Sikkim University,609736,"Construction of Sikkim University Campus Phase-I Package-II at Yangang, South Sikkim",314,,238.22,82,2025-01-04,2025-09-30,2020-08-01,0,1,0,0
167,Education,Department of Higher Education,Delhi University,616886,Delhi University Eastern Campus at Surajmal Vihar,373,,18.03,15,2026-10-31,,,0,1,1,1
168,Education,Department of Higher Education,NIT Nagaland,613013,Establishment of NIT Nagaland,276,,257.82,93,2025-12-31,,,0,1,1,1
169,Education,Department of Higher Education,"National Institute of Technology, Puducherry",612877,Establishment of NIT Puducherry Permanent Campus [Phase-I and Phase-II],618,544.34,509.24,94,2024-12-31,2025-08-31,2020-03-04,0,0,0,0
170,Education,Department of Higher Education,Ministry of Education,612883,Establishment of Permanent Campus of NIT SIkkim at Khamdong-Gangtok District,686,610.76,121.56,7,2028-02-12,2026-12-31,2024-02-12,1,0,0,0
171,Education,Department of Higher Education,"Indian Institute of Management, Sirmaur",602099,Establishment of Permanent campus Phase 1 of IIM Sirmaur,393,454.78,320.75,92,2023-10-31,2026-02-28,2018-09-17,0,0,0,0
172,Education,Department of Higher Education,"Indian Institute of Technology, Kharagpur",609019,"HEFA projects on development of student hostels, playgrounds, departmental buildings, class room complex and other campus facilities in IIT Kharagpur",500,442.0,382.6,87,2023-03-31,2026-03-31,2018-06-25,0,0,0,0
173,Education,Department of Higher Education,"Indian Institute of Technology, Bombay",612135,Hostel 4 -Earlier Known as Hostel 20,182,,132.44,94,2025-09-30,,,0,1,1,1
174,Education,Department of Higher Education,"Indian Institute of Technology, Mandi",612128,Hostel blocks & dining hall block,167,,72.09,58,2026-03-26,2026-03-26,,0,1,0,1
175,Education,Department of Higher Education,"Indian Institutes of Science Education and Research, Behrampur",610315,IISER BERHAMPUR,1229,773.76,835.55,97,2021-03-31,2025-11-30,2018-10-24,0,0,0,0
176,Education,Department of Higher Education,"Indian Institute of Technology, Kharagpur",609041,"IoE Projects [Civil Works], IIT Kharagpur",287,,310.0,86,2023-03-31,2026-12-31,,0,1,0,1
177,Education,Department of Higher Education,Ministry of Education,612851,"Phase 1B - Construction of Academic Block, Hostel, Residential Tower, Directors Residence and External Development works at National Institute of Technology, Delhi Campus on Engineering, Procurement and Construction basis",333,,272.95,88,2025-09-30,,,0,1,1,1
178,Education,Department of Higher Education,"Indian Institute of Technology, Indore",611957,"Phase III A works at IIT Indore [03 Hostels, 01 Studio Apartment, 01 Housing, Heavy & Sophisticated lab complex, Academic POD and Infrastructure for center of excellence]",496,,138.6,30,2026-12-31,,,0,1,1,1
179,Education,Department of Higher Education,Tezpur University,606112,Tezpur University Projects,154,,288.87,93,2023-11-08,2025-08-31,2019-05-29,0,1,0,0
180,Electricity Generation,Ministry of Coal,NLC India Limited [NLCIL],612819,300 MW SPP part of 510 MW CPSU scheme,1813,1813.0,769.57,68,2024-09-27,2025-09-30,,0,0,0,1
181,Electricity Generation,Ministry of Coal,NLC India Limited [NLCIL],615327,50 MW Solar PP Minedout Area,218,,160.93,46,2025-03-31,2025-09-30,,0,1,0,1
182,Electricity Generation,Ministry of Coal,NLC India Limited [NLCIL],617299,50 MW Wind Power Project,384,,303.5,41,2025-06-30,2026-01-31,2022-07-21,0,1,0,0
183,Electricity Generation,Ministry of Coal,NLC India Limited [NLCIL],400259,Ghatampur Thermal Power Plant 3 X 660 MW,17238,21780.9,20135.5,92,2020-11-26,2025-10-31,,0,0,0,1
184,Electricity Generation,Ministry of Coal,NLC India Limited [NLCIL],400231,NLC Talabira Thermal Power Project,27213,,1938.68,1,2030-03-31,,,0,1,1,1
185,Electricity Generation,Ministry of Power,North Eastern Electric Power Corporation Limited,611699,186 MW Tato-I H E Project,1750,,102.79,2,2029-07-29,,2024-12-11,0,1,1,0
186,Electricity Generation,Ministry of Power,North Eastern Electric Power Corporation Limited,611698,240MW Heo HE Project,1939,,49.31,3,2029-07-29,,2024-12-11,0,1,1,0
187,Electricity Generation,Ministry of Power,Satluj Jal Vidyut Nigam [SJVN] Thermal Limited,602633,382 MW Sunni Dam HEP,2615,,495.57,0,2027-03-31,,,0,1,1,1
188,Electricity Generation,Ministry of Power,Satluj Jal Vidyut Nigam [SJVN] Thermal Limited,709747,Bagodara Solar Power Project,339,,317.59,51,2025-12-31,2025-12-31,2021-03-26,0,1,0,0
189,Electricity Generation,Ministry of Power,Satluj Jal Vidyut Nigam [SJVN] Thermal Limited,709748,BIKANER SOLAR POWER PROJECT,5492,,4606.84,82,2024-04-04,2025-12-31,2021-10-04,0,1,0,0
190,Electricity Generation,Ministry of Power,Satluj Jal Vidyut Nigam [SJVN] Thermal Limited,602579,Buxar Thermal Power Project [1320 MW],10439,13756.6,11971.0,92,2024-01-08,2025-11-30,2019-03-08,0,0,0,0
191,Electricity Generation,Ministry of Power,Satluj Jal Vidyut Nigam [SJVN] Thermal Limited,602582,Dhaulasidh Hydro Electric Project [66 MW],688,1511.87,908.65,67,2025-11-05,2027-03-31,2020-10-01,0,0,0,0
192,Electricity Generation,Ministry of Power,National Highways & Infrastructure Development Corporation Ltd. [NHIDCL],602182,Dibang Multipurpose Project,31876,,3436.38,16,2032-02-26,2032-02-26,2023-02-27,0,1,0,0
193,Electricity Generation,Ministry of Power,Damodar Valley Corporation,602538,Installation of FGD for 4x210 & 2x250 MW MTPS U 1-6,1037,1106.0,1085.39,91,2024-01-22,2025-12-31,,0,0,0,1
194,Electricity Generation,Ministry of Power,THDC India Limited,602194,Khurja super Thermal Power Plant [2X660 MW],11089,13276.2,12429.0,96,2024-02-02,2025-08-31,2019-03-07,0,0,0,0
195,Electricity Generation,Ministry of Power,National Highways & Infrastructure Development Corporation Ltd. [NHIDCL],602532,Kiru HE Project,4288,,3055.87,66,2023-09-07,2026-03-24,2019-03-08,0,1,0,0
196,Electricity Generation,Ministry of Power,Damodar Valley Corporation,611509,"Koderma Thermal Power Station Phase II [2X800 MW] At Koderma, Jharkhand",14358,,1116.7,1,2029-03-14,,,0,1,1,1
197,Electricity Generation,Ministry of Power,National Highways & Infrastructure Development Corporation Ltd. [NHIDCL],605155,Kwar HE Project,4526,,1078.61,23,2026-11-10,,2022-05-10,0,1,1,0
198,Electricity Generation,Ministry of Power,National Thermal Power Corporation [NTPC],611930,Lara Super Thermal Power Project Stage-II [2 x 800 MW],15530,,2288.0,14,2028-06-30,,2023-08-29,0,1,1,0
199,Electricity Generation,Ministry of Power,Satluj Jal Vidyut Nigam [SJVN] Thermal Limited,602593,Luhri Stage-I Hydro Electric Project [210 MW],1811,3584.53,1742.92,51,2026-01-19,2029-08-31,2020-11-20,0,0,0,0
200,Electricity Generation,Ministry of Power,Satluj Jal Vidyut Nigam [SJVN] Thermal Limited,709820,OMKARESHWAR FLOATING SOLAR POWER PROJECT [90 MW],646,,0.0,0,2024-08-31,,,0,1,1,1
201,Electricity Generation,Ministry of Power,National Highways & Infrastructure Development Corporation Ltd. [NHIDCL],602525,"Pakal Dul [Drangdhuran] Hydroelectric Project, 1000 MW",8112,,6916.1,71,2020-04-27,2026-09-28,2014-10-28,0,1,0,0
202,Electricity Generation,Ministry of Power,National Thermal Power Corporation [NTPC],400261,Patratu Thermal Power Station Expansion Project Phase-I [3x800 MW],17112,20302.0,17365.0,81,2023-03-31,2026-11-30,2017-11-30,0,0,0,0
203,Electricity Generation,Ministry of Power,Damodar Valley Corporation,400062,"Raghunathpur Thermal Power Station Phase II [2X660 MW] at Raghunathpur, Purulia, West Bengal",17673,,1183.7,1,2029-06-30,,,0,1,1,1
204,Electricity Generation,Ministry of Power,National Thermal Power Corporation [NTPC],602184,Rammam-III HEPP [3x40 MW],1382,,1266.0,45,2019-09-30,2029-03-31,2024-09-10,1,1,0,0
205,Electricity Generation,Ministry of Power,National Highways & Infrastructure Development Corporation Ltd. [NHIDCL],605156,Rangit-IV HE Project [120 MW] executed by Jal Power Corporation Ltd. [JPCL] -A wholly owned subsidiary of NHPC Ltd. acquired through NCLT,938,1828.11,1554.15,90,2024-05-29,2025-12-28,2021-03-30,0,0,0,0
206,Electricity Generation,Ministry of Power,National Highways & Infrastructure Development Corporation Ltd. [NHIDCL],602535,"Ratle HE Project - 850 MW, Ratle Hydroelectric Power Corporation Limited.",5282,,1009.79,24,2026-02-10,2029-08-22,2021-02-11,0,1,0,0
207,Electricity Generation,Ministry of Power,National Thermal Power Corporation [NTPC],612142,"Singrauli Super Thermal Power Project, Stage-III [2x800 MW]",17195,,1626.0,8,2030-02-28,,2024-03-01,0,1,1,0
208,Electricity Generation,Ministry of Power,National Thermal Power Corporation [NTPC],617188,"Sipat Super Thermal Power Project, Stage-III [1x800 MW]",9791,,0.0,0,2029-09-30,,2024-09-19,0,1,1,0
209,Electricity Generation,Ministry of Power,National Highways & Infrastructure Development Corporation Ltd. [NHIDCL],602096,Subansiri Lower HE Project [2000 MW],6285,26075.5,24685.1,96,2010-09-08,2026-05-31,2003-09-09,0,0,0,0
210,Electricity Generation,Ministry of Power,Satluj Jal Vidyut Nigam [SJVN] Thermal Limited,611586,Sunni Dam Hydro Electric Project [382 MW],2615,4540.71,956.76,29,2028-04-03,2028-12-31,2023-01-12,0,0,0,0
211,Electricity Generation,Ministry of Power,National Thermal Power Corporation [NTPC],602961,Talcher Thermal Power Station Stage III [2 x 660 MW] Expansion,11844,12543.0,3975.0,26,2027-05-31,2028-03-31,2022-08-25,0,0,0,0
212,Electricity Generation,Ministry of Power,National Thermal Power Corporation [NTPC],602185,Tapovan-Vishnugad HEP [4x130 MW],2978,10907.3,7123.58,77,2013-03-31,2029-04-30,,0,0,0,1
213,Electricity Generation,Ministry of Power,National Highways & Infrastructure Development Corporation Ltd. [NHIDCL],602181,"TEESTA-VI HE PROJECT, SIKKIM [500 MW], executed by LANCO TEESTA HYDRO POWER LIMITED [A wholly owned Subsidiary of NHPC LTD. acquired through NCLT]",5748,5748.04,4495.28,68,2024-03-07,2027-12-31,2019-03-08,0,0,0,0
214,Electricity Generation,Ministry of Power,THDC India Limited,602193,Tehri Pumped Storage Plant Project [4x250 MW],4826,8339.0,7939.82,98,2022-06-16,2025-11-15,2006-07-08,0,0,0,0
215,Electricity Generation,Ministry of Power,THDC India Limited,602195,Vishnugad Pipalkoti Hydro Electric Project [444 MW],3860,6823.72,4828.89,72,2022-12-15,2027-03-31,2008-08-21,0,0,0,0
216,Energy Storage,Ministry of Petroleum & Natural Gas,Ministry of Petroleum & Natural Gas,604833,"Andheri Residential Towers, Mumbai",281,389.67,227.54,50,2025-05-31,2026-06-30,,0,0,0,1
217,Energy Storage,Ministry of Petroleum & Natural Gas,Ministry of Petroleum & Natural Gas,701269,"Construction of 80,000 MT LPG Cavern at Mangalore",854,854.0,712.3,99,2022-12-19,2025-08-31,,0,0,0,1
218,Energy Storage,Ministry of Petroleum & Natural Gas,Ministry of Petroleum & Natural Gas,616235,Construction of Aviation Fuel farm Facilities at Bhogapuram Airport,240,240.0,31.23,50,2026-03-31,2026-03-31,,0,0,0,1
219,Energy Storage,Ministry of Petroleum & Natural Gas,Hindustan Petroleum Corporation Limited,709754,"Construction of LPG Facilities at Kamardanga, Assam",156,156.36,49.78,39,2027-07-04,2027-07-04,,0,0,0,1
220,Energy Storage,Ministry of Petroleum & Natural Gas,Indian Oil Corporation Limited [IOCL],400077,"Grass root POL Terminal at Vallur, Chennai",827,887.71,619.5,85,2024-12-31,2026-03-31,,0,0,0,1
221,Energy Storage,Ministry of Petroleum & Natural Gas,Indian Oil Corporation Limited [IOCL],400035,"Grass Root Rail-fed Depot at Sekerkote, Agartala as resitement of existing Dharmanagar Depot",656,656.0,465.73,84,2025-09-30,2025-09-30,,0,0,0,1
222,Energy Storage,Ministry of Petroleum & Natural Gas,Ministry of Petroleum & Natural Gas,604852,"Grass-root Terminal at Mirzapur, Uttar Pradesh",980,980.45,236.22,50,2026-11-30,2026-11-30,,0,0,0,1
223,Energy Storage,Ministry of Petroleum & Natural Gas,Ministry of Petroleum & Natural Gas,400012,Kandla Gorakhpur LPG Pipeline,10088,,7598.13,92,2021-12-30,2025-12-31,2018-12-31,0,1,0,0
224,Energy Storage,Ministry of Petroleum & Natural Gas,Ministry of Petroleum & Natural Gas,400043,Laying of POL Pipelines in Common Corridor for proposed grass root terminal at Vallur [Chennai],829,829.0,297.77,62,2026-05-31,2026-05-31,,0,0,0,1
225,Energy Storage,Ministry of Petroleum & Natural Gas,"Department of Water Resources, River Development & GR",400301,Multi Product Pipeline from Irugur to Devangonthi,678,1732.0,675.25,67,2017-02-25,2025-10-31,,0,0,0,1
226,Energy Storage,Ministry of Petroleum & Natural Gas,Ministry of Petroleum & Natural Gas,400078,New Mundra Panipat Crude Oil Pipeline,9028,9028.0,7071.08,84,2024-12-19,2025-12-31,,0,0,0,1
227,Energy Storage,Ministry of Petroleum & Natural Gas,Ministry of Petroleum & Natural Gas,701349,Paradip-Numaligarh Crude Oil Pipeline [PNCPL] & Crude Oil Import Terminal [COIT] at Paradip,10228,11407.0,9701.95,86,2024-07-27,2025-09-30,,0,0,0,1
228,Energy Storage,Ministry of Petroleum & Natural Gas,Hindustan Petroleum Corporation Limited [HPCL],709759,"Petrochemical evacuation marketing terminal at Barmer, Rajasthan",461,461.05,111.57,51,2026-12-06,2026-12-06,,0,0,0,1
229,Energy Storage,Ministry of Petroleum & Natural Gas,MinistryofPetroleumNaturalGas,701263,Rajasthan Refinery Project,43129,72937.0,59524.4,87,2022-10-31,2026-03-31,,0,0,0,1
230,Energy Storage,Ministry of Petroleum & Natural Gas,Bharat Petroleum Corporation Limited [BPCL],400235,"Setting up a common user Petroleum Terminal at Jammu, J&K for resitement of existing PSU OMC's Depots from Jammu City",677,676.89,518.22,77,2025-03-31,2025-09-30,,0,0,0,1
231,Energy Storage,Ministry of Petroleum & Natural Gas,Hindustan Petroleum Corporation Limited [HPCL],709755,"Setting up of new rail fed POL facility at Kamardanga, Assam",384,384.04,110.44,48,2027-07-04,2027-07-04,,0,0,0,1
232,Energy Storage,Ministry of Petroleum & Natural Gas,Ministry of Petroleum & Natural Gas,701343,Srikakulam Angul Gas Pipeline Project,2658,2810.0,2192.68,94,2022-07-22,2025-12-31,,0,0,0,1
233,Healthcare,Ministry of Health & Family Welfare,Ministry of Health & Family Welfare,701171,AIIMS Bibinagar,1028,1365.95,792.24,83,2022-09-30,2025-12-31,2018-12-17,0,0,0,0
234,Healthcare,Ministry of Health & Family Welfare,Central Public Works Department [CPWD],701167,AIIMS Kashmir at Awantipora Jammu & Kashmir,1828,1828.0,1504.91,65,2025-01-31,2025-12-02,2019-01-10,0,0,0,0
235,Healthcare,Ministry of Health & Family Welfare,Ministry of Health & Family Welfare,701173,AIIMS Majra Rewari Haryana,1299,,349.41,28,2023-02-27,2026-12-31,,0,1,0,1
236,Healthcare,"Ministry of Ports, Shipping and Waterways",Mumbai Port Trust [MPT],708662,Establishment of 600 bed super specialty hospital with optional development of Medical college and further expansion on PPP basis.,693,693.0,58.0,0,2026-06-30,2027-12-31,2019-08-13,0,0,0,0
237,Inland Waterways,Ministry of Housing & Urban Affairs,Chennai Metro Rail Limited [CMRL],702668,Chennai Metro Rail Phase-II Development Project,63246,,47162.7,0,2029-08-31,,2024-10-18,0,1,1,0
238,Inland Waterways,"Ministry of Ports, Shipping and Waterways",Deendayal Port Trust [DPT],609424,"Development of Container Terminal at Tuna-Tekra, Deendayal Port on BOT Basis Under PPP Mode",4244,,346.2,10,2026-12-26,,,0,1,1,1
239,Inland Waterways,"Ministry of Ports, Shipping and Waterways",Inland Waterways Authority of India [IWAI],701565,Jal Marg Vikas Project,5369,5061.15,3432.34,70,2023-12-31,2025-12-31,2018-01-03,0,0,0,0
240,Inland Waterways,Ministry of Railways,East Coast Railway [ECoR] - II,705515,3rd & 4th Railway Line Project from Salegaon to Budhapank via Rajathgarh.,1173,2092.0,1971.0,80,2026-03-31,2026-03-31,2013-07-11,0,0,0,0
241,Inland Waterways,Ministry of Railways,East Coast Railway [ECoR] - II,705742,Jeypore-Malkanagiri New Railway Line Project,2344,2344.0,196.75,8,2033-07-31,2033-07-31,2018-02-18,0,0,0,0
242,Inland Waterways,Ministry of Railways,East Coast Railway [ECoR] - II,705741,Jeypore-Navarangpur New Rail Line Project,748,748.0,10.43,1,2028-07-31,2029-12-31,2017-07-04,0,0,0,0
243,Metals & Mining,Ministry of Mines,National Aluminium Company Limited [NALCO],709832,25.5 MW WIND POWER PROJECT AT KAYATHAR IN TAMILNADU,166,,135.0,65,2025-03-31,2026-03-31,2017-09-27,0,1,0,0
244,Metals & Mining,Ministry of Mines,Ministry of Mines,709830,CONVERSION OF FLAT BOTTOM SETTLERS AND WASHERS WITH A SINGLE TRAIN OF HRDS AND DCWS IN STREAMS 1 AND,355,581.0,0.0,0,2026-11-30,,,0,0,1,1
245,Metals & Mining,Ministry of Mines,National Aluminium Company Limited [NALCO],400141,Expansion of Alumina Refinery Plant with addition of 5th Stream having capacity enhancement of 1.0 Million Tonee Per Annum,4103,5677.4,3913.98,75,2022-12-31,2025-09-30,2017-04-21,0,0,0,0
246,Metals & Mining,Ministry of Mines,Hindustan Copper Limited [HCL],400426,Expansion of Malanjkhand Copper Project,1856,,924.98,79,2020-04-30,2026-04-30,2011-09-30,0,1,0,0
247,Metals & Mining,Ministry of Mines,National Aluminium Company Limited [NALCO],400299,Pottangi Bauxite Mines Project,1381,1960.77,650.04,51,2025-03-31,2026-05-31,2018-05-14,0,0,0,0
248,Metals & Mining,Ministry of Mines,Hindustan Copper Limited [HCL],611798,Rakha Underground Mining Project,2705,,0.0,0,2033-03-31,,2022-12-16,0,1,1,0
249,Metals & Mining,Ministry of Mines,National Aluminium Company Limited [NALCO],709831,SOURCING OF BAUXITE ARRANGEMENT FOR 5TH STREAM ALUMINA REFINERY FROM SOUTH BLOCK MINING LEASE OF PANCHPATMAILI MINES,483,,403.44,90,2025-05-31,2026-06-30,2017-11-11,0,1,0,0
250,Metals & Mining,Ministry of Mines,Hindustan Copper Limited [HCL],611800,Surda Underground Copper Mining Project,665,,13.33,1,2028-03-31,,2022-02-12,0,1,1,0
251,Metals & Mining,Ministry of Mines,National Aluminium Company Limited [NALCO],709829,UTKAL D AND E COAL BLOCK,1022,,0.0,0,2025-03-31,,,0,1,1,1
252,Metals & Mining,Ministry of Steel,National Mineral Development Corporation Limited [NMDC],615202,Capacity expansion of Deposit-14 and 14 NMZ at Kirandul,1700,1756.2,65.44,2,2028-12-31,2028-03-27,2021-08-12,1,0,0,0
253,Oil & Gas,Ministry of Petroleum & Natural Gas,Hindustan Petroleum Corporation Limited [HPCL],400171,2G Ethanol Biorefinery at Bathinda,1421,1421.46,1180.91,95,2023-02-18,2026-03-31,,0,0,0,1
254,Oil & Gas,Ministry of Petroleum & Natural Gas,Ministry of Petroleum & Natural Gas,400168,"500 KTA PDHPP Project, Usar",8797,11256.0,6768.36,85,2025-04-08,2025-10-31,,0,0,0,1
255,Oil & Gas,Ministry of Petroleum & Natural Gas,Bharat Petroleum Corporation Limited [BPCL],709801,71 MWp [DC] Solar power project at Prayagraj,308,,183.37,95,2025-08-02,,2024-02-02,0,1,1,0
256,Oil & Gas,Ministry of Petroleum & Natural Gas,Ministry of Petroleum & Natural Gas,604792,"Assam Bio Refinery, ABRPL",1750,4200.0,4650.0,99,2021-09-30,2025-07-31,,0,0,0,1
257,Oil & Gas,Ministry of Petroleum & Natural Gas,Indian Oil Corporation Limited [IOCL],709782,ATF Pipeline from Jawaharlal Nehru Port Trust to Navi Mumbai International Airport,165,165.0,89.94,72,2025-08-21,2026-03-31,,0,0,0,1
258,Oil & Gas,Ministry of Petroleum & Natural Gas,MinistryofPetroleumNaturalGas,709786,"Augmentation/ Revamping of Dimapur Depot, Dimapur",228,227.62,9.01,20,2027-11-30,2027-11-30,,0,0,0,1
259,Oil & Gas,Ministry of Petroleum & Natural Gas,MinistryofPetroleumNaturalGas,709776,Augmentation/Revamping of Facilities at existing Guwahati Terminal at Betkuchi,277,323.09,185.18,67,2026-09-30,2026-09-30,,0,0,0,1
260,Oil & Gas,Ministry of Petroleum & Natural Gas,Ministry of Petroleum & Natural Gas,701324,Barauni Refinery Capacity Expansion from 6.0 to 9.0 MMTPA,14810,16724.0,11728.0,87,2023-04-30,2026-08-31,,0,0,0,1
261,Oil & Gas,Ministry of Petroleum & Natural Gas,Ministry of Petroleum and Natural Gas,612998,Bathinda Sangrur Pipeline,367,397.0,339.19,93,2024-05-01,2025-08-31,,0,0,0,1
262,Oil & Gas,Ministry of Petroleum & Natural Gas,Ministry of Petroleum & Natural Gas,709850,Borholla GGS Life Extension Project [BLEP],199,198.7,36.78,29,2026-05-16,2026-05-16,,0,0,0,1
263,Oil & Gas,Ministry of Petroleum & Natural Gas,MinistryofPetroleumNaturalGas,709779,Capacity Expansion of Digboi Refinery from 0.65 to 1.0 MMTPA,768,740.0,99.02,35,2026-03-08,2026-03-08,,0,0,0,1
264,Oil & Gas,Ministry of Petroleum & Natural Gas,Ministry of Petroleum & Natural Gas,701289,Capacity Expansion of Panipat Refinery from 15 to 25 MMTPA,34627,36225.0,23977.5,88,2024-09-30,2025-12-31,,0,0,0,1
265,Oil & Gas,Ministry of Petroleum & Natural Gas,Chennai Petroleum Corporation Limited [CPCL],604795,CBR 9 MMTPA Project,31580,36354.0,1342.27,10,2025-06-02,2028-10-31,,0,0,0,1
266,Oil & Gas,Ministry of Petroleum & Natural Gas,Hindustan Petroleum Corporation Limited,709757,"CGD Project in Banka, Dumka, Godda, Jamtara, Pakur, Sahibganj GA ID 11A.02",1377,1377.0,329.43,26,2030-06-30,2030-06-30,,0,0,0,1
267,Oil & Gas,Ministry of Petroleum & Natural Gas,Hindustan Petroleum Corporation Limited,709758,"CGD Project in Malda, Birbhum, Murshidabad, Dakshin Dinajpur GA ID 11A.03",2628,2628.0,332.52,26,2030-06-30,2030-06-30,,0,0,0,1
268,Oil & Gas,Ministry of Petroleum & Natural Gas,Ministry of Petroleum & Natural Gas,701338,City Gas Distribution Maharashtra Natural Gas Limited,5535,5535.0,3836.09,0,2031-06-08,2031-06-08,,0,0,0,1
269,Oil & Gas,Ministry of Petroleum & Natural Gas,MinistryofPetroleumNaturalGas,709771,"City Gas Distribution Project at Beed, Jalgaon and Jalna Districts",865,865.0,68.01,2,2031-09-30,2031-09-30,,0,0,0,1
270,Oil & Gas,Ministry of Petroleum & Natural Gas,MinistryofPetroleumNaturalGas,709768,City Gas Distribution Project at Dharmapuri and Krishnagiri Districts,501,501.0,111.55,5,2030-12-31,2030-12-31,,0,0,0,1
271,Oil & Gas,Ministry of Petroleum & Natural Gas,MinistryofPetroleumNaturalGas,709772,"City Gas Distribution Project at East Mednipore, West Mednipore & Jhargram Districts",609,609.0,58.15,2,2031-06-30,2031-06-30,,0,0,0,1
272,Oil & Gas,Ministry of Petroleum & Natural Gas,MinistryofPetroleumNaturalGas,709773,"City Gas Distribution Project at Jammu, Udhampur, Reasi, Samba and Kathua Districts",538,538.0,4.09,0,2032-03-31,2032-03-31,,0,0,0,1
273,Oil & Gas,Ministry of Petroleum & Natural Gas,Ministry of Petroleum & Natural Gas,617303,"City Gas Distribution Project at Khagaria, Saharsa and Madhepura",163,163.0,95.54,40,2030-03-31,2030-03-31,,0,0,0,1
274,Oil & Gas,Ministry of Petroleum & Natural Gas,MinistryofPetroleumNaturalGas,709766,"City Gas Distribution Project at Kurnool, Guntur & Prakasam Districts",1420,1420.0,162.47,6,2030-03-31,2030-03-31,,0,0,0,1
275,Oil & Gas,Ministry of Petroleum & Natural Gas,MinistryofPetroleumNaturalGas,709770,City Gas Distribution Project at Pathankot District,151,151.0,8.77,2,2033-09-30,2033-09-30,,0,0,0,1
276,Oil & Gas,Ministry of Petroleum & Natural Gas,Bharat Petroleum Corporation Limited [BPCL],709791,City Gas Distribution Projects at Alipurduar and Cooch Behar,1017,1017.0,176.15,32,2030-03-31,2030-03-31,,0,0,0,1
277,Oil & Gas,Ministry of Petroleum & Natural Gas,Bharat Petroleum Corporation Limited [BPCL],709792,"City Gas Distribution Projects at Darbhanga, Madhubani, Supaul, Sitamarhi and Sheohar districts",3638,3638.0,396.42,21,2030-03-31,2030-03-31,,0,0,0,1
278,Oil & Gas,Ministry of Petroleum & Natural Gas,Bharat Petroleum Corporation Limited [BPCL],709794,"City Gas Distribution Projects at Fazilka [except area already authorized], Ganganagar and Hanumangarh districts",3207,3207.0,334.82,22,2030-06-30,2030-06-30,,0,0,0,1
279,Oil & Gas,Ministry of Petroleum & Natural Gas,Bharat Petroleum Corporation Limited [BPCL],709793,"City Gas Distribution Projects at Gopalganj, Siwan, West Champaran, East Champaran and Deoria districts",3919,3919.0,392.59,14,2030-06-30,2030-06-30,,0,0,0,1
280,Oil & Gas,Ministry of Petroleum & Natural Gas,Bharat Petroleum Corporation Limited [BPCL],709795,"City Gas Distribution Projects at Lakhimpur Kheri , Sitapur, Bahraich, Shravasti,Balrampur, Siddharth Nagar & Maharajganj districts",16654,16654.0,603.21,9,2030-06-30,2030-06-30,,0,0,0,1
281,Oil & Gas,Ministry of Petroleum & Natural Gas,Bharat Petroleum Corporation Limited [BPCL],709796,City Gas Distribution Projects at the Nilgiris and Erode districts,3685,3685.0,234.12,11,2030-03-31,2030-03-31,,0,0,0,1
282,Oil & Gas,Ministry of Petroleum & Natural Gas,Oil and Natural Gas Corporation Limited [ONGC],709838,Commercial Polymer Flooding Project in Bechraji field,621,621.4,137.71,21,2024-11-30,2025-11-30,,0,0,0,1
283,Oil & Gas,Ministry of Petroleum & Natural Gas,MinistryofPetroleumNaturalGas,709780,Construction of Additional Tankages and Allied Facilities at JNPT Terminal,341,436.14,279.19,50,2026-08-31,2026-08-31,,0,0,0,1
284,Oil & Gas,Ministry of Petroleum & Natural Gas,Ministry of Petroleum & Natural Gas,616858,"Construction of Field Gas Gathering Station at Baghjan area for collection, processing & transportation of natural Gas to be produced from Baghjan Field",431,430.76,326.12,85,2024-03-31,2025-12-31,,0,0,0,1
285,Oil & Gas,Ministry of Petroleum & Natural Gas,Ministry of Petroleum & Natural Gas,610985,Construction of lube oil blending plant at Rasayani,423,526.26,287.49,78,2023-12-31,2025-12-31,,0,0,0,1
286,Oil & Gas,Ministry of Petroleum & Natural Gas,Oil and Natural Gas Corporation Limited [ONGC],709837,"Creation of Gas Dehydration Facilities, Tripura Asset",209,131.51,65.97,62,2024-05-31,2025-12-31,,0,0,0,1
287,Oil & Gas,Ministry of Petroleum & Natural Gas,MinistryofPetroleumNaturalGas,709800,"CUF POL Depot at Sadashibpur [Meramundali], Odisha",394,393.54,100.39,43,2026-03-31,2026-03-31,,0,0,0,1
288,Oil & Gas,Ministry of Petroleum & Natural Gas,Oil and Natural Gas Corporation Limited [ONGC],709839,Daman Upside Development Project,4144,6406.9,3770.15,83,2025-10-31,2026-02-28,,0,0,0,1
289,Oil & Gas,Ministry of Petroleum & Natural Gas,NRL,709864,DCU Revamp Project,370,370.0,249.41,57,2024-07-17,2025-10-31,,0,0,0,1
290,Oil & Gas,Ministry of Petroleum & Natural Gas,"Department of Water Resources, River Development & GR",400158,Debottlenecking and Augmentation of Cryogenic facilities at Uran LPG Import Terminal,1165,1629.86,901.73,84,2024-02-29,2025-12-31,,0,0,0,1
291,Oil & Gas,Ministry of Petroleum & Natural Gas,Ministry of Petroleum & Natural Gas,616879,Demo Bio-ATF Project,364,364.0,22.82,10,2027-01-16,2027-01-16,,0,0,0,1
292,Oil & Gas,Ministry of Petroleum & Natural Gas,Oil and Natural Gas Corporation Limited [ONGC],610984,Development of Jharia CBM Block [Phase-1],431,431.0,211.34,58,2024-01-21,2025-08-31,,0,0,0,1
293,Oil & Gas,Ministry of Petroleum & Natural Gas,Ministry of Petroleum & Natural Gas,604863,Development of Surface Facilities for production and evacuation of Crude Oil and Natural Gas from Nadua and East Khagorija,683,726.93,488.37,94,2020-02-29,2025-12-31,,0,0,0,1
294,Oil & Gas,Ministry of Petroleum & Natural Gas,Ministry of Petroleum & Natural Gas,701344,Dhamra Haldia Pipeline Project,1031,1125.0,853.7,87,2022-11-07,2025-12-31,,0,0,0,1
295,Oil & Gas,Ministry of Petroleum & Natural Gas,Ministry of Petroleum & Natural Gas,617302,Durgapur - Haldia Pipeline [Section-3B of JHBDPL Project],1740,2493.15,2237.5,90,2020-12-31,2025-12-31,,0,0,0,1
296,Oil & Gas,Ministry of Petroleum & Natural Gas,MinistryofPetroleumNaturalGas,709798,Ethylene Cracker Project at Bina Refinery including downstream Petrochemical Plants and expansion of Refinery,43367,43367.0,1788.6,13,2028-05-31,2028-05-31,,0,0,0,1
297,Oil & Gas,Ministry of Petroleum & Natural Gas,Gas Authority of India Limited [GAIL],612853,Gurdaspur Jammu Pipeline,522,521.9,190.1,36,2026-07-11,2026-07-11,,0,0,0,1
298,Oil & Gas,Ministry of Petroleum & Natural Gas,Ministry of Petroleum & Natural Gas,607701,"Guwahati Refinery Expansion [1.0 to 1.2 MMTPA] along with installation of CRU, Guwahati Refinery",412,577.0,430.83,84,2023-10-31,2026-05-31,,0,0,0,1
299,Oil & Gas,Ministry of Petroleum & Natural Gas,Hindustan Petroleum Corporation Limited,709753,Haldia Panagarh Pipeline Project,1010,1010.0,627.12,81,2025-11-08,2025-11-08,,0,0,0,1
300,Oil & Gas,Ministry of Petroleum & Natural Gas,Hindustan Petroleum Corporation Limited,709760,HP TDAE Unit in Mumbai Refinery,240,240.0,34.4,37,2026-04-19,2026-04-19,,0,0,0,1
301,Oil & Gas,Ministry of Petroleum & Natural Gas,Hindustan Petroleum Corporation Limited,709761,HP Trijet Unit in Visakh Refinery,193,193.0,0.43,23,2027-07-28,2027-07-28,,0,0,0,1
302,Oil & Gas,Ministry of Petroleum & Natural Gas,Hindustan Petroleum Corporation Limited,709752,HP-COAT [Crude to Olefins and Aromatics Technology] demo unit at Visakh Refinery,160,220.0,77.06,64,2024-06-30,2026-03-31,,0,0,0,1
303,Oil & Gas,Ministry of Petroleum & Natural Gas,Ministry of Petroleum & Natural Gas,604853,"Indian Oil Technology Development and Deployment Centre at R&D Campus-II, Faridabad",2282,3200.0,1800.61,63,2022-12-31,2026-03-02,,0,0,0,1
304,Oil & Gas,Ministry of Petroleum & Natural Gas,MinistryofPetroleumNaturalGas,709777,Installation of Bitumen Manufacturing Unit along with allied facilities at Barauni Refinery,389,340.0,46.94,37,2025-04-30,2026-10-31,,0,0,0,1
305,Oil & Gas,Ministry of Petroleum & Natural Gas,Bharat Petroleum Corporation Limited [BPCL],709789,Installation of Independent De- Aromatized Solvents [DAS] production facilities at MR,405,343.0,201.28,84,2025-07-31,2025-12-31,,0,0,0,1
306,Oil & Gas,Ministry of Petroleum & Natural Gas,MinistryofPetroleumNaturalGas,709783,"Installation of Multiple Effect Evaporator [MEE] for ETP-1, 2 & 4 of Panipat Refinery and Petrochemical Complex.",165,247.69,129.27,70,2023-06-30,2026-06-30,,0,0,0,1
307,Oil & Gas,Ministry of Petroleum & Natural Gas,MinistryofPetroleumNaturalGas,709778,Installation of new Biturox Unit along with allied facilities at Gujarat Refinery,328,287.0,144.16,55,2025-08-08,2026-09-30,,0,0,0,1
308,Oil & Gas,Ministry of Petroleum & Natural Gas,Ministry of Petroleum & Natural Gas,709851,Integrated Development of 4 Contract Areas under DSF-II,6184,6183.79,360.0,17,2027-04-30,2027-04-30,,0,0,0,1
309,Oil & Gas,Ministry of Petroleum & Natural Gas,Ministry of Petroleum & Natural Gas,604859,Integrated Para Xylene [PX] and Purified Terephthalic Acid [PTA] Project at Paradip Refinery,13805,11783.0,8250.46,90,2024-01-31,2026-08-31,,0,0,0,1
310,Oil & Gas,Ministry of Petroleum & Natural Gas,Oil and Natural Gas Corporation Limited [ONGC],709842,"Kalol Redevelopment Project, Ahmedabad Asset",1487,1487.41,776.61,61,2027-03-31,2027-03-31,,0,0,0,1
311,Oil & Gas,Ministry of Petroleum & Natural Gas,Oil and Natural Gas Corporation Limited [ONGC],400120,KG-DWN-98/2 Cluster - II Development Project - NELP Block,34012,34012.0,35498.3,96,2020-06-30,2026-06-30,,0,0,0,1
312,Oil & Gas,Ministry of Petroleum & Natural Gas,Ministry of Petroleum & Natural Gas,701228,Kochi - Koottanad - Bangalore - Mangalore Pipeline Phase-II,2915,5909.0,4431.9,94,2012-12-31,2025-12-31,,0,0,0,1
313,Oil & Gas,Ministry of Petroleum & Natural Gas,MinistryofPetroleumNaturalGas,709785,Laying of Natural Gas Pipeline from Hazaribagh to Ranchi [HRPL],202,202.07,55.46,45,2026-02-08,2026-02-08,,0,0,0,1
314,Oil & Gas,Ministry of Petroleum & Natural Gas,Chennai Petroleum Corporation Limited [CPCL],709750,Laying of new 28 inch Desal Water Pipeline and 10 inch Reject Water Pipeline between CPCL Manali Refinery and CPCL Desalination plant at Ennore,205,205.0,19.86,39,2025-09-21,2025-12-31,,0,0,0,1
315,Oil & Gas,Ministry of Petroleum & Natural Gas,Oil and Natural Gas Corporation Limited [ONGC],400119,Life Extension of 48 well platforms of Mumbai High & Heera Fields,3191,3375.9,3074.01,89,2018-04-30,2025-12-31,,0,0,0,1
316,Oil & Gas,Ministry of Petroleum & Natural Gas,Ministry of Petroleum and Natural Gas,616933,Lube Modernization & Bottom Upgradation Project at Mumbai Refinery,4679,4679.0,188.88,4,2028-03-16,2028-03-16,,0,0,0,1
317,Oil & Gas,Ministry of Petroleum & Natural Gas,Ministry of Petroleum & Natural Gas,701330,Mehsana-Bhatinda & Bhatinda-Jammu Natural Gas Pipeline,7392,7392.0,6304.0,90,2024-06-30,2025-12-31,,0,0,0,1
318,Oil & Gas,Ministry of Petroleum & Natural Gas,Ministry of Petroleum & Natural Gas,709848,MHN TCPP PGC BGC Project [MTPBP],2329,2354.23,820.24,48,2026-05-19,2026-05-19,,0,0,0,1
319,Oil & Gas,Ministry of Petroleum & Natural Gas,Ministry of Petroleum & Natural Gas,701341,Multi-product Pipeline from Krishnapatnam Coastal Installation to the proposed Installation at Hyderabad [Malkapur],1932,2208.0,1552.37,98,2025-03-31,2025-08-31,,0,0,0,1
320,Oil & Gas,Ministry of Petroleum & Natural Gas,Ministry of Petroleum & Natural Gas,701354,Mumbai Nagpur Jharsuguda Pipeline Project,7844,8255.0,6495.6,95,2023-05-14,2025-09-30,,0,0,0,1
321,Oil & Gas,Ministry of Petroleum & Natural Gas,Ministry of Petroleum & Natural Gas,701346,North East Gas Grid,9265,9265.0,6375.02,85,2024-03-31,2026-03-31,,0,0,0,1
322,Oil & Gas,Ministry of Petroleum & Natural Gas,Ministry of Petroleum & Natural Gas,604791,Numaligarh Refinery Expansion Project,12366,22494.0,16502.4,75,2024-07-27,2025-12-31,,0,0,0,1
323,Oil & Gas,Ministry of Petroleum & Natural Gas,Oil and Natural Gas Corporation Limited [ONGC],709841,Old Pipe Line Replacement [OPRP] Group-A,173,169.84,148.0,87,2025-07-18,2026-03-17,,0,0,0,1
324,Oil & Gas,Ministry of Petroleum & Natural Gas,Oil and Natural Gas Corporation Limited [ONGC],709846,Part Replacement Pipeline Project [PRPP],1219,1145.1,745.24,90,2024-05-15,2025-11-30,,0,0,0,1
325,Oil & Gas,Ministry of Petroleum & Natural Gas,Ministry of Petroleum & Natural Gas,701329,Petrochemical and Lube Integration Project at Gujarat Refinery,18936,17825.0,12190.1,83,2024-08-31,2025-12-31,,0,0,0,1
326,Oil & Gas,Ministry of Petroleum & Natural Gas,Ministry of Petroleum & Natural Gas,709847,Pipeline Network Project Rudrasagar,345,344.99,210.89,46,2026-04-27,2026-04-27,,0,0,0,1
327,Oil & Gas,Ministry of Petroleum & Natural Gas,Bharat Petroleum Corporation Limited [BPCL],709797,POL & LOBS Installations with Receipt Pipelines at Rasayani,2585,2585.0,564.58,58,2026-05-31,2026-05-31,,0,0,0,1
328,Oil & Gas,Ministry of Petroleum & Natural Gas,Indian Oil Corporation Limited [IOCL],611917,Poly Butadiene Rubber plant at Panipat,1459,2531.44,1043.9,70,2025-03-31,2026-06-30,,0,0,0,1
329,Oil & Gas,Ministry of Petroleum & Natural Gas,NRL,709865,Power Recovery Turbine [PRT] in PFCCU unit as an Energy Conservation Scheme,294,293.5,97.22,93,2024-12-31,2025-10-31,,0,0,0,1
330,Oil & Gas,Ministry of Petroleum & Natural Gas,Mangalore Refinary and Petrochemicals Limited,612790,Power System Upgradation Project,385,385.0,132.73,63,2025-11-17,2025-11-17,,0,0,0,1
331,Oil & Gas,Ministry of Petroleum & Natural Gas,Gas Authority of India Limited [GAIL],400161,"PP Project, Pata",911,1299.02,1004.0,97,2024-01-31,2025-08-31,,0,0,0,1
332,Oil & Gas,Ministry of Petroleum & Natural Gas,Ministry of Petroleum & Natural Gas,616950,PRP-VIII [Group-A],1486,1486.4,184.56,17,2026-02-28,2026-02-28,2024-09-05,0,0,0,0
333,Oil & Gas,Ministry of Petroleum & Natural Gas,Ministry of Petroleum & Natural Gas,709849,PRP-VIII Group B [NH & BS Asset],2380,3165.53,1652.62,61,2026-02-28,2026-02-28,,0,0,0,1
334,Oil & Gas,Ministry of Petroleum & Natural Gas,Oil and Natural Gas Corporation Limited [ONGC],400169,Redevelopment of Linch Field,631,860.04,505.07,77,2025-03-31,2025-10-30,,0,0,0,1
335,Oil & Gas,Ministry of Petroleum & Natural Gas,Oil and Natural Gas Corporation Limited [ONGC],400167,Redevelopment of Santhal Field [Onshore-Mehsana Asset],1163,1162.56,1156.9,94,2026-03-31,2026-03-31,,0,0,0,1
336,Oil & Gas,Ministry of Petroleum & Natural Gas,Oil and Natural Gas Corporation Limited [ONGC],400087,Redevelopment of Sobhasan Complex,886,1286.67,765.43,73,2026-02-28,2026-02-28,,0,0,0,1
337,Oil & Gas,Ministry of Petroleum & Natural Gas,Bharat Petroleum Corporation Limited [BPCL],709790,Replacement and Extension of Jetty Pipelines [REJP] at KR,622,621.87,192.66,83,2026-03-31,2026-03-31,,0,0,0,1
338,Oil & Gas,Ministry of Petroleum & Natural Gas,Oil and Natural Gas Corporation Limited [ONGC],709840,"Restoration of Gas Terminal, Phase-I [Part-A], Hazira",249,249.43,209.42,93,2025-02-10,2025-12-31,,0,0,0,1
339,Oil & Gas,Ministry of Petroleum & Natural Gas,MinistryofPetroleumNaturalGas,709781,Revamping / Augmentation of Facilities at Mathura Bitumen Plant,260,260.12,1.11,25,2027-06-30,2026-12-31,,1,0,0,1
340,Oil & Gas,Ministry of Petroleum & Natural Gas,Oil and Natural Gas Corporation Limited [ONGC],709845,"Revamping of SV Stations, Gas Terminal & Kribhco Terminal",837,837.34,205.78,49,2026-08-31,2026-08-31,,0,0,0,1
341,Oil & Gas,Ministry of Petroleum & Natural Gas,Ministry of Petroleum & Natural Gas,709774,Revamping/ Augmentation of facilities at existing port terminal at Mangalore,463,500.62,264.44,82,2025-12-31,2025-12-31,,0,0,0,1
342,Oil & Gas,Ministry of Petroleum & Natural Gas,MinistryofPetroleumNaturalGas,617304,"Setting up of LPG Plant with Rail Unloading Facility at Hathua, Dist. Gopalganj, Bihar",340,340.15,88.08,24,2027-03-01,2027-03-01,,0,0,0,1
343,Oil & Gas,Ministry of Petroleum & Natural Gas,MinistryofPetroleumNaturalGas,709799,Setting up Polypropylene Unit at Kochi Refinery,4460,4460.0,255.64,12,2027-10-31,2027-10-31,,0,0,0,1
344,Oil & Gas,Ministry of Petroleum & Natural Gas,Ministry of Petroleum & Natural Gas,701350,Upgradation of Facilities of Numaligarh-Siliguri Product Pipeline [NSPL] for transportation of additional products from existing 1.72 MMTPA to 5.5 MMTPA,860,860.0,566.18,98,2024-12-20,2025-10-31,,0,0,0,1
345,Oil & Gas,Ministry of Petroleum & Natural Gas,Ministry of Petroleum and Natural Gas,616254,Visakh Raipur Pipeline Project,2212,2212.0,11.52,7,2027-09-10,2027-09-10,,0,0,0,1
346,Railways,Ministry of Coal,WR,400203,Dharamjaigarh-Korba,1686,,342.96,40,2026-12-31,2026-08-31,2018-05-22,1,1,0,0
347,Railways,Ministry of Coal,Ministry of Coal,400416,Shivpur-Kathautia New Rail [BG] Line [49 km] [Package II of Tori-Shivpur-Kathautia line],1800,1799.64,1293.71,60,2025-06-30,,2018-02-27,0,0,1,0
348,Railways,Ministry of Railways,East Coast Railway [ECoR] - II,612834,3rd & 4th line between Sarla - Sason [8 km] [PB 73/2023-24/NR],252,,79.55,45,2025-12-28,,2023-04-19,0,1,1,0
349,Railways,Ministry of Railways,East Coast Railway [ECoR] - II,616697,3rd & 4th line between Vadlapudi -Gate Jn. cabin and Tie line between Gate Junction to Gangavaram port,154,,10.79,16,2026-06-30,,,0,1,1,1
350,Railways,Ministry of Railways,SECR,709819,3RD AND 4TH LINE - SARAGBUNDIA AND MADWARANI,177,177.0,0.0,0,2026-12-31,2026-12-31,,0,0,0,1
351,Railways,Ministry of Railways,South Central Railway [SCR] - II,617216,3rd Line between Gudur Renigunta 83.17 Km,877,,2.97,0,2027-03-31,,2024-10-03,0,1,1,0
352,Railways,Ministry of Railways,Central Railway [CR] - II,705498,3rd Line Kalyan - Kasara [67.35 Kilometres],793,1432.0,894.16,50,2026-12-31,2026-12-31,2015-09-14,0,0,0,0
353,Railways,Ministry of Railways,Central Railway [CR] - II,705506,3rd Line Manmad - Jalgaon [160 Kilometres],1035,1559.0,1692.0,97,2024-12-31,2025-08-31,2017-05-30,0,0,0,0
354,Railways,Ministry of Railways,Central Railway [CR] - II,705502,3rd Line Wardha - Ballarshah [132 Kilometres],1385,1385.0,1102.48,77,2025-12-31,2026-02-28,2016-03-07,0,0,0,0
355,Railways,Ministry of Railways,Central Railway [CR] - II,705500,3rd Line Wardha - Sewagram - Nagpur,540,698.0,724.75,80,2025-12-31,2025-12-31,2015-09-04,0,0,0,0
356,Railways,Ministry of Railways,SECR,709815,4TH LINE - BHATAPARA-HATHBAND [8.8 KM] [PB-72/NR/2022-23],177,177.03,0.0,0,2027-01-31,2027-12-31,,0,0,0,1
357,Railways,Ministry of Railways,SECR,709816,4TH LINE - BHILAI-BHILAI NAGAR [8.8 KM] [PB-72/NR/2022-23],177,177.34,0.76,2,2027-02-28,2027-02-28,,0,0,0,1
358,Railways,Ministry of Railways,SECR,709817,4TH LINE - DADHAPARA-BELHA [9.2 KM] [PB-72/NR/2022-23],169,169.06,10.13,4,2026-11-30,2026-11-26,,1,0,0,1
359,Railways,Ministry of Railways,Western Railway,612072,4th LINE BETWEEN BAREJADI NANDEJ-SANAND-AHMEDABAD BYPASS,962,961.67,132.63,16,2027-03-31,2027-03-27,2023-02-03,1,0,0,0
360,Railways,Ministry of Railways,South East Central Railway [SECR] - II,612815,4th line between Nipania Bhatapara 14.4 Km,170,,0.0,0,2027-03-31,,,0,1,1,1
361,Railways,Ministry of Railways,SECR,709818,4TH LINE RAJNANDGAON-DONGARHGARH [31.2 KM] [PB-72/NR/2022-23],328,328.34,48.02,25,2027-01-31,2027-01-31,,0,0,0,1
362,Railways,Ministry of Railways,Central Railway [CR] - II,705505,4th Line Wardha - Nagpur [78.7 Kilometres],638,1137.0,969.0,80,2025-12-31,2026-02-28,2017-04-20,0,0,0,0
363,Railways,Ministry of Railways,Western Railway [WR] - II,611937,Adraj Moti Vijapur 40 Kms,418,417.53,223.0,86,2026-05-31,2026-05-31,2022-05-01,0,0,0,0
364,Railways,Ministry of Railways,CAO/C/NCR,705919,Agra Fort-Bandikui Doubling Line Project,1390,1390.0,123.0,25,2027-06-30,2027-06-27,2022-06-01,1,0,0,0
365,Railways,Ministry of Railways,Northeast Frontier Railway [NFR],613788,AGTHORI KAMAKHYA SECTION WITH CONSTRUCTION OF NEW RAIL CUM-ROAD BRIDGE AT SARAIGHAT - 7.062KM,1474,,0.0,0,2029-12-31,,2024-02-19,0,1,1,0
366,Railways,Ministry of Railways,Central Railways,705356,Ahmednagar - Beed - Parli - Vaijnath New Broad Gauge Line Railway Project [261.3 km],2539,4957.0,4725.34,92,2026-03-31,2026-03-31,1999-01-01,0,0,0,0
367,Railways,Ministry of Railways,North Western Railway [NWR],616843,AJMER- CHANDERIYA DOUBLING,1635,,59.51,5,2027-06-30,,2024-02-19,0,1,1,0
368,Railways,Ministry of Railways,CAO/C/NCR,705774,Aligarh -Daud Khan Flyover Construction & 3rd Railway Line Project,758,779.49,315.37,55,2025-01-31,2027-03-31,2019-04-01,0,0,0,0
369,Railways,Ministry of Railways,North Central Railway,705918,Allahabad division - Aligarh - Harduaganj Flyover,1457,1457.0,50.0,8,2026-06-30,2027-03-31,2020-04-30,0,0,0,0
370,Railways,Ministry of Railways,Construction NER,617252,Anandnagar - Ghugli via Maharajganj 50 km,958,,432.01,23,2028-03-21,,2023-10-25,0,1,1,0
371,Railways,Ministry of Railways,East Central Railway [ECR] - II,705368,Araria Supaul New BG Line,1605,2514.0,1311.39,33,2024-03-31,2027-01-31,2018-06-29,0,0,0,0
372,Railways,Ministry of Railways,South Central Railway [SCR] - II,611751,AURANGABAD-ANKAI - DOUBLING PROJECT 98.25 Km,961,,0.0,0,2027-03-31,,2023-05-25,0,1,1,0
373,Railways,Ministry of Railways,CAO/C/SER,616587,Badampahar-Kendujhargarh new line [82.06 km],1876,,0.0,0,2029-12-31,,,0,1,1,1
374,Railways,Ministry of Railways,South Western Railway [SWR] - II,705495,Bagalkot-Kudachi New Railway Line [142 km],1378,1649.0,670.74,35,2027-03-31,2027-01-31,2021-11-18,1,0,0,0
375,Railways,Ministry of Railways,CAO/C/ECoR,705767,Baghuapal Flyover Construction Project,258,258.0,0.83,0,2028-03-31,2028-03-31,2019-08-01,0,0,0,0
376,Railways,Ministry of Railways,North Eastern Railway [NER],705863,Bahraich - Nanpara - Nepalganj Road Gauge Conversion,950,950.0,507.02,86,2025-07-31,2025-08-31,2020-07-01,0,0,0,0
377,Railways,Ministry of Railways,North Eastern Railway [NER],400204,Bahraich-Shravasti-Balrampur-Siddharthnagar -Santkabir nagar,4940,4939.78,1217.13,8,2030-10-30,2030-10-31,2018-10-03,0,0,0,0
378,Railways,Ministry of Railways,Karnataka Rail Infrastructure Development Company Limited [K-RIDE],703586,Baiyyappanahalli - Hosur Doubling Project [48 km],499,499.0,595.0,97,2024-12-31,2026-01-26,2019-04-01,0,0,0,0
379,Railways,Ministry of Railways,CAO/C/SER,616586,Bangriposi-Gorumahisani new line [ 85.60 km ],2269,,0.0,0,2029-12-31,,,0,1,1,1
380,Railways,Ministry of Railways,CAO/C/NR,705782,Barabanki-Malhaur 3rd & 4th Railway Line Project,407,407.0,317.0,75,2025-03-31,2026-03-31,2019-01-01,0,0,0,0
381,Railways,Ministry of Railways,Central Railway [CR] - II,705357,Baramati Lonand New Line Project,736,1844.0,712.0,50,2027-03-31,2027-03-31,2016-03-31,0,0,0,0
382,Railways,Ministry of Railways,South Western Railway [SWR] - II,706835,Belgaum-Dharwad via Kittur [73.10Km],1591,1591.0,0.75,0,2027-12-31,2029-03-31,2020-09-07,0,0,0,0
383,Railways,Ministry of Railways,East Coast Railway [ECoR] - II,705510,Bhadrak-Nergundi Third Line,1284,1284.0,1298.0,80,2024-11-30,2026-01-31,2015-10-05,0,0,0,0
384,Railways,Ministry of Railways,CAO/C/NCR,705777,Bhandai Flyover Construction Project,250,250.18,118.0,15,2026-02-28,2027-02-28,2019-04-01,0,0,0,0
385,Railways,Ministry of Railways,RVNL - II,705428,Bhanupalli-Bilaspur-Beri New Railway Line Project,13447,13447.0,6391.15,59,2026-12-31,2027-12-30,2009-03-31,0,0,0,0
386,Railways,Ministry of Railways,RVNL - II,705780,Bhatni-Aurnihar with electrification excluding Indara-Mau,2529,2529.46,2051.69,94,2024-12-31,2025-10-31,2018-03-01,0,0,0,0
387,Railways,Ministry of Railways,North Western Railway [NWR],611884,Bhiwani - Dobh Bahali Doubling Project [42.30 Km],471,471.0,187.33,57,2028-02-29,2028-02-28,2023-02-01,1,0,0,0
388,Railways,Ministry of Railways,South East Central Railway [SECR] - II,706854,Boridand - Ambikapur Doubling Line Project,1376,1576.23,218.0,18,2030-06-30,2030-06-30,2022-06-01,0,0,0,0
389,Railways,Ministry of Railways,EDTK[MC]/RB,705722,BRM Machine Procurement Project,210,,0.02,0,2024-06-30,2027-12-31,,0,1,0,1
390,Railways,Ministry of Railways,East Coast Railway [ECoR] - II,400232,Brundamal-Jharsuguda- flyover connection for joining downline,297,297.0,193.22,30,2026-12-31,2026-12-31,2014-01-30,0,0,0,0
391,Railways,Ministry of Railways,South Eastern Railway [SER] - I,616588,Buramara-Chakulia new line [59.96 km],1459,,1.04,0,2029-12-31,,,0,1,1,1
392,Railways,Ministry of Railways,North Eastern Railway [NER],705567,Burhwal Gonda 3rd line,1016,1118.0,1113.75,70,2025-03-31,2025-09-30,2017-11-10,0,0,0,0
393,Railways,Ministry of Railways,Northen Railway [NR],705424,Chandigarh-Baddi New Rail Line- 36 km,1540,1540.0,506.73,31,2026-12-31,2026-12-31,2018-02-15,0,0,0,0
394,Railways,Ministry of Railways,CAO/C/SER,616227,Chandil - Anara - Damodar - 3rd line [121.26 km],1932,,0.03,0,2029-09-30,,,0,1,1,1
395,Railways,Ministry of Railways,North Eastern Railway [NER],705562,Chhapra-Ballia Patch Doubling,963,1046.0,906.0,95,2025-02-28,2026-03-31,2013-03-31,0,0,0,0
396,Railways,Ministry of Railways,Western Railway [WR] - II,705454,Chhota Udaipur - Dhar New Line Project [157 km],1794,1794.0,1800.85,80,2025-12-27,2025-12-27,2008-11-19,0,0,0,0
397,Railways,Ministry of Railways,South East Central Railway [SECR] - II,705756,Chirimiri-Nagpur Halt New Railway Line Project,241,656.52,71.0,0,2030-06-30,2030-06-30,2018-10-01,0,0,0,0
398,Railways,Ministry of Railways,PCE/WR,611969,Choranda Motikoral 18 Kms,246,,0.0,0,2026-10-30,,,0,1,1,1
399,Railways,Ministry of Railways,North Central Railway,617284,Chunar-Chopan doubling project,1424,,26.0,2,2028-03-31,,2023-08-25,0,1,1,0
400,Railways,Ministry of Railways,CPM/ICF,705244,Coach Production Factory Upgradation Project,520,,192.25,0,2021-12-31,,,0,1,1,1
401,Railways,Ministry of Railways,Northeast Frontier Railway [NFR],612096,Construction of Balurghat-Hilli new BG Line,1209,1209.0,405.31,9,2027-03-31,2025-03-27,2010-12-29,1,0,0,0
402,Railways,Ministry of Railways,East Central Railway [ECR] - I,617231,Construction of Bulb line at Nabinagar Ankorah of East Central Railway,612,,0.0,0,2028-06-30,,2024-06-07,0,1,1,0
403,Railways,Ministry of Railways,South Western Railway [SWR] - II,400023,Construction of New BG line between Hassan to Belur [27 Km],749,749.0,0.0,0,2028-04-30,2027-04-30,2019-03-01,1,0,0,0
404,Railways,Ministry of Railways,PCE/WR,611977,Dahod Creation of Infrastructure facilities for 9000 HP Electric locomotives Manufacturing at,487,,108.69,0,2025-02-28,,,0,1,1,1
405,Railways,Ministry of Railways,PCE/WR,611978,Dahod Rolling Stock Workshop Provision of Infrastructure for CBS at,158,,47.31,0,2025-03-31,,,0,1,1,1
406,Railways,Ministry of Railways,RVNL - II,705433,Dallirajhra- Rowghat New Railway Line - Phase I [95 km],1628,1628.0,1440.85,82,2025-09-30,2025-12-31,2009-07-15,0,0,0,0
407,Railways,Ministry of Railways,North Western Railway [NWR],611614,Dedicated Test Track for RDSO Phase II,819,967.06,471.0,86,2026-11-30,2026-11-26,2021-11-01,1,0,0,0
408,Railways,Ministry of Railways,North Western Railway [NWR],611849,Devgarh Madariya - Nathdwara Gauge Conversion [82.54 Km] part of Marwar - Mavli Gauge Conversion [152 Km],969,969.0,411.0,45,2028-06-30,2028-06-28,2023-01-01,1,0,0,0
409,Railways,Ministry of Railways,CERL,613003,Dharamjaigarh-Korba 63 km,1686,,288.83,18,2026-08-31,,,0,1,1,1
410,Railways,Ministry of Railways,North Central Railway,705482,Dholpur - Sirmuttra Gauge Conversion,747,747.0,392.0,39,2019-02-28,2027-02-28,2022-03-31,1,0,0,0
411,Railways,Ministry of Railways,CR,400019,DHULE [BORVIHIR] - NARDANA NEW LINE [50.60 KMS],493,1171.0,234.48,9,2026-12-31,2027-09-30,2019-01-31,0,0,0,0
412,Railways,Ministry of Railways,Northeast Frontier Railway [NFR],705392,Dimapur [Dhansiri]-Sukhobi Kohima [Zubza] NL [82.5 Km],6663,6663.0,5202.29,79,2025-03-26,2025-12-29,2015-08-26,0,0,0,0
413,Railways,Ministry of Railways,North Eastern Railway [NER],705566,Domingarh-Gorakhpur-Gorakhpur Cantt.-Kusumhi - 3rd Railway Line Project,351,521.47,494.0,98,2025-02-01,2025-09-30,2016-11-22,0,0,0,0
414,Railways,Ministry of Railways,South Central Railway [SCR] - II,616856,Doubling between Bhadrachalam Road and Dornakal,770,,0.0,0,2029-04-13,,,0,1,1,1
415,Railways,Ministry of Railways,South Central Railway [SCR] - II,616857,Doubling between Motumari Vishnupuram - 88.81 Km and Rail over Rail - RoR at Motumari - 10.877 Km,1596,,7.69,1,2029-03-31,,,0,1,1,1
416,Railways,Ministry of Railways,South Central Railway [SCR] - II,617212,Doubling between Mudkhed Medchal & Mahbubnagar Dhone section 417.88 Km,4686,,0.0,0,2029-03-31,,2023-08-25,0,1,1,0
417,Railways,Ministry of Railways,South Central Railway [SCR] - II,617215,Doubling between Parbhani Parli Vaijanath stations 64.71 Km,770,,0.0,0,2028-03-31,,2023-12-06,0,1,1,0
418,Railways,Ministry of Railways,Central Railway [CR] - II,705504,Doubling of Daund Manmad Line [247.6 km],2081,3075.0,2769.0,88,2025-12-31,2025-12-31,2017-10-04,0,0,0,0
419,Railways,Ministry of Railways,South Central Railway [SCR] - II,617211,Doubling of Guntur Bibinagar 239 Km,2853,,43.88,1,2029-03-31,,2023-08-25,0,1,1,0
420,Railways,Ministry of Railways,South Eastern Railway - JH,705628,Doubling of Hatia [Ranchi]-Bondamunda Rail Line - 159 km,3029,3029.0,2458.15,85,2025-06-30,2026-06-30,2016-03-31,0,0,0,0
421,Railways,Ministry of Railways,Indian Railway Construction International Limited [IRCON],705660,Doubling of Katni - Singrauli Railway Line [261 km],2445,4377.0,3122.0,100,2026-12-31,2027-12-31,2016-03-31,0,0,0,0
422,Railways,Ministry of Railways,East Coast Railway [ECoR] - II,400291,Doubling of Kirandul-Jagdalpur Line [150 km],1589,1798.0,1541.7,92,2020-03-31,2025-12-31,2013-02-20,0,0,0,0
423,Railways,Ministry of Railways,East Coast Railway [ECoR] - II,705512,Doubling of Kottavalasa-Koraput Rail Line [189 KM],2500,2500.0,2033.31,70,2022-03-31,2028-03-31,2015-12-08,0,0,0,0
424,Railways,Ministry of Railways,Northeast Frontier Railway [NFR],705572,Doubling of New Bonggigaon to Kamakhya via Goalpara - 176 km,4060,4961.0,3683.75,93,2026-03-31,2026-03-31,2016-09-02,0,0,0,0
425,Railways,Ministry of Railways,EDTK[MC]/RB,705721,DTS Machine Procurement Project,448,,0.0,0,2024-12-31,2026-12-31,,0,1,0,1
426,Railways,Ministry of Railways,RVNL - II,400277,Dum Dum Airport-New Garia via Rajarhat-Construction of Metro Railway,8964,8964.0,8097.47,80,2025-12-31,2026-03-31,2010-03-15,0,0,0,0
427,Railways,Ministry of Railways,SR-ERS,705639,Ernakulam-Kumbalam doubling project [7.71 Km],601,601.0,283.0,17,2028-03-31,2028-03-31,2023-04-03,0,0,0,0
428,Railways,Ministry of Railways,East Central Railway [ECR] - II,705373,"Fatuha-Islampur incl. MM for extn.of NL from Neora to Daniawan , Daniawan to Biharsharif, Biharsharif to Barbigha , Barbigha to Shekhpura",1473,2882.0,2824.8,91,2023-03-31,2025-08-31,2002-08-19,0,0,0,0
429,Railways,Ministry of Railways,East Coast Railway [ECoR] - II,612827,Flyover between Pendurthi and Simhachalam North to avoid surface crossing at Simhachalam 7.135 km PB 73 of 2023 24 NR,184,,4.16,11,2027-04-30,,,0,1,1,1
430,Railways,Ministry of Railways,East Coast Railway [ECoR] - II,616694,Flyover between Siju and Paradeep coaching Yard to avoid Surface crossing of trains,201,,0.0,0,2028-07-31,,2023-04-19,0,1,1,0
431,Railways,Ministry of Railways,South Western Railway [SWR] - II,705490,Gadag-Wadi New Railway Line [257 km],2842,6700.0,1721.14,30,2027-03-31,2027-12-31,2013-04-01,0,0,0,0
432,Railways,Ministry of Railways,East Coast Railway [ECoR] - II,709811,GANDHAMARDAN IRON ORE MINES TO GOALDIH STATION/12.76kms,190,190.0,0.0,0,2027-09-30,2027-09-27,2022-09-09,1,0,0,0
433,Railways,Ministry of Railways,SECR,602792,Gauge Conversion of Kendri-Dhamtari including Abhanpur - Rajim Branch line 67.20 Kms - 2nd Material Modification to Raipur Titlagarh doubling.,1171,1171.0,848.0,82,2025-02-28,2025-11-30,2011-07-01,0,0,0,0
434,Railways,Ministry of Railways,Indian Railway Construction International Limited [IRCON],705444,Gevra Road-Pendra Road New Railway Line [135 km],4970,,4271.55,72,2022-03-31,2025-12-31,,0,1,0,1
435,Railways,Ministry of Railways,East Central Railway [ECR] - II,705765,Gomoh - Flyover for DN trains,686,686.0,536.04,59,2026-03-26,2026-03-26,2018-01-29,0,0,0,0
436,Railways,Ministry of Railways,South East Central Railway,617201,Gondia-Balharshah [Chanda Fort] Doubling [240 Km],4373,,0.0,0,2030-04-09,,2025-04-09,0,1,1,0
437,Railways,Ministry of Railways,South Central Railway [SCR] - II,611752,GOOTY-PENDEKALLU DOUBLING 29.225 Km,352,351.83,18.0,25,2027-03-31,2027-03-27,2023-03-01,1,0,0,0
438,Railways,Ministry of Railways,NER,617224,Gorakhpur-Valmikinagar Doubling project,1120,,181.86,20,2027-12-30,,,0,1,1,1
439,Railways,Ministry of Railways,North Western Railway [NWR],705752,Gudha-Thatha Mithri Construction of Railway Track Project,819,967.06,471.0,98,2026-11-30,2026-11-30,2019-04-01,0,0,0,0
440,Railways,Ministry of Railways,South Central Railway [SCR] - II,611754,GUNTAKAL WEST-MALLAPPA GATE RAIL OVER RAIL - ROR TRACK,293,,0.0,0,2026-07-31,,,0,1,1,1
441,Railways,Ministry of Railways,South Central Railway [SCR] - II,705633,Guntur-Guntakal Doubling Project,3733,4295.0,4112.59,92,2025-12-31,2026-12-31,2017-03-31,0,0,0,0
442,Railways,Ministry of Railways,Central Organisation for Railway Electrification [CORE],706922,Guwahati-Dibrugarh via Tinsukia & Simaluguri-Dibrugarh,890,889.36,391.73,89,2020-09-03,2024-06-30,2020-09-30,1,0,0,0
443,Railways,Ministry of Railways,North Central Railway,705419,Gwalior - Seopurkala with extension to Kota [Gauge Conversion],2913,2913.0,2751.0,83,2025-03-31,2026-02-28,2011-03-31,0,0,0,0
444,Railways,Ministry of Railways,East Central Railway [ECR] - I,705366,Hajipur-Sagauli New line,2067,2087.0,1908.49,74,2020-03-31,2026-12-31,2007-10-05,0,0,0,0
445,Railways,Ministry of Railways,WR,611939,Himatnagar Khedbrahma 55 km,482,482.42,461.0,96,2001-06-30,2026-06-30,2022-06-01,1,0,0,0
446,Railways,Ministry of Railways,RVNL - II,705650,Hospet - Tinaighat - Vasco Rail Doubling Project,5060,5060.0,5007.82,86,2027-03-31,2027-12-30,2010-03-31,0,0,0,0
447,Railways,Ministry of Railways,RVNL,706950,Hospet-Hubli-Vasco da Gama Line Electrification Project,744,1122.62,969.05,95,2023-03-31,2024-03-31,,0,0,0,1
448,Railways,Ministry of Railways,South Western Railway [SWR] - II,705662,Hotgi-Kudgi-Gadag Doubling Project,1878,2459.0,2628.8,89,2024-12-31,2026-03-31,2014-04-01,0,0,0,0
449,Railways,Ministry of Railways,RVNL - II,705763,Indore - Budni New Railway Line [198 kms],7474,7474.0,1658.03,22,2030-09-30,2030-09-30,2019-08-21,0,0,0,0
450,Railways,Ministry of Railways,Central Railway [CR] - II,705507,Itarsi - Nagpur Third Railway Line [280 km],2450,2450.0,1815.49,52,2027-03-31,2027-03-31,2016-09-02,0,0,0,0
451,Railways,Ministry of Railways,East Coast Railway [ECoR] - II,705511,Jagdalpur-Koraput,1547,1547.0,1308.2,90,2024-03-31,2026-12-31,2015-12-08,0,0,0,0
452,Railways,Ministry of Railways,PCE/WR,611972,Jambusar Kavi 26 Kms,318,,0.0,0,2026-12-30,,,0,1,1,1
453,Railways,Ministry of Railways,RVNL,705784,Janghai-Phaphamau Doubling Rail Line Project,357,978.77,579.0,95,2025-03-31,2025-03-31,2018-11-01,0,0,0,0
454,Railways,Ministry of Railways,CAO/C/II/NR,705588,Janghai-Pratapgarh- Amethi,722,1194.0,1100.0,70,2025-03-31,2026-03-31,2017-11-10,0,0,0,0
455,Railways,Ministry of Railways,East Coast Railway [ECoR] - II,705514,Jarapada- Budhapank with flyover at Talcher road 3rd and 4th Line,1000,810.02,401.61,36,2018-11-13,2026-03-31,,0,0,0,1
456,Railways,Ministry of Railways,East Central Railway [ECR] - I,705362,"Jaynagar-Bijalpura, incl. extn. Bet, Bijalpura-Bardibas [Nepal]",819,819.0,588.32,75,2022-03-31,2026-03-31,2015-08-21,0,0,0,0
457,Railways,Ministry of Railways,CAO/C/NCR,705598,Jhansi - Bina Third Railway Line [153 Km],2002,2002.0,1884.84,93,2022-03-31,2026-03-31,2016-09-30,0,0,0,0
458,Railways,Ministry of Railways,North Central Railway,705608,Jhansi-Khairar-Manikpur & Khirar-Bhimsen,4330,4330.0,1989.0,53,2026-03-31,2026-03-31,2018-03-01,0,0,0,0
459,Railways,Ministry of Railways,SECR,705616,Jharsuguda-Bilaspur Fourth Railway Line [206 km],2140,2979.0,2124.15,88,2024-10-31,2025-12-31,2016-09-08,0,0,0,0
460,Railways,Ministry of Railways,Indian Railway Construction International Limited [IRCON],705450,Jogbani-Biratnagar New Rail Line project,402,486.0,361.0,86,2022-03-31,2026-12-31,2010-06-28,0,0,0,0
461,Railways,Ministry of Railways,PCE/WR,611976,Jogeshwari AT Development of JOS-AT as Trainset Maintenance Depot for energy efficient Vande Bharat Sleeper Trains,221,,0.0,0,2025-10-30,,,0,1,1,1
462,Railways,Ministry of Railways,RVNL - II,705730,Joka-BBD Bag new metro project,4835,10362.0,4361.23,59,2026-12-31,2028-12-31,2010-03-05,0,0,0,0
463,Railways,Ministry of Railways,WR,611980,Junagarh Visavadar 42 Kms,493,492.83,3.0,1,2028-09-30,2028-09-28,2022-06-02,1,0,0,0
464,Railways,Ministry of Railways,South Western Railway [SWR] - II,705492,Kadur - Chickamagalur - Sakleshpur [93km],825,825.0,770.18,83,2025-06-30,2025-12-31,2014-01-27,0,0,0,0
465,Railways,Ministry of Railways,Eastern Railway [ER] - I,400247,Kalinarayanpur-Krishnanagar Doubling Alongwith Krishnanagar - Chapra New Line And Naihati-Ranaghat 3rd Line.,1000,1000.0,1029.97,67,2027-02-28,2027-02-28,2015-07-28,0,0,0,0
466,Railways,Ministry of Railways,Eastern Railway [ER] - I,617322,Kalipahari Bakhtarnagar 5th line,350,350.46,0.0,0,2027-06-30,2027-06-27,2024-08-08,1,0,0,0
467,Railways,Ministry of Railways,Central Railway [CR] - II,709809,KALYAN-MURBAD VIA ULHASNAGAR [UMBRELLA WORK],836,836.0,9.29,1,2027-03-31,2027-03-27,,1,0,0,1
468,Railways,Ministry of Railways,West Central Railway WCR I,705651,Katni - Bina Third Railway Line [279 km],2478,4127.23,3295.49,90,2022-03-31,2025-12-31,2016-06-02,0,0,0,0
469,Railways,Ministry of Railways,Indian Railway Construction International Limited [IRCON],705661,Katni Grade Separator/Bye Pass,1248,1248.0,1537.77,92,2024-09-30,2026-03-31,2016-03-31,0,0,0,0
470,Railways,Ministry of Railways,South Central Railway [SCR] - II,705612,Kazipet-Vijayawada 3rd line with electrification [220 km],1953,3363.0,2915.49,90,2025-02-28,2025-12-31,2013-03-31,0,0,0,0
471,Railways,Ministry of Railways,East Central Railway [ECR] - I,705364,Khagaria-Kusheshwar Asthan [42Km] new line project,614,1384.0,479.22,55,2024-12-31,2027-03-31,2019-04-20,0,0,0,0
472,Railways,Ministry of Railways,RVNL - II,705668,KHARAGPUR-ADITYAPUR THIRD RAIL LINE- 132 KM,3250,3250.0,3176.46,97,2025-03-31,2025-12-31,2016-09-05,0,0,0,0
473,Railways,Ministry of Railways,CAO/C/SECR,617200,KHARSIA- NAYA RAIPUR-PARMALKASA 5th and 6th Line [278KM],7854,,0.0,0,2031-03-31,,2025-04-11,0,1,1,0
474,Railways,Ministry of Railways,Indian Railway Construction International Limited [IRCON],400220,Kharsia-Dharamjaygarh with Spur line [East Corridor-Phase 1],3055,3438.0,2574.54,94,2018-09-30,2026-03-31,2016-03-05,0,0,0,0
475,Railways,Ministry of Railways,CORE,706898,Khurda Road - Balangir Electrification of Railway Track Project,268,,0.0,0,2021-03-31,,,0,1,1,1
476,Railways,Ministry of Railways,East Coast Railway [ECoR] - II,705358,Khurda-Bolangir New Broad Gauge Rail Link [301km],3792,5089.0,4983.45,89,2026-12-31,2026-12-31,1994-03-31,0,0,0,0
477,Railways,Ministry of Railways,East Central Railway [ECR] - II,705375,Koderma-Tilaiya New Line,1626,2020.0,2060.97,92,2025-02-28,2026-02-28,2004-11-04,0,0,0,0
478,Railways,Ministry of Railways,Indian Railway,709810,KODINGAMALI BAUXITE MINES TO SINGARAM RAILWAY STATION,191,,0.0,0,2027-08-31,2027-08-27,,1,1,0,1
479,Railways,Ministry of Railways,East Coast Railway [ECoR] - II,705513,Koraput - Singapur Railway Doubling,2362,2362.0,1787.49,68,2027-12-01,2028-03-30,2015-12-08,0,0,0,0
480,Railways,Ministry of Railways,PCE/WR,611918,Kosamba Umarpada 70 Km,468,,20.0,0,2027-03-30,,,0,1,1,1
481,Railways,Ministry of Railways,South Central Railway [SCR] - II,705436,Kotapalli - Narasapur New Line,2501,2501.0,1264.18,29,2028-03-31,2028-03-31,2009-03-31,0,0,0,0
482,Railways,Ministry of Railways,Southern Railway [SR] - II,705638,Kumbalam-Turavur doubling project [15.59 Km],813,813.0,292.15,15,2027-03-31,2027-03-31,2023-04-03,0,0,0,0
483,Railways,Ministry of Railways,WPO/Patna,611927,Kurnool - Setting up facilities for coach midlife rehabilitation workshop,561,,276.66,65,2023-12-31,,2014-01-01,0,1,1,0
484,Railways,Ministry of Railways,North Central Railway,705766,Lalitpur-Birari with flyover at Lalitpur- 16 Km,304,356.0,214.0,65,2024-12-31,2025-11-30,2017-03-22,0,0,0,0
485,Railways,Ministry of Railways,North Central Railway,705480,"Lalitpur-Satna, Rewa-Singrauli & Mahoba-Khajuraho",8914,8914.0,4971.65,70,2027-03-31,2027-12-31,2007-01-24,0,0,0,0
486,Railways,Ministry of Railways,South Eastern Railway [SER] - I,705785,Lodhma - Piska - Link Line bypassing Hatia/Ranchi with Y connection,473,473.0,284.26,4,2026-06-30,2027-05-31,2021-08-27,0,0,0,0
487,Railways,Ministry of Railways,CAO/C/NR,705783,Ludhiana- Killa Raipur Railway Doubling Project,238,237.64,118.0,55,2025-03-31,2026-03-31,2019-03-01,0,0,0,0
488,Railways,Ministry of Railways,Northeast Frontier Railway [NFR],616701,Lumding Furkating Doubling Project 140 km,2124,,13.74,0,2028-02-29,,,0,1,1,1
489,Railways,Ministry of Railways,North Western Railway [NWR],616842,LUNI- SAMDARI- BHILDI DOUBLING,3086,,154.46,7,2027-07-31,,2024-02-19,0,1,1,0
490,Railways,Ministry of Railways,WPO/Patna,611929,Maintenance cum workshop depot for Vande Bharat Sleeper Trains as per conditions under WTA 527,167,,0.0,0,2024-12-29,,,0,1,1,1
491,Railways,Ministry of Railways,Indian Railways,616702,Malkangiri Pandurangapuram new railway line project,3592,,0.0,0,2031-11-26,,2024-08-19,0,1,1,0
492,Railways,Ministry of Railways,South Western Railway [SWR] - II,611615,Malugur- Palasamudram New Line Project [17.975 Km],342,342.14,0.0,0,2027-11-30,2027-12-31,2022-09-01,0,0,0,0
493,Railways,Ministry of Railways,South Central Railway [SCR] - II,705437,Manoharabad-Kothapalli New Rail Line [151 km],1160,2781.0,1713.38,71,2027-03-31,2027-12-31,2016-07-16,0,0,0,0
494,Railways,Ministry of Railways,South Western Railway [SWR] - II,705491,Marikuppam - Kuppam New Line Project [23.70 Km],297,297.0,123.17,15,2026-06-30,2026-06-30,2012-04-01,0,0,0,0
495,Railways,Ministry of Railways,RVNL - II,705667,Mathura-Jhansi Third Railway Line [274 Km],5961,5961.0,4928.62,94,2024-12-31,2026-12-31,2015-12-11,0,0,0,0
496,Railways,Ministry of Railways,PCE/WR,611973,miyagam karjan Choranda maalsar 37 kms,450,,0.0,0,2026-12-25,,,0,1,1,1
497,Railways,Ministry of Railways,Western Railway [WR] - II,705458,Miyagam-Karjan-Dabhoi-Samlaya [GC],844,1600.0,693.0,68,2021-03-31,2026-12-31,2017-01-17,0,0,0,0
498,Railways,Ministry of Railways,SECR,706757,Modasa-Shamlaji Road Railway Line Project,262,262.0,203.0,58,2025-03-31,2027-03-31,2012-09-01,0,0,0,0
499,Railways,Ministry of Railways,Southern Railway [SR] - I,705755,Morappur - Dharmpuri New Railway Line Project,359,359.0,40.0,1,2028-03-31,2028-03-28,2019-05-27,1,0,0,0
500,Railways,Ministry of Railways,North Central Railway,705772,"Mughalsarai-Allahabad, 3rd line",2649,2649.0,1399.0,62,2026-12-31,2027-03-31,2015-12-08,0,0,0,0
501,Railways,Ministry of Railways,East Central Railway [ECR] - I,616699,Multi tracking of Son Nagar-Andal [374.53 rkm & 814.38 tkm],12334,,444.74,10,2028-03-31,,2023-08-25,0,1,1,0
502,Railways,Ministry of Railways,Western Railway,611452,MUMBAI CENTRAL VIRAR VADODARA AHMEDABAAD TRAIN PROTECTION SYSTEM 500 RKM,311,311.0,208.0,92,2025-12-31,2025-06-26,2019-09-25,1,0,0,0
503,Railways,Ministry of Railways,Mumbai Rail Vikas Corporation Ltd.[MRVC],706780,Mumbai Urban Transport Project [MUTP] Phase-IIIA,33690,33690.0,2246.15,16,2027-12-31,2027-12-31,2019-04-01,0,0,0,0
504,Railways,Ministry of Railways,Mumbai Rail Vikas Corporation Ltd.[MRVC],706779,Mumbai Urban Transport Project [MUTP] - PHASE II,8087,8087.0,7364.0,87,2014-03-31,2027-12-31,2008-05-09,0,0,0,0
505,Railways,Ministry of Railways,Mumbai Rail Vikas Corporation Ltd.[MRVC],706781,Mumbai Urban Transport Project Phase-III,10947,10947.0,5057.67,60,2022-03-31,2026-12-31,2016-11-30,0,0,0,0
506,Railways,Ministry of Railways,National High Speed Rail Corporation [NHSRC],705728,Mumbai-Ahmedabad High Speed Rail Project- 508 km,108000,108000.0,78690.9,53,2027-08-31,2029-12-31,2015-03-31,0,0,0,0
507,Railways,Ministry of Railways,Eastern Railway [ER] - II,617240,Murarai - Barharwa 3rd line,935,,0.0,0,2028-05-06,,2025-05-07,0,1,1,0
508,Railways,Ministry of Railways,Northeast Frontier Railway [NFR],705401,Murkongselek-Pasighat,435,1250.0,901.0,56,2025-03-31,2025-12-31,,0,0,0,1
509,Railways,Ministry of Railways,East Central Railway [ECR] - II,705528,Muzaffarpur-Sugauli,1586,1586.0,1586.82,99,2024-06-30,2025-08-31,2018-03-01,0,0,0,0
510,Railways,Ministry of Railways,WR,709812,NADIAD-PETLAD [37.26 KM],462,461.91,75.0,7,2030-06-30,2030-06-30,,0,0,0,1
511,Railways,Ministry of Railways,South Central Railway [SCR] - II,400298,Nadikudi - Srikalahasti New Line,2312,5200.0,2179.0,54,2027-05-31,2028-03-31,2012-03-31,0,0,0,0
512,Railways,Ministry of Railways,Southern Railway [SR] - II,400223,Nagapattinam-Tiruturaipundi and Karaikal-Peralam New Line,713,981.0,598.38,80,2026-03-31,2027-03-31,2008-07-24,0,0,0,0
513,Railways,Ministry of Railways,MRIDC,705799,Nagpur- Nagbhir Railway Line Gauge Conversion Project,1400,1400.0,1472.0,80,2025-12-31,2025-12-25,2019-10-01,1,0,0,0
514,Railways,Ministry of Railways,Northen Railway [NR],705410,Nangal Dam-Talwara New Broad Gauge Line [84 KM] and Taking Over Siding Mukerian-Talwara [29 KM],2018,2018.0,1848.0,74,2025-12-31,2027-01-31,1983-03-31,0,0,0,0
515,Railways,Ministry of Railways,South Eastern Railway [SER] - I,705629,Narayangarh-Bhadrak 3rd line,2400,2400.0,2188.0,65,2025-12-31,2026-06-30,2019-03-07,0,0,0,0
516,Railways,Ministry of Railways,North Eastern Railway [NER],611669,NER Provision of Automatic Block Signalling on Gorakhpur Cantt[Excl] Chhapra Gramin & Burhwal Jn [Excl] Sitapur Jn section of high density routes,380,,24.53,0,2027-03-31,,,0,1,1,1
517,Railways,Ministry of Railways,Northeast Frontier Railway [NFR],705400,New B.G. Railway Line- Araria to Galgalia [Thakurgunj],2650,4412.0,4152.4,96,2024-12-31,2025-07-11,2005-03-31,0,0,0,0
518,Railways,Ministry of Railways,SECR,709813,NEW BG LINE INTERSECTION [5 NOS] BETWEEN GERATPUR-SANAND & BOTAD-AHMEDABAD [16.51 KM] [PB#29/NR/202,437,437.21,43.0,15,2027-10-31,2027-10-27,,1,0,0,1
519,Railways,Ministry of Railways,PCE/WR,611943,New broad gauge line between Naliya Jakhau Port 25 Kms,410,410.26,6.0,4,2028-01-31,2028-01-28,2023-02-01,1,0,0,0
520,Railways,Ministry of Railways,PCE/NCR,705794,New Delhi- Howrah Speed Booster[160Kmph] Project,6685,,127.03,0,2024-03-31,,,0,1,1,1
521,Railways,Ministry of Railways,PCE/WR,705793,New Delhi- Mumbai Speed Booster[160Kmph] Project,6806,,135.65,0,2024-03-31,,,0,1,1,1
522,Railways,Ministry of Railways,Western Railway [WR] - II,705453,"New line Dahod-Indore via Sardarpur, Jabuwa and Dhar",1942,2691.0,3412.98,67,2027-02-28,2027-02-28,2012-06-19,0,0,0,0
523,Railways,Ministry of Railways,South Western Railway [SWR] - II,705434,New Railway Line between Ginigera and Raichur [165.57 km],2565,3034.98,2063.57,66,2019-03-31,2027-03-31,2008-03-31,0,0,0,0
524,Railways,Ministry of Railways,Western Railway [WR] - II,705764,Nimach-Badi Sadri New Rail Line Project,495,825.0,306.0,46,2026-03-31,2025-12-26,2017-04-01,1,0,0,0
525,Railways,Ministry of Railways,Western Railway [WR] - II,705933,Nimach-Ratlam Doubling [133 Km],1096,1095.88,1056.18,89,2027-10-31,2027-10-31,2021-10-07,0,0,0,0
526,Railways,Ministry of Railways,SECR,709814,NIPANIA-BHATAPRA [14.4 KM] 4TH LINE [PB-72/NR/2022-23],170,184.0,0.0,0,2026-12-31,2026-12-31,,0,0,0,1
527,Railways,Ministry of Railways,"Metro Railway, Kolkata",706776,Noapara-Barasat via Bimanbandar - Construction of Metro railway [18 km],4830,4830.0,2764.13,32,2026-08-31,2029-03-31,2010-11-02,0,0,0,0
528,Railways,Ministry of Railways,RCIL,705298,North Region Video Surveillance Project,274,,0.0,0,2024-03-31,,,0,1,1,1
529,Railways,Ministry of Railways,CR,709808,PACHORA-JAMNER WITH EXTENSION UPTO MALKAPUR NG TO BG,955,2094.0,118.0,2,2027-08-31,2028-03-28,,0,0,0,1
530,Railways,Ministry of Railways,East Coast Railway [ECoR] - II,616695,Paradeep - Badabandha 3rd & 4th Line / 18.51kms,300,,0.01,0,2028-11-30,,2023-08-31,0,1,1,0
531,Railways,Ministry of Railways,EDTK[MC]/RB,705710,PCT Machine Procurement Project,336,,74.32,81,2024-04-01,2027-06-30,,0,1,0,1
532,Railways,Ministry of Railways,South Western Railway [SWR] - II,705789,Penukonda - Dharmavaram Doubling Project [41.5 Km],308,307.66,267.83,60,2026-03-31,2026-03-31,2019-04-01,0,0,0,0
533,Railways,Ministry of Railways,PCE/WR,611945,Petlad Bhadran 23 Kms,307,307.11,82.0,8,2030-05-31,2030-05-30,2022-05-01,1,0,0,0
534,Railways,Ministry of Railways,Southern Railways [SR] - construction,400280,Ph II extension of MRTS from Velachery to St Thomas Mount,734,982.0,475.73,99,2024-07-31,2025-08-31,2007-11-15,0,0,0,0
535,Railways,Ministry of Railways,South Eastern Railway [SER] - I,705779,"Phephna-Indara, Mau-Shahganj doubling excluding Indara-Mau",1178,1777.0,1489.5,85,2024-12-31,2026-03-31,2017-05-30,0,0,0,0
536,Railways,Ministry of Railways,Eastern Railway [ER] - I,705385,Pirpainti - Jasidih [100.52 Km] New BG line,2555,2555.0,763.08,48,2028-03-31,2028-03-31,2014-03-31,0,0,0,0
537,Railways,Ministry of Railways,East Coast Railway [ECoR] - II,400045,Proposed 6 nos Road Over Bridge [ROB] at different locations under MCL Talcher Under Deposit Scheme.,168,,69.85,82,2025-03-31,2025-01-31,2022-08-08,1,1,0,0
538,Railways,Ministry of Railways,EDTK[MC]/RB,705694,Provision of Work-site Tampers [WST] Railway Project,188,,141.91,100,2023-12-31,2026-01-31,,0,1,0,1
539,Railways,Ministry of Railways,Central Railway [CR] - II,705503,Pune - Miraj-Londa [467 Kilometres],3627,6689.0,6548.0,84,2025-02-28,2025-08-31,2016-06-10,0,0,0,0
540,Railways,Ministry of Railways,North Western Railway [NWR],616841,PUSHKAR- MERTA CITY NEW LINE,800,,13.91,3,2026-12-31,,2024-02-13,0,1,1,0
541,Railways,Ministry of Railways,PCE/WR,611944,Quadrupling between Gandhidham Adipur with Y connection at Adipur for providing direct entry towards Mundra Port and Bhuj and high level platform at Gopalpur 11Kms,152,152.44,20.0,68,2026-03-31,2026-03-26,2023-02-01,1,0,0,0
542,Railways,Ministry of Railways,South Central Railway [SCR] - II,617214,Rail Connectivity to Errupalem Amravati Namburu 57 Km,2047,,0.0,0,2027-03-31,,2024-11-24,0,1,1,0
543,Railways,Ministry of Railways,Western Railway [WR] - II,706763,Rajkot - Kanalus Doubling Project [111.2 Kms],1081,1080.58,731.0,72,2026-10-31,2026-10-31,2021-10-07,0,0,0,0
544,Railways,Ministry of Railways,South East Central Railway [SECR] - II,705617,Rajnandgaon - Nagpur [Kalumna] Third Railway Line [228.30 km],3545,3545.0,3163.08,95,2024-12-31,2026-06-30,2016-09-08,0,0,0,0
545,Railways,Ministry of Railways,West Central Railway [WCR] - II,705481,Ramganjmandi-Bhopal New Line Project [262 km],3032,5073.0,3592.92,70,2025-12-25,2027-12-31,2001-03-31,0,0,0,0
546,Railways,Ministry of Railways,Indian Railway Construction International Limited [IRCON],706759,Rampur Dumra-Tal-Rajendrapul Additional Bridge and Railway Line Doubling,2374,2374.0,1777.0,85,2024-12-31,2025-12-31,2016-03-31,0,0,0,0
547,Railways,Ministry of Railways,North Western Railway [NWR],616840,RAS- MERTA CITY NEW LINE INCL BYPASS AT MERTA ROAD,947,,1.36,0,2028-03-31,,,0,1,1,1
548,Railways,Ministry of Railways,Western Railway [WR] - II,705457,Ratlam-Mhow-Khandwa-Akola Gauge Conversion,5678,6531.9,4314.0,87,2027-03-31,2028-09-30,2008-04-01,0,0,0,0
549,Railways,Ministry of Railways,South Western Railway [SWR] - II,705494,Rayadurg-Tumkur via Kalyandurg New Line [207 km],2496,2496.0,1691.88,67,2015-09-30,2028-02-29,2008-03-31,0,0,0,0
550,Railways,Ministry of Railways,EDTK[MC]/RB,705712,RBMV Machine Procurement Project,480,,0.33,4,2024-06-30,2027-12-31,,0,1,0,1
551,Railways,Ministry of Railways,Ministry of Railways,613786,"Redevelopment of Ahmedabad railway station and associated infrastructure on engineering, procurement and construction mode",2379,,607.69,15,2028-03-31,,,0,1,1,1
552,Railways,Ministry of Railways,WR,613002,Redevelopment of Chennai Egmore Station,842,,340.0,0,2026-03-31,,,0,1,1,1
553,Railways,Ministry of Railways,Ministry of Railways,613015,Redevelopment of Chhatrapati Shivaji Maharaj Terminus [CSMT] and construction of associated infrastructure,1813,,525.2,12,2027-03-31,,2023-04-28,0,1,1,0
554,Railways,Ministry of Railways,Ministry of Railways,613785,Redevelopment of New Delhi Railway Station and construction of associated infrastructure,4744,,31.77,0,2028-12-31,,2023-01-24,0,1,1,0
555,Railways,Ministry of Railways,South Central Railway [SCR] - I,705610,"Renigunta, Wadi & Gooty Bypass Railway Project",302,543.0,381.0,50,2025-12-31,2025-12-25,2016-04-01,1,0,0,0
556,Railways,Ministry of Railways,North Western Railway [NWR],611861,Rewari - Kathuwas Doubling Project [27.72 Km],352,352.0,239.01,59,2027-06-30,2027-06-27,2023-02-01,1,0,0,0
557,Railways,Ministry of Railways,North Western Railway [NWR],616696,RINGUS KHATUSHYAMJI NEW LINE,254,,1.65,0,2028-03-31,,2024-03-05,0,1,1,0
558,Railways,Ministry of Railways,RVNL - II,705429,Rishikesh-Karnaprayag New Rail Line- 125 km,38953,38953.0,24645.2,65,2025-12-31,2027-03-31,2016-11-10,0,0,0,0
559,Railways,Ministry of Railways,South Eastern Railway [SER] - I,706856,Rourkela - Bondamunda 5th Line Doubling Project,245,245.0,82.0,35,2026-09-30,2026-09-26,2022-09-01,1,0,0,0
560,Railways,Ministry of Railways,PCE/WR,611979,Sabarmati Setting up of Maintenance Facilities for Train Sets Phase ii,250,,0.0,0,2025-06-30,,,0,1,1,1
561,Railways,Ministry of Railways,East Central Railway [ECR] - II,705527,Sagauli-Valmiknagar,1216,2222.0,2039.0,91,2025-12-24,2025-12-25,2018-03-01,0,0,0,0
562,Railways,Ministry of Railways,North Eastern Railway [NER],400205,Sahjanwa-Dohrighat,1320,1319.75,457.35,3,2029-03-31,2029-03-31,2019-08-02,0,0,0,0
563,Railways,Ministry of Railways,Eastern Railway [ER] - I,602797,"Sainthia, Sitarampur, Mughalsarai, Allahabad & Etawah - Bypass Line Project",462,461.64,178.45,6,2027-03-31,2027-03-27,2017-08-10,1,0,0,0
564,Railways,Ministry of Railways,East Central Railway [ECR] - I,400254,Sakri -Hasanpur [via Harnagar - Kusheshwar Asthan] New Railway line,735,,585.09,81,2024-12-31,2027-03-31,2023-12-15,0,1,0,0
565,Railways,Ministry of Railways,East Central Railway [ECR] - I,705363,Sakri-Hasanpur Road New Rail Line Project,735,735.0,605.0,78,2024-12-31,2025-03-27,1999-04-01,0,0,0,0
566,Railways,Ministry of Railways,East Central Railway [ECR] - I,705526,Samastipur-Darbhanga Doubling Railway Project,519,519.0,337.03,82,2025-03-31,2025-10-31,,0,0,0,1
567,Railways,Ministry of Railways,PCE/WR,611970,Samlaya Timba Road 54 km,670,670.17,102.0,12,2030-03-31,2030-03-30,2023-02-03,1,0,0,0
568,Railways,Ministry of Railways,PCE/WR,611971,Samni Jambusar 24 km,350,349.93,87.0,32,2030-03-31,2030-03-30,2022-05-01,1,0,0,0
569,Railways,Ministry of Railways,West Central Railway [WCR] - II,705659,Satna-Rewa Railway Line Doubling Project,500,584.0,561.26,80,2026-03-31,2026-03-31,2015-11-01,0,0,0,0
570,Railways,Ministry of Railways,North Western Railway [NWR],705912,Sawai Madhopur-Jaipur Railway Line Project,1204,,35.05,9,2027-03-31,,,0,1,1,1
571,Railways,Ministry of Railways,North Western Railway [NWR],706866,Sawaimadhopur Bye Pass Line Project,304,304.0,134.0,35,2026-03-31,2027-05-27,2022-12-01,0,0,0,0
572,Railways,Ministry of Railways,South Western Railway [SWR] - II,705761,SHIMOGA - SHIKARIPURA - RANEBENNUR [96 Km],1454,1454.0,69.58,11,2027-12-01,2028-06-30,,0,0,0,1
573,Railways,Ministry of Railways,Indian Railway Construction International Limited [IRCON],705432,Sivok-Rangpo New Rail Line,7877,12133.0,8883.6,80,2015-05-31,2027-12-31,2009-10-30,0,0,0,0
574,Railways,Ministry of Railways,WR,705735,Solapur-tuljapur-Osmanabad,905,3296.0,1150.0,10,2028-03-31,2028-03-28,2019-01-08,1,0,0,0
575,Railways,Ministry of Railways,EDTK[MC]/RB,705717,SRGM Machine Procurement Project,440,,390.03,75,2023-12-31,2026-03-31,,0,1,0,1
576,Railways,Ministry of Railways,CAO/C/ECoR,705743,Talcher-Angul New Line with Y-Connection at Talcher,495,495.0,29.5,1,2027-05-31,2028-05-31,2018-07-01,0,0,0,0
577,Railways,Ministry of Railways,East Coast Railway [ECoR] - II,705359,Talcher-Bimlagarh New Railway Line,1928,1928.0,1902.91,47,2025-03-31,2027-03-31,2004-03-31,0,0,0,0
578,Railways,Ministry of Railways,Eastern Railway [ER] - I,400273,Tarakeshwar-Bishnupur New Line [82.47 km],1189,1542.0,1287.05,90,2019-03-31,2026-02-28,2001-03-31,0,0,0,0
579,Railways,Ministry of Railways,North Western Railway [NWR],400022,Taranga Hill-Abu Road via Ambaji,2798,2798.0,1891.9,14,2030-07-31,2030-07-31,2022-07-21,0,0,0,0
580,Railways,Ministry of Railways,South Central Railway [SCR] - II,705613,Third Line [new] between Kazipet - Balharshah with electrification [201.04 Km],2595,3071.0,3142.35,92,2025-01-31,2025-11-30,2016-09-16,0,0,0,0
581,Railways,Ministry of Railways,RVNL - II,400234,Third Railway Line between Patratu-Sonnagar [281 kms],8975,8975.0,4950.0,88,2026-03-31,2026-07-31,2016-11-24,0,0,0,0
582,Railways,Ministry of Railways,Southern Railway [SR] - II,400275,Tindivanam-Nagari New Line Project [184.5 km],3631,3631.0,1113.53,18,2016-09-30,2028-03-31,2008-07-21,0,0,0,0
583,Railways,Ministry of Railways,South Central Railway [SCR] - II,617210,Tiupati Katpadi 104.39 kms,1216,,0.0,0,2029-03-31,,2025-04-17,0,1,1,0
584,Railways,Ministry of Railways,EDTK[MC]/RB,705726,Track Machine Procurement Project,6339,,4166.47,41,2025-03-01,2028-01-31,,0,1,0,1
585,Railways,Ministry of Railways,SR-ERS,705635,Trivandrum- Kanyakumari,1432,3785.0,2451.0,46,2024-03-31,2027-12-31,2017-08-28,0,0,0,0
586,Railways,Ministry of Railways,South Western Railway [SWR] - II,705496,Tumkur-Chitradurga-Davangere New Rail Line Project [191 km],1876,1876.0,516.17,13,2019-03-31,2027-12-31,2013-10-29,0,0,0,0
587,Railways,Ministry of Railways,PCE/WR,611938,Vijapur Ambliyasan 42 km,415,415.38,364.0,96,2026-05-31,2026-05-31,2022-05-01,0,0,0,0
588,Railways,Ministry of Railways,South Central Railway [SCR] - II,705632,Vijayawada - Kazipet Byepass line,647,904.0,870.0,91,2025-01-12,2025-12-31,2016-04-22,0,0,0,0
589,Railways,Ministry of Railways,RVNL - II,705648,Vijaywada-Gudur 3rd Line,6654,6654.0,5922.0,90,2024-11-30,2025-12-31,2016-08-24,0,0,0,0
590,Railways,Ministry of Railways,RVNL - II,400253,Vizianagaram - Titlagarh 3rd line [272 Km including By - pass line of 7.68 KM],4803,6670.0,5722.01,89,2026-12-31,2026-12-31,2016-06-10,0,0,0,0
591,Railways,Ministry of Railways,South East Central Railway,705479,Wadsa-Gadchiroli,1886,1886.0,706.28,49,2027-03-31,2027-03-31,2017-05-17,0,0,0,0
592,Railways,Ministry of Railways,Central Railway [CR] - II,400271,Wardha-Nanded Via Yavatmal New BG Line,3445,3445.0,3002.93,50,2028-03-31,2028-03-31,2017-12-20,0,0,0,0
593,Railways,Ministry of Railways,DFCCIL,705237,Western Dedicated Freight Corridor,51101,124005.0,124623.0,96,2022-03-31,2025-12-31,2008-02-28,0,0,0,0
594,Railways,Ministry of Railways,PCE/WR,611974,Western Railway Samakhiali Gandhidham Quadrupiling 53 Kms,1430,,0.0,0,2026-12-30,,2023-08-25,0,1,1,0
595,Railways,Ministry of Railways,PCE/WR,611975,Western Railway Vasai bypass double line between Naigaon Juchandra 6 km,176,,0.0,0,2026-03-30,,,0,1,1,1
596,Railways,Ministry of Railways,RCIL,705300,Western Region Video Surveillance Project,228,,0.0,0,2023-12-31,,,0,1,1,1
597,Railways,Ministry of Railways,EDTK[MC]/RB,705708,WST Machine Procurement Project,176,,0.0,0,2024-03-31,2027-12-31,,0,1,0,1
598,Railways,Ministry of Railways,EDTK[MC]/RB,705720,WST Machine Procurement Project,384,,0.0,0,2024-04-01,2026-12-31,,0,1,0,1
599,Railways,Ministry of Railways,Karnataka Rail Infrastructure Development Company Limited [K-RIDE],703585,Yeshvanthpur - Channasandra Doubling Project [21.70 Km],314,314.0,144.0,59,2024-12-31,2026-06-26,2019-04-01,0,0,0,0
600,Real Estate,Department for Promotion of Industry & Internal Trade,National Industrial Corridor Development Corporation,701658,Krishnapatnam Node - Phase 1 - Roads and Services Development,2139,,327.99,14,2028-02-15,,2020-12-30,0,1,1,0
601,Real Estate,Department for Promotion of Industry & Internal Trade,National Highways & Infrastructure Development Corporation Ltd. [NHIDCL],701657,Tumakuru Node - Phase 1 - Roads and Services Development,1702,,95.0,8,2026-09-21,,2020-12-30,0,1,1,0
602,Real Estate,Ministry of Housing & Urban Affairs,"PMAY, Ministry of Housing and Urban Affairs",702524,Affordable Housing Construction Project in Chhattisgarh,3798,,2694.0,0,2024-03-31,,,0,1,1,1
603,Real Estate,Ministry of Housing & Urban Affairs,Ministry of Housing & Urban Affairs,701766,Green Building Development Project,151,,18.95,0,2023-11-23,,,0,1,1,1
604,Real Estate,Ministry of Housing & Urban Affairs,"PMAY, Ministry of Housing and Urban Affairs",702522,In-Situ Slum Redevelopment Project in Bihar,455,,204.64,0,2024-03-31,,,0,1,1,1
605,Real Estate,Ministry of Housing & Urban Affairs,"PMAY, Ministry of Housing and Urban Affairs",702540,In-Situ Slum Redevelopment Project in Gujarat,5477,,3035.81,0,2024-03-31,,,0,1,1,1
606,Real Estate,Ministry of Housing & Urban Affairs,"PMAY, Ministry of Housing and Urban Affairs",702544,In-Situ Slum Redevelopment Project in Haryana,286,,127.58,0,2024-03-31,,,0,1,1,1
607,Real Estate,Ministry of Housing & Urban Affairs,"PMAY, Ministry of Housing and Urban Affairs",702555,In-Situ Slum Redevelopment Project in Jharkhand,213,,41.0,0,2024-03-31,,,0,1,1,1
608,Real Estate,Ministry of Housing & Urban Affairs,"PMAY, Ministry of Housing and Urban Affairs",702612,In-Situ Slum Redevelopment Project in Uttar Pradesh,577,,141.94,0,2024-03-31,,,0,1,1,1
609,Real Estate,Ministry of Housing & Urban Affairs,Smart City Mission,707229,"Integrated Command control Center [ICCC] - Construction and Development of Integrated Command Control Center with Security, Surveillance, ITMS, Connecting Port, Ship Service, Smart Solid Waste Management, Smart Public Transport System",210,,0.0,0,2023-05-31,,,0,1,1,1
610,Real Estate,Ministry of Housing & Urban Affairs,National Buildings Construction Corporation [NBCC],400188,Redevelopment of Seven General Pool Residential Accommodation [GPRA] Colonies in Delhi,32850,,0.0,0,2022-12-31,2025-12-31,2016-07-05,0,1,0,0
611,Real Estate,Ministry of Housing & Urban Affairs,Ministry of Housing & Urban Affairs,701719,Rehablitation in Junavadaj Area Smart City Project,539,,39.63,50,2022-07-07,,,0,1,1,1
612,Real Estate,Ministry of Railways,South Western Railway [SWR] - II,705663,Bangalore-Whitefield-Bangalore City-Krishnarajapuram [23.08 km] - Quadrupling,493,493.0,252.45,82,2026-02-28,2026-02-28,2018-02-20,0,0,0,0
613,Shipping,"Ministry of Ports, Shipping and Waterways","Haldia Dock Complex, Syama Prasad Mookerjee Port Authority",701576,Berth No. 2 [previously Berth 3] of HDC Mechanization Project,298,298.26,399.52,83,2025-09-30,2026-01-13,,0,0,0,1
614,Shipping,"Ministry of Ports, Shipping and Waterways",Paradip Port Trust [PPT],701574,Deepening and Optimization of Inner Harbour facilities including development of Western Dock on BOT basis to handle Cape size vessels,3005,,1149.79,40,2027-12-31,2028-10-16,2022-05-23,0,1,0,0
615,Shipping,"Ministry of Ports, Shipping and Waterways",Jawaharlal Nehru Port Authority [JNPA],708655,Operationalization of Coastal Berth & Shallow Water Berth through PPP,367,,188.46,25,2026-01-31,,,0,1,1,1
616,Shipping,"Ministry of Ports, Shipping and Waterways",Mumbai Port Trust [MPT],701586,Setting up of a Floating Storage and Regasification Unit [FSRU] - Mumbai,900,,65.0,0,2026-11-11,2026-11-11,,0,1,0,1
617,Shipping,"Ministry of Ports, Shipping and Waterways","Haldia Dock Complex, Syama Prasad Mookerjee Port Authority",701577,Shalukkhali Liquid Cargo Handling Facility Development Project,254,253.65,9.28,0,2025-08-31,,,0,0,1,1
618,Steel,Ministry of Steel,National Mineral Development Corporation Limited [NMDC],709827,CONSTRUCTION OF RESIDENTIAL TOWERS AT BIOM KIRANDUL COMPLEX,350,,247.42,85,2025-12-31,,,0,1,1,1
619,Steel,Ministry of Steel,National Mineral Development Corporation Limited [NMDC],400121,"Construction of Screening Plant-II for Donimalai and Kumaraswamy Iron Ore Mining Complex of NMDC Limited at Ballari Dt, Karnataka.",1044,,214.48,25,2026-08-25,,2014-11-28,0,1,1,0
620,Steel,Ministry of Steel,Steel Authority of India Limited [SAIL],400065,Installation of 4th Slab Caster along with its Auxiliaries and a New Ladle Furnace in SMS-II at Rourkela Steel Plant,1105,,736.47,96,2025-05-15,2025-07-15,2022-01-21,0,1,0,0
621,Steel,Ministry of Steel,Steel Authority of India Limited [SAIL],617242,Installation of New Bar Mill at Durgapur Steel Plant,2115,,206.67,24,2027-06-30,,2024-09-07,0,1,1,0
622,Steel,Ministry of Steel,Steel Authority of India Limited [SAIL],400174,"New Sinter Plant at BSL, SAIL",1034,1752.3,883.23,51,2017-10-31,2027-06-30,2015-03-30,0,0,0,0
623,Steel,Ministry of Steel,National Mineral Development Corporation Limited [NMDC],706811,NMDC Slurry Pipeline Project Phase-1,2907,5427.0,3012.02,84,2023-06-30,2025-12-31,2015-11-10,0,0,0,0
624,Steel,Ministry of Steel,Steel Authority of India Limited [SAIL],612781,Rebuilding of COB 4 at Durgapur Steel Plant,917,,118.63,12,2026-12-08,,2023-11-09,0,1,1,0
625,Steel,Ministry of Steel,Steel Authority of India Limited [SAIL],617257,Rebuilding of Coke Oven Battery No.6 at Bokaro Steel Plant,627,,88.21,37,2026-11-15,,,0,1,1,1
626,Steel,Ministry of Steel,Steel Authority of India Limited [SAIL],617256,Rebuilding of Coke Oven Battery No.7 & 8 at Bhilai Steel Plant,884,,453.2,75,2025-10-31,,,0,1,1,1
627,Steel,Ministry of Steel,Steel Authority of India Limited [SAIL],617255,"Replacement of Converter Vessels, Trunnion Rings, Support System & Installation of Secondary Emission at Bhilai Steel Plant",472,,111.75,35,2026-06-14,,,0,1,1,1
628,Steel,Ministry of Steel,Steel Authority of India Limited [SAIL],617249,Replacement of existing Grinders in CRM-I & II at Bokaro Steel Plant,212,,7.52,6,2027-01-27,,2025-01-20,0,1,1,0
629,Steel,Ministry of Steel,Steel Authority of India Limited [SAIL],617243,Replacement of Hot Leveller No.1 of Plate Mill at Bhilai Steel Plant,199,,10.53,8,2026-07-29,,2024-07-26,0,1,1,0
630,Steel,Ministry of Steel,Steel Authority of India Limited [SAIL],617254,Replacement of remaining 04 sets of Battery Cyclones with 04 Nos. of ESPs in Sinter Plant-1 at Bokaro Steel Plant,260,,44.22,22,2026-06-29,,,0,1,1,1
631,Steel,Ministry of Steel,Steel Authority of India Limited [SAIL],617251,Revamping of Air Pollution Control Systems of SP-1 at Durgapur Steel Plant,196,,0.19,2,2026-05-27,,2024-11-07,0,1,1,0
632,Steel,Ministry of Steel,Steel Authority of India Limited [SAIL],617253,Revamping of old sub-systems of Blast Furnace 3 at Bokaro Steel Plant,514,,220.42,69,2025-07-03,2025-11-30,2023-09-08,0,1,0,0
633,Steel,Ministry of Steel,National Mineral Development Corporation Limited [NMDC],709826,SCREENING PLANT-III AT KIRANDUL,2719,,1327.11,72,2026-01-31,,,0,1,1,1
634,Steel,Ministry of Steel,Steel Authority of India Limited [SAIL],617250,Secondary Emission Control in Converters of SMS-II at Bokaro Steel Plant,207,,7.91,6,2026-10-25,,,0,1,1,1
635,Steel,Ministry of Steel,Steel Authority of India Limited [SAIL],617248,Third Ladle Furnace in Secondary Refinery Unit at IISCO Steel Plant,228,,16.24,29,2026-07-17,,,0,1,1,1
636,Steel,Ministry of Steel,Steel Authority of India Limited [SAIL],617246,Up-gradation of Blast Furnace No. 3 at Durgapur Steel Plant,758,,53.31,3,2026-06-07,,2024-09-09,0,1,1,0
637,Telecommunication,Department of Telecommunications,Department of Telecommunications [DoT],701600,354 Uncovered Villages Scheme,337,301.13,225.71,97,2021-10-27,2025-08-31,2019-12-13,0,0,0,0
638,Telecommunication,Department of Telecommunications,Department of Telecommunications [DoT],701593,4G Services by BSNL,28466,19592.0,8332.52,92,2024-03-31,2026-03-31,2020-11-01,0,0,0,0
639,Telecommunication,Department of Telecommunications,Department of Telecommunications [DoT],704495,"502 Aspirational District Scheme in Four states - Bihar, Madhya Pradesh, Rajastha and Uttar Pradesh",422,228.94,126.45,96,2022-03-16,2025-12-21,,0,0,0,1
640,Telecommunication,Department of Telecommunications,Department of Telecommunications [DoT],706775,BharatNet,61109,188000.0,41486.1,81,2023-08-31,2027-03-31,2017-07-19,0,0,0,0
641,Telecommunication,Department of Telecommunications,Department of Telecommunications [DoT],701599,Mobile connectivity in Left Wing Extremism [LWE] affected areas-Phase2,1578,,596.17,87,2023-03-31,2025-11-08,,0,1,0,1
642,Telecommunication,Department of Telecommunications,BSNL,709856,MPLS-IP BASED ACCESS AND AGGREGATION NETWORK [MAAN] IN BSNL ALONG WITH TEST AND MEASURING EQUIPMENT,645,,522.88,90,2024-08-31,2025-08-31,,0,1,0,1
643,Telecommunication,Department of Telecommunications,BSNL,709858,OPTICAL TRANSPORT NETWORK [OTN] PH-4 IN BSNL,811,,741.9,100,2025-08-15,,,0,1,1,1
644,Telecommunication,Department of Telecommunications,BSNL,709749,PHASE-I OF CONSOLIDATION OF EXISTING CDR DATA CENTERS AND NIB-P3 DATA CENTERS WITH STATE OF THE ART,461,,166.02,81,2021-06-18,2025-12-31,,0,1,0,1
645,Telecommunication,Department of Telecommunications,BSNL,709857,"Planning, Engineering, Supply, Installation, Testing, Commissioning, Integration & Annual Maintenance of 4G mobile network at 1 Lakh sites on PAN India basis including Mumbai & Delhi LSA on turnkey basis under Phase IX.2 Project.",24545,,8333.37,96,2025-06-21,2026-03-31,,0,1,0,1
646,Telecommunication,Department of Telecommunications,Department of Telecommunications [DoT],701602,"Provision of 4G based mobile services in 7,287 uncovered villages of 44 Aspirational District across 5 states of Andhra Pradesh, Chhattisgarh, Jharkhand, Maharashtra & Odisha",3685,,1101.39,79,2023-11-19,2025-11-19,2021-11-17,0,1,0,0
647,Telecommunication,Department of Telecommunications,Department of Telecommunications [DoT],701598,Provision of 4G based Mobile Services in Uncovered Villages and National Highways of Meghalaya,972,,208.25,98,2022-03-03,2025-03-31,2019-09-19,0,1,0,0
648,Telecommunication,Department of Telecommunications,Department of Telecommunications [DoT],701597,Provision of 4G Mobile Services in Uncovered Villages of Arunachal Pradesh and 2 Districts of Assam,1255,,284.04,89,2023-04-30,2025-09-30,2020-12-09,0,1,0,0
649,Telecommunication,Department of Telecommunications,Department of Telecommunications [DoT],400013,Saturation 4G mobile coverage of Uncovered Villages through USOF,26316,30620.0,9291.8,72,2024-06-20,2026-03-31,2022-07-27,0,0,0,0
650,Telecommunication,Department of Telecommunications,National Communication Academy - Finance (Erstwhile NICF),709859,SETTING UP OF PHYSICAL INFRASTRUCTURE FOR THE NATIONAL INSTITUTE OF COMMUNICATION FINANCE [NICF] AT GHITORNI,248,,236.91,98,2020-02-17,2025-10-31,2014-10-09,0,1,0,0
651,Telecommunication,Department of Telecommunications,BSNL,709855,SUPER EDGE ROUTERS FOR BSNL INTERNET PROTOCOL - MULTI PROTOCOL LEBEL SWITCHING [IPMPLS] NETWORK,240,,179.63,100,2024-03-15,2025-03-01,,0,1,0,1
652,"Tourism, Hospitality & Wellness",Department for Promotion of Industry & Internal Trade,India International Convention & Expo Centre,400429,Exhibition cum Convention Centre Dwarka [Phase I],5178,5401.0,4470.0,97,2019-10-20,2025-01-31,2017-11-30,0,0,0,0
653,"Tourism, Hospitality & Wellness","Ministry of Ports, Shipping and Waterways",Indian Port Rail & Ropeway Corporation Ltd. [IPRCL],707215,National Maritime Heritage Complex [NMHC] Phase-I,573,1238.05,487.35,66,2024-03-31,2025-09-30,2019-02-22,0,0,0,0
654,Transmission & Distribution,Ministry of Power,Power Grid Corporation of India Limited [POWERGRID],615337,Additional Transmission System for evacuation of Power from Bhadla-III PS as part of Rajasthan REZ Phase III Scheme [20 GW] [SPV Name POWERGRID Bhadla-III Power Transmission Limited],369,,17.82,6,2026-02-27,,2024-08-12,0,1,1,0
655,Transmission & Distribution,Ministry of Power,Power Grid Corporation of India Limited [POWERGRID],617181,"Augmentation at Fatehgarh-II PS, Fatehgarh-IV PS [Section-II] and Barmer-I PS [POWERGRID Fatehgarh Barmer Augmentation Transmission Limited]",404,,4.04,0,2026-12-20,,2025-03-21,0,1,1,0
656,Transmission & Distribution,Ministry of Power,Power Grid Corporation of India Limited [POWERGRID],612856,Augmentation of 1x1500 MVA 3rd 765/400 kV transformation capacity at Kurnool New Substation,164,,50.72,39,2025-09-26,2025-11-30,2023-05-01,0,1,0,0
657,Transmission & Distribution,Ministry of Power,Power Grid Corporation of India Limited [POWERGRID],617182,Augmentation of Banaskantha [Raghanesda] PS [GIS] [POWERGRID Banaskantha Transco Limited],172,,1.72,0,2027-03-23,,2025-03-24,0,1,1,0
658,Transmission & Distribution,Ministry of Power,Power Grid Corporation of India Limited [POWERGRID],615342,Augmentation of Transformation Capacity at jam Khambhaliya PS [GIS] [SPV Name POWERGRID Jam Khambhaliya Transmission Limited],329,,9.97,1,2026-07-14,,2024-10-15,0,1,1,0
659,Transmission & Distribution,Ministry of Power,Power Grid Corporation of India Limited [POWERGRID],617069,Augmentation of Transformation Capacity at KPS1 [GIS] and KPS2 [GIS] [Phase-V Part B1 and Part B2 Scheme] [SPV Name- POWERGRID KPS1 and 2 Augmentation Transmission Limited],466,,6.99,0,2027-02-17,,2025-02-18,0,1,1,0
660,Transmission & Distribution,Ministry of Power,Power Grid Corporation of India Limited [POWERGRID],617068,"Augmentation of Transformation Capacity by 3x500 MVA, 400/220 KV ICTS [6th-8th] and 1x1500 MVA, 765/400 KV ICT [4th] at Bidar PS [SPV Name- POWERGRID Bidar Augmentation Transmission Limited]",288,,5.76,0,2027-06-30,,2025-02-18,0,1,1,0
661,Transmission & Distribution,Ministry of Power,Power Grid Corporation of India Limited [POWERGRID],602223,Comprehensive Scheme for Strengthening of Transmission and Distribution [T&D] Systems [CSST&DS] in Arunachal Pradesh and Sikkim,4754,,7321.07,81,2018-12-19,2027-03-31,2021-03-31,1,1,0,0
662,Transmission & Distribution,Ministry of Power,Power Grid Corporation of India Limited [POWERGRID],617271,Eastern Region Expansion Scheme-43 [ERES-43],343,,0.2,0,2026-03-01,,2024-09-02,0,1,1,0
663,Transmission & Distribution,Ministry of Power,Power Grid Corporation of India Limited [POWERGRID],617270,Eastern Region Expansion Scheme-44 [ERES-44],409,,0.2,0,2026-05-24,,2024-11-25,0,1,1,0
664,Transmission & Distribution,Ministry of Power,Power Grid Corporation of India Limited [POWERGRID],611660,Establishment of Khavda Pooling Station-2 KPS2 in Khavda RE Park KPS2 TRANSMISSION SYSTEM LIMITED,967,,894.76,95,2024-12-31,2025-08-31,2023-03-21,0,1,0,0
665,Transmission & Distribution,Ministry of Power,Power Grid Corporation of India Limited [POWERGRID],617272,Implementation of LILO of both circuits of 400KV vindhyachal PS-Sasan D/C Line at Hindalco Switchyard,370,,1.0,1,2026-12-06,,2024-06-07,0,1,1,0
666,Transmission & Distribution,Ministry of Power,Power Grid Corporation of India Limited [POWERGRID],607709,NORTH EASTERN REGION POWER SYSTEM IMPROVEMENT PROJECT [NERPSIP],5111,6700.0,5253.47,96,2018-12-31,2025-09-30,2014-12-01,0,0,0,0
667,Transmission & Distribution,Ministry of Power,Power Grid Corporation of India Limited [POWERGRID],615343,Provision of Dynamic Reactive Compensation at Khavda pooling Station 1 [KPS1] and Khavda Pooling station 3 [KPS3],501,,5.01,1,2026-11-06,,2024-11-07,0,1,1,0
668,Transmission & Distribution,Ministry of Power,Power Grid Corporation of India Limited [POWERGRID],617186,Rajasthan REZ Ph-V [Part-1- 4 GW] [Sirohi/Nagaur] Complex [Rajasthan V Power Transmission Limited],5028,,139.2,1,2027-03-23,,2025-03-24,0,1,1,0
669,Transmission & Distribution,Ministry of Power,Power Grid Corporation of India Limited [POWERGRID],616672,System Strengthening at Koppal-II and GadagII for integration of RE generation projects [SPV Name POWERGRID Koppal Gadag Augmentation Transmission Limited],1354,,16.65,0,2027-06-01,,2025-01-16,0,1,1,0
670,Transmission & Distribution,Ministry of Power,Power Grid Corporation of India Limited [POWERGRID],400005,Transmission Network Expansion in Gujarat to increase its ATC from ISTS Part B,4546,,4148.46,93,2023-06-12,2025-12-31,2022-01-13,0,1,0,0
671,Transmission & Distribution,Ministry of Power,Power Grid Corporation of India Limited [POWERGRID],611656,Transmission scheme for evacuation of 4.5GW RE injection at Khavda PS under Phase II- Part B,1168,1167.0,1013.39,91,2025-03-31,2025-10-31,2023-03-21,0,0,0,0
672,Transmission & Distribution,Ministry of Power,Power Grid Corporation of India Limited [POWERGRID],611657,Transmission scheme for evacuation of 4.5GW RE injection at Khavda PS under Phase II- Part C,2821,,2454.26,84,2025-03-31,2025-11-30,2023-03-21,0,1,0,0
673,Transmission & Distribution,Ministry of Power,Power Grid Corporation of India Limited [POWERGRID],617179,Transmission Scheme for evacuation of Power from Ratle HEP [850 MW] & kiru [624 MW] Part B,219,,0.0,0,2026-07-14,,2024-07-15,0,1,1,0
674,Transmission & Distribution,Ministry of Power,Power Grid Corporation of India Limited [POWERGRID],612132,Transmission Scheme for Evacuation of power from REZ in Rajasthan [20 GW] under Phase-III Part D [Sikar Khetri Transmission Ltd],2000,,1314.8,59,2025-08-08,2026-05-31,2024-02-09,0,1,0,0
675,Transmission & Distribution,Ministry of Power,Power Grid Corporation of India Limited [POWERGRID],617184,Transmission Scheme for integration of Davanagere/ Chitradurga and Bellary REZ in Karnataka [POWERGRID Chitradurga Bellary REZ Transmission Limited],3453,,20.7,0,2027-09-20,,2025-03-21,0,1,1,0
676,Transmission & Distribution,Ministry of Power,Power Grid Corporation of India Limited [POWERGRID],612140,Transmission Scheme for Integration of Renewable Energy Zone [Phase II] in Koppal II [Phase A&B] and gadag II[Phase A] in Karnataka [POWERGRID KOPPAL GADAG TRANSMISSION LIMITED],2889,,1154.31,37,2025-12-25,,2023-12-26,0,1,1,0
677,Transmission & Distribution,Ministry of Power,Power Grid Corporation of India Limited [POWERGRID],611967,Transmission Scheme for Solar Energy Zone in Ananthpuram 2500MW and Kurnool 1000MW,1249,,820.26,78,2025-09-30,2026-04-30,2023-09-27,0,1,0,0
678,Transmission & Distribution,Ministry of Power,Power Grid Corporation of India Limited [POWERGRID],612138,"Transmission Scheme for Solar Energy Zone in Bidar [2500 MW], Karnataka [Bidar Transmission Ltd]",2148,,1068.65,55,2026-02-08,,2024-02-09,0,1,1,0
679,Transmission & Distribution,Ministry of Power,Power Grid Corporation of India Limited [POWERGRID],612139,Transmission system for Evacuation of Additional 7 GW RE power from Khavda RE park under Phase-III Part B [Vataman Transmission Limited],3752,,1500.72,21,2025-12-25,2026-06-30,2023-12-26,0,1,0,0
680,Transmission & Distribution,Ministry of Power,Power Grid Corporation of India Limited [POWERGRID],617279,Transmission System for evacuation of power from Mahan Energen Limited Generating Station in Madhya Pradesh [SPV Name - POWERGRID MEL Power Transmission Limited],558,,5.58,0,2027-12-04,,2025-06-04,0,1,1,0
681,Transmission & Distribution,Ministry of Power,Power Grid Corporation of India Limited [POWERGRID],608302,Transmission system for evacuation of Power from Pakaldul HEP in Chenab Valley HEPs - LTA System,318,,286.31,99,2025-04-30,2025-08-31,2022-02-01,0,1,0,0
682,Transmission & Distribution,Ministry of Power,Power Grid Corporation of India Limited [POWERGRID],612855,Transmission System for Evacuation of Power from Potential Energy Renewable Zone in Khavda Area of Gujarat under Ph-IV [7GW] Part E2,679,,81.48,18,2026-05-30,2026-02-28,2024-05-30,1,1,0,0
683,Transmission & Distribution,Ministry of Power,Power Grid Corporation of India Limited [POWERGRID],611966,Transmission System for Evacuation of power from Potential RE Zone in Khavda Area of Gujarat under phase IV 7GW-Part E4,224,,22.44,9,2025-07-09,2025-11-30,2023-11-01,0,1,0,0
684,Transmission & Distribution,Ministry of Power,Power Grid Corporation of India Limited [POWERGRID],612151,Transmission System for Evacuation of Power from potential Renewable Energy zone in Khavda Area of Gujarat under Phase IV [7 GW] Part E3,334,,70.44,22,2025-07-31,2025-10-31,2023-07-01,0,1,0,0
685,Transmission & Distribution,Ministry of Power,Power Grid Corporation of India Limited [POWERGRID],615345,Transmission System for Evacuation of Power from Potential Renewable Energy Zone in Khavda area of Gujarat under Phase-IV [7GW] Part B [SPV Name POWERGRID South Olpad Transmission Limited],4766,,513.29,5,2026-10-14,,2024-10-15,0,1,1,0
686,Transmission & Distribution,Ministry of Power,Power Grid Corporation of India Limited [POWERGRID],615347,TRANSMISSION SYSTEM FOR EVACUATION OF POWER FROM POTENTIAL RENEWABLE ENERGY ZONE IN KHAVDA AREA OF GUJARAT UNDER PHASE-V [8 GW] PART A [SPV Name POWERGRID West Central Transmission Limited],24819,,1489.14,1,2029-05-18,,2024-11-19,0,1,1,0
687,Transmission & Distribution,Ministry of Power,Power Grid Corporation of India Limited [POWERGRID],615338,TRANSMISSION SYSTEM FOR EVACUATION OF POWER FROM RAJASTHAN REZ PH -IV [PART-2 5.5 GW] [JAISALMER/BARMER COMPLEX] PART F [SPV Name POWERGRID BARMER I TRANSMISSION LIMITED],2735,,81.42,5,2026-11-06,,2024-11-07,0,1,1,0
688,Transmission & Distribution,Ministry of Power,Power Grid Corporation of India Limited [POWERGRID],612134,Transmission System for Evacuation of power from Rajasthan REZ Ph-IV [Part-1] [Bikaner Complex] Part A [Bikaner Neemrana Transmission Ltd],2998,,1592.11,49,2025-12-26,2026-03-31,2023-12-27,0,1,0,0
689,Transmission & Distribution,Ministry of Power,Power Grid Corporation of India Limited [POWERGRID],612133,Transmission System for Evacuation of power from Rajasthan REZ Ph-IV [Part-1] [Bikaner Complex] Part D [Neemrana Bareilly Transmission Ltd],2056,,1336.4,55,2025-12-26,2026-06-30,2023-12-27,0,1,0,0
690,Transmission & Distribution,Ministry of Power,Power Grid Corporation of India Limited [POWERGRID],615344,Transmission System for Evacuation of Power from Rajasthan REZ Ph-IV [Part-2 5.5GW] [Jaisalmer/Barmer Complex] Part H1 [POWERGRID KURAWAR TRANSMISSION LIMITED],3674,,408.18,13,2026-10-14,,2024-10-15,0,1,1,0
691,Transmission & Distribution,Ministry of Power,Power Grid Corporation of India Limited [POWERGRID],615346,Transmission System for Evacuation of Power from Rajasthan REZ Ph-IV [Part-2 5.5 GW] [Jaisalmer/Barmer Complex] Part C [SPV Name POWERGRID Mandsaur Transmission Limited],2708,,649.92,26,2026-08-18,,2024-08-19,0,1,1,0
692,Transmission & Distribution,Ministry of Power,Power Grid Corporation of India Limited [POWERGRID],615333,Transmission System for Evacuation of Power from Rajasthan REZ Ph-IV [Part-2 5.5 GW] [Jaisalmer/Barmer Complex] Part D [SPV Name POWERGRID Beawar Mandsaur Transmission Limited],2227,,534.48,19,2026-08-21,,2024-08-22,0,1,1,0
693,Transmission & Distribution,Ministry of Power,Power Grid Corporation of India Limited [POWERGRID],615334,Transmission System for Evacuation of Power from Rajasthan REZ Ph-IV [Part-2 5.5 GW] [Jaisalmer/Barmer Complex] Part E [SPV Name POWERGRID Mewar Transmission Limited],3251,,685.96,17,2026-08-18,,2024-08-19,0,1,1,0
694,Transmission & Distribution,Ministry of Power,Power Grid Corporation of India Limited [POWERGRID],615332,Transmission System for Evacuation of Power from Rajasthan REZ Ph-IV [Part-2 5.5 GW][Jaisalmer/Barmer Complex] Part B [SPV Name POWERGRID Sirohi Transmission Limited],3279,,547.59,19,2026-08-22,,2024-08-23,0,1,1,0
695,Transmission & Distribution,Ministry of Power,Power Grid Corporation of India Limited [POWERGRID],615340,TRANSMISSION SYSTEM FOR EVACUATION OF POWER FROM RAJASTHAN REZ PH-IV [PART-3/ 6 GW] [BIKANER COMPLEX] PART B [SPV Name POWERGRID Siwani Transmission Limited],5357,,267.85,8,2026-11-11,,2024-11-12,0,1,1,0
696,Transmission & Distribution,Ministry of Power,Power Grid Corporation of India Limited [POWERGRID],615339,Transmission system for evacuation of power from Rajasthan REZ Ph-IV [Part-3/6GW] [Bikaner complex] Part A [SPV Name POWERGRID Bikaner IV Transmission Limited],5969,,167.13,4,2026-11-11,,2024-11-12,0,1,1,0
697,Transmission & Distribution,Ministry of Power,Power Grid Corporation of India Limited [POWERGRID],616670,Transmission System for evacuation of Power from Rajasthan REZ Ph-IV [Part-4 3.5 GW] Part A [SPV name POWERGRID Ghiror Transmission Limited],5846,,236.18,3,2026-12-30,,2024-12-30,0,1,1,0
698,Transmission & Distribution,Ministry of Power,Power Grid Corporation of India Limited [POWERGRID],611950,Transmission system for evacuation of power from REZ in Rajasthan 20 GW under Phase-III part B1,2191,,1740.6,77,2025-04-30,2025-12-31,2023-09-27,0,1,0,0
699,Transmission & Distribution,Ministry of Power,Power Grid Corporation of India Limited [POWERGRID],611949,Transmission system for evacuation of power from REZ in Rajasthan 20 GW under Phase-III part C1,1796,,1201.17,79,2025-04-30,2025-10-31,2023-10-26,0,1,0,0
700,Transmission & Distribution,Ministry of Power,Power Grid Corporation of India Limited [POWERGRID],611948,Transmission system for evacuation of power from REZ in Rajasthan 20 GW under Phase-III part H,2211,,1780.53,72,2025-04-30,2025-12-31,2023-10-30,0,1,0,0
701,Transmission & Distribution,Ministry of Power,Power Grid Corporation of India Limited [POWERGRID],611947,Transmission System for Evacuation of Power from REZ in Rajasthan 20GW under Phase III- Part E2,428,,107.07,46,2025-06-15,2025-09-30,2023-11-01,0,1,0,0
702,Transmission & Distribution,Ministry of Power,Power Grid Corporation of India Limited [POWERGRID],611951,Transmission system for evacuation of power from REZ in Rajasthan 20GW under Phase-III Part E1,689,,585.42,93,2025-02-28,2025-09-30,2021-12-01,0,1,0,0
703,Transmission & Distribution,Ministry of Power,Power Grid Corporation of India Limited [POWERGRID],611735,Transmission system for evacuation of power from REZ in Rajasthan 20GW under Phase-III Part J,331,,75.92,28,2025-03-31,2026-04-30,2022-12-01,0,1,0,0
704,Transmission & Distribution,Ministry of Power,Power Grid Corporation of India Limited [POWERGRID],617185,Transmission System for Integration of Kurnool-IV REZ Phase-I [for 4.5 GW] [POWERGRID Kurnool-IV Transmission Limited],5550,,111.0,0,2027-03-23,,2025-03-24,0,1,1,0
705,Transmission & Distribution,Ministry of Power,Power Grid Corporation of India Limited [POWERGRID],900808,Transmission System for Kurnool Wind Energy Zone/ Solar Energy Zone Part-A and Part-B,3547,,3121.3,94,2024-11-30,2025-12-31,2022-11-23,0,1,0,0
706,Transmission & Distribution,Ministry of Power,Power Grid Corporation of India Limited [POWERGRID],606781,Transmission System for Strengthening of Srinagar-Leh Tr. System,289,,202.1,59,2024-12-31,2025-09-30,2022-03-01,0,1,0,0
707,Transmission & Distribution,Ministry of Power,Power Grid Corporation of India Limited [POWERGRID],617269,Transmission System for Strengthening to facilitate evacuation of power from Bhadla/Bikaner Complex,213,,0.2,0,2026-06-09,,2024-12-10,0,1,1,0
708,Transmission & Distribution,Ministry of Power,Power Grid Corporation of India Limited [POWERGRID],617183,Transmission system strengthening at Kurnool- III PS for integration of additional RE generation projects [POWERGRID Kurnool III PS RE Transmission Limited],2886,,28.86,0,2027-12-31,,2025-03-27,0,1,1,0
709,Transmission & Distribution,Ministry of Power,Power Grid Corporation of India Limited [POWERGRID],615335,Transmission System Strengthening for Interconnections of Bhadla-III & Bikaner III Complex [SPV Name POWERGRID BHADLA BIKANER TRANSMISSION LIMITED],1382,,41.46,2,2026-08-29,,2024-08-30,0,1,1,0
710,Transmission & Distribution,Ministry of Power,Power Grid Corporation of India Limited [POWERGRID],608922,Transmission System Strengthening Scheme for evacuation of power from SEZ in Rajasthan 8.1 GW under Phase II Part G,1666,2218.0,2139.28,95,2023-11-30,2025-11-30,2022-05-11,0,0,0,0
711,Transmission & Distribution,Ministry of Power,Power Grid Corporation of India Limited [POWERGRID],608301,Transmission system strengthening scheme for evacuation of power from solar energy zones in Rajasthan 8.1 GW under Phase II- Part- G1,359,,330.71,93,2023-09-30,2025-11-30,2022-02-01,0,1,0,0
712,Transmission & Distribution,Ministry of Power,Power Grid Corporation of India Limited [POWERGRID],611659,Transmission system strengthening scheme for evacuation of power from solar energy zones in Rajasthan[8.1 GW] under phase-II- Part E,1433,1433.0,1341.7,93,2024-09-30,2025-10-31,2023-03-28,0,0,0,0
713,Transmission & Distribution,Ministry of Power,Power Grid Corporation of India Limited [POWERGRID],616671,Transmission System under ISTS for evacuation of Power from Kudankulam Unit-3&4 [2x1000 MW] [SPV Name POWERGRID Kudankulam Tarnsmission Limited],548,,10.96,4,2026-12-31,2026-12-31,2025-01-10,0,1,0,0
714,Transmission & Distribution,Ministry of Power,Power Grid Corporation of India Limited [POWERGRID],611737,Western Region Expansion Scheme-XXV,386,,378.16,96,2023-11-30,2025-09-30,2023-02-01,0,1,0,0
715,Urban Public Transport,Ministry of Housing & Urban Affairs,Uttar Pradesh metro rail corporation [UPMRC],702629,Agra Metro Rail Project,8380,,6055.19,57,2024-05-26,2027-06-30,2019-05-27,0,1,0,0
716,Urban Public Transport,Ministry of Housing & Urban Affairs,Gujarat Metro Rail Corporation Limited [GMRCL],702639,Ahmedabad Metro Rail Project [Phase-I],10773,12924.5,11857.9,99,2018-03-31,2025-08-31,2014-11-17,0,0,0,0
717,Urban Public Transport,Ministry of Housing & Urban Affairs,Gujarat Metro Rail Corporation Limited [GMRCL],702631,"Ahmedabad Metro Rail Project, Phase-II",5384,,4151.57,87,2024-03-31,2025-12-31,2019-03-09,0,1,0,0
718,Urban Public Transport,Ministry of Housing & Urban Affairs,Madhya Pradesh Metro Rail Co Limited [MPMRCL],702625,Bhopal Metro Rail Project,6941,,3116.75,43,2022-11-29,2028-06-30,2018-11-30,0,1,0,0
719,Urban Public Transport,Ministry of Housing & Urban Affairs,Bengaluru Metro Rail,702665,Construction Bangalore Metro Rail Project Phase-2A & 2B,14788,14788.1,8424.54,53,2026-06-30,2026-06-30,2021-06-07,0,0,0,0
720,Urban Public Transport,Ministry of Housing & Urban Affairs,Bengaluru Metro Rail,702635,Construction of Bangalore Metro Rail Project Phase 2.,26405,30695.1,29478.0,94,2021-03-22,2026-09-30,2014-02-21,0,0,0,0
721,Urban Public Transport,Ministry of Housing & Urban Affairs,Delhi Metro Rail Corporation Limited [DMRC],617207,Delhi Metro Rail Phase-IV [2 Corridors],8400,,5.57,0,2029-03-27,,2024-03-28,0,1,1,0
722,Urban Public Transport,Ministry of Housing & Urban Affairs,Delhi Metro Rail Corporation Limited [DMRC],617206,Delhi Metro Rail Phase-IV [Rithala - Kundli Corridor],6231,,0.14,0,2029-01-02,,2025-01-03,0,1,1,0
723,Urban Public Transport,Ministry of Housing & Urban Affairs,National Capital Region Transport Corporation [NCRTC],702633,Delhi-Ghaziabad-Meerut Regional Rapid Transit System [RRTS] corridor,30274,30274.0,25812.3,86,2025-06-30,,2019-03-07,0,0,1,0
724,Urban Public Transport,Ministry of Housing & Urban Affairs,Delhi Metro Rail Corporation Limited [DMRC],702632,DMRTS Phase - IV [3 Priority Corridors],24949,,15423.1,68,2025-03-31,2026-03-31,,0,1,0,1
725,Urban Public Transport,Ministry of Housing & Urban Affairs,Madhya Pradesh Metro Rail Co Limited [MPMRCL],702626,Indore Metro Rail Project,7501,,3839.27,54,2022-11-29,2028-12-31,2018-11-30,0,1,0,0
726,Urban Public Transport,Ministry of Housing & Urban Affairs,Ministry of Housing & Urban Affairs,701991,Kalyan Station Precinct Imporvement Project,600,,49.42,0,2023-07-31,,,0,1,1,1
727,Urban Public Transport,Ministry of Housing & Urban Affairs,Uttar Pradesh metro rail corporation [UPMRC],702628,Kanpur Metro Rail Project,11076,,9079.81,73,2024-05-26,2027-03-31,2019-05-27,0,1,0,0
728,Urban Public Transport,Ministry of Housing & Urban Affairs,CSPCC Projects,702664,Kochi Metro Rail Phase 2 Development Project,1957,,306.45,10,2026-11-20,2026-11-20,2022-11-21,0,1,0,0
729,Urban Public Transport,Ministry of Housing & Urban Affairs,Mumbai Metro Rail Corporation Limited [MMRC],702637,Mumbai Metro Line 3,23136,23942.0,27519.1,92,2023-03-31,2024-06-30,2013-07-18,0,0,0,0
730,Urban Public Transport,Ministry of Housing & Urban Affairs,Maharashtra Metro Rail Corporation Limited [MMRCL],702658,Nagpur Metro Rail Phase II Development Project,6708,,977.38,24,2027-12-31,,2022-12-29,0,1,1,0
731,Urban Public Transport,Ministry of Housing & Urban Affairs,Ministry of Housing & Urban Affairs,701745,New Suburba Station Development Project,263,,17.62,6,2022-07-31,,,0,1,1,1
732,Urban Public Transport,Ministry of Housing & Urban Affairs,Patna Metro Rail Corporation Ltd. [PMRCL],702627,Patna Metro Rail Project,13366,13365.8,4039.77,40,2024-02-26,2027-06-30,2019-02-27,0,0,0,0
733,Urban Public Transport,Ministry of Housing & Urban Affairs,Maharashtra Metro Rail Corporation Limited [MMRCL],617225,PCMC To Nigdi- Extension Of North South Corridor Of Phase-1,910,,110.33,21,2027-01-31,,2023-10-23,0,1,1,0
734,Urban Public Transport,Ministry of Housing & Urban Affairs,Maharashtra Metro Rail Corporation Limited [MMRCL],617226,Pune Metro Phase-1 Extension line towards south from Swargate to Katraj,2955,,18.66,3,2029-03-04,,2024-09-04,0,1,1,0
735,Urban Public Transport,Ministry of Housing & Urban Affairs,Gujarat Metro Rail Corporation Limited [GMRCL],702630,Surat Metro Rail Project,12020,,7386.41,68,2024-03-31,2026-06-30,2019-03-09,0,1,0,0
736,Urban Public Transport,Ministry of Railways,RVNL - II,706777,Baranagar-Barrackpore and Dakshineshwar- Construction of Metro Railway,2298,2734.0,393.0,17,2026-12-31,2025-12-26,2010-03-15,1,0,0,0
737,Waste & Water,"Department of Water Resources, River Development & GR",National Mission for Clean Ganga,616594,Interception & Diversion with Rehabilitation of sewerage scheme at Agra under Hybrid annuity based PPP model-Namami Gange Programme,842,,208.64,69,2025-04-30,2025-12-31,,0,1,0,1
738,Waste & Water,"Department of Water Resources, River Development & GR",National Mission for Clean Ganga,616600,Interception and Diversion and STP works in Bhagalpur under Hybrid annuity based PPP mode-Namami Gange Programme,413,,126.67,0,2025-02-06,2025-12-31,,0,1,0,1
739,Waste & Water,"Department of Water Resources, River Development & GR",National Mission for Clean Ganga,616604,Pollution Abatement works for River Ganga at Hooghly Chinsurah- Municipal Town Interception & Diversion with STP,155,,96.17,92,2025-03-30,2025-12-31,,0,1,0,1
740,Waste & Water,"Department of Water Resources, River Development & GR",National Mission for Clean Ganga,616605,Pollution Abatement Works for River Kali Meerut under Meerut Municipality Interception & Diversion with STP,691,,0.0,27,2024-12-31,2027-05-11,2020-05-06,0,1,0,0
741,Waste & Water,"Department of Water Resources, River Development & GR",National Mission for Clean Ganga,616611,Sewage Treatment Plant 100MLD and Sewerage Network 288 km in Digha-Patna under Hybrid annuity based PPP mode-Namami Gange Programme,824,,385.32,55,2025-12-30,,,0,1,1,1
742,Waste & Water,"Department of Water Resources, River Development & GR",National Mission for Clean Ganga,616612,Sewage Treatment Plant 50MLD and Sewerage Network 150 km in Kankarbagh-Patna under Hybrid annuity based PPP mode-Namami Gange Programme,579,,165.84,53,2025-12-30,,,0,1,1,1
743,Waste & Water,"Department of Water Resources, River Development & GR",National Mission for Clean Ganga,616615,"Sewer Network, SPS and STP at Begusarai",230,,261.48,97,2025-04-30,2025-12-31,,0,1,0,1
744,Waste & Water,"Department of Water Resources, River Development & GR",National Mission for Clean Ganga,616616,"Sewer Networks, SPS and STP at Hajipur",305,,346.44,95,2025-06-30,2025-12-31,,0,1,0,1
745,Waste & Water,Ministry of Housing & Urban Affairs,Ministry of Housing & Urban Affairs,702355,Storm water drainag Development Project,210,,0.0,0,2024-03-20,,,0,1,1,1
746,Waste & Water,Ministry of Housing & Urban Affairs,Smart City Mission,707267,Upgradation of Sewerage system in Gandhinagar City,200,,100.0,10,2023-06-30,,,0,1,1,1
747,Water Resources,"Department of Water Resources, River Development & GR",Irrigation & Water Resources-UP,400117,Arjun Sahayak Project,741,2465.68,3218.3,100,2019-12-31,2019-12-31,,0,0,0,1
748,Water Resources,"Department of Water Resources, River Development & GR",Department of water resources-MH - II,701390,Arjuna Medium Irrigation project,334,611.0,803.89,100,2019-12-31,2024-12-31,,0,0,0,1
749,Water Resources,"Department of Water Resources, River Development & GR",Department of water resources-MH - II,701391,Aruna Medium Irrigation Project,210,1472.14,1697.94,97,2019-12-31,2025-01-31,,0,0,0,1
750,Water Resources,"Department of Water Resources, River Development & GR",Water Resources-MP,400116,Bargi Diversion Project Phase - III [km. 104 to km 154],1229,1399.7,1807.2,79,2019-12-31,2025-07-21,,0,0,0,1
751,Water Resources,"Department of Water Resources, River Development & GR",Water Resources-MP,400115,Bargi Diversion Project Phase - IV [km. 154 to km 197],751,893.35,777.99,74,2019-12-31,2025-07-19,,0,0,0,1
752,Water Resources,"Department of Water Resources, River Development & GR",Department of water resources-MH - II,701388,Bembla Irrigation Project,1353,2685.41,2689.7,98,2019-12-31,2025-06-30,,0,0,0,1
753,Water Resources,"Department of Water Resources, River Development & GR","Department of Water Resources, River Development & GR",701370,Borolia Irrigation Project,256,,0.0,0,2022-12-31,2025-03-31,,0,1,0,1
754,Water Resources,"Department of Water Resources, River Development & GR",Irrigation and CAD-TG,701371,Durgawati Reservoir Project,691,971.96,978.51,87,2019-12-31,2024-12-31,,0,0,0,1
755,Water Resources,"Department of Water Resources, River Development & GR",Department of water resources-MH - II,400095,Gosikhurd CADWM Project,744,,252.0,50,2019-12-31,2026-06-30,2017-04-01,0,1,0,0
756,Water Resources,"Department of Water Resources, River Development & GR",Department of water resources-MH - II,701386,Gosikhurd Project,7196,12770.1,13533.3,72,2019-12-31,2026-06-30,2017-12-11,0,0,0,0
757,Water Resources,"Department of Water Resources, River Development & GR",Water Resources-AP,400101,Gundlakamma project,397,697.39,610.89,98,2019-12-31,2027-03-31,,0,0,0,1
758,Water Resources,"Department of Water Resources, River Development & GR",Irrigation and CAD-TG,400103,Indiramma Flood Flow Canal Project,1331,5940.09,4491.08,92,2019-12-31,2025-03-31,,0,0,0,1
759,Water Resources,"Department of Water Resources, River Development & GR",Water Resources-OR,603945,Integrated Anandpur Barrage Project,567,2990.05,2629.74,62,2019-12-31,2025-06-30,,0,0,0,1
760,Water Resources,"Department of Water Resources, River Development & GR",Irrigation and CAD-TG,400094,J. ChokhaRao LIS CADWM Project,760,13445.4,0.0,0,2019-12-31,2023-03-31,,0,0,0,1
761,Water Resources,"Department of Water Resources, River Development & GR",Irrigation and CAD-TG,701405,J. Chokka Rao Devadula Lift Irrigation Scheme,8201,14730.0,4558.89,87,2019-12-31,2025-12-31,,0,0,0,1
762,Water Resources,"Department of Water Resources, River Development & GR",Irrigation-UK,613787,Jamrani Dam Multipurpose Project,2584,,486.52,16,2029-06-28,,2023-10-31,0,1,1,0
763,Water Resources,"Department of Water Resources, River Development & GR",Department of water resources-MH - II,400112,Jigaon Irrigation Project,7223,,8501.45,90,2028-06-30,,,0,1,1,1
764,Water Resources,"Department of Water Resources, River Development & GR",Irrigation and CAD-TG,701404,Kanupur Irrigation Project,989,2301.28,2563.56,79,2019-12-31,2024-12-31,,0,0,0,1
765,Water Resources,"Department of Water Resources, River Development & GR",Water Resources-CT,400111,Kelo Irrigation Project,460,727.04,616.93,71,2019-12-31,2025-06-30,,0,0,0,1
766,Water Resources,"Department of Water Resources, River Development & GR",Department of water resources-MH - II,701392,Krishna Koyana Lift Irrigation Project,974,2774.9,1069.82,90,2019-12-31,2023-12-31,2009-03-03,0,0,0,0
767,Water Resources,"Department of Water Resources, River Development & GR","Department of Water Resources, River Development & GR",701399,Kudali Irrigation Project,382,,0.0,82,2022-12-31,,,0,1,1,1
768,Water Resources,"Department of Water Resources, River Development & GR",Department of water resources-MH - II,701396,Lower Pedhi Project,256,1480.7,1324.78,64,2019-12-31,2026-06-30,,0,0,0,1
769,Water Resources,"Department of Water Resources, River Development & GR",Irrigation & Water Resources-UP,701408,Madhya Ganga canal Phase-II,1061,4417.21,4415.24,82,2019-12-31,2024-12-31,,0,0,0,1
770,Water Resources,"Department of Water Resources, River Development & GR","Department of Water Resources, River Development & GR",701395,Morna [Gureghar] Irrigation Project,220,,0.0,0,2023-06-30,,,0,1,1,1
771,Water Resources,"Department of Water Resources, River Development & GR",Department of water resources-MH - II,701398,Nardave Medium Irrigation Project,211,781.85,623.5,73,2019-12-31,2025-03-31,,0,0,0,1
772,Water Resources,"Department of Water Resources, River Development & GR","Department of Water Resources, River Development & GR",701412,North Koel Reservoir Project,1622,2430.76,142.1,32,2021-03-31,2026-03-31,,0,0,0,1
773,Water Resources,"Department of Water Resources, River Development & GR",Water resource-mp,400096,Omkareshwar CADWM Project,648,648.09,172.56,3,2019-12-31,2026-03-31,,0,0,0,1
774,Water Resources,"Department of Water Resources, River Development & GR",Water Resources-AP,701415,Polavaram Irrigation Project,10151,55548.9,24347.8,83,2022-04-30,2026-03-31,2009-02-01,0,0,0,0
775,Water Resources,"Department of Water Resources, River Development & GR",Water Resources-BR,400104,Punpun Barrage Project,571,658.12,469.66,44,2019-12-31,2026-03-31,,0,0,0,1
776,Water Resources,"Department of Water Resources, River Development & GR",Department of water resources-MH - II,400109,Purna Barrage-2 [Ner Dhamana] Medium Irrigation Project,848,888.43,690.49,69,2020-06-30,2025-06-30,,0,0,0,1
777,Water Resources,"Department of Water Resources, River Development & GR",Irrigation and CAD-TG,701406,Rajiv Bhima Lift Irrigation Scheme,1402,2509.66,1839.76,100,2019-12-31,2026-03-31,,0,0,0,1
778,Water Resources,"Department of Water Resources, River Development & GR",Department of Water Resources-PB,701410,Relining of Rajasthan feeder and Sirhind Feeder canal,1441,2462.16,2962.99,80,2021-06-30,2025-06-30,2016-02-03,0,0,0,0
779,Water Resources,"Department of Water Resources, River Development & GR",Water Resources-AP,400100,Sardar Gouthu Latchanna Thotapalli Barrage Project,353,1023.24,869.11,95,2019-12-31,2025-03-31,,0,0,0,1
780,Water Resources,"Department of Water Resources, River Development & GR","Narmada and Water Resources, Water Supply and Kalpsar Department-GJ",400097,Sardar Sarovar CADWM Project,5022,6670.31,4954.99,90,2019-12-31,2025-03-31,,0,0,0,1
781,Water Resources,"Department of Water Resources, River Development & GR","Narmada and Water Resources, Water Supply and Kalpsar Department-GJ",701372,Sardar Sarovar Project,20718,33412.5,31767.6,93,2019-12-31,2025-03-31,,0,0,0,1
782,Water Resources,"Department of Water Resources, River Development & GR",Irrigation & Water Resources-UP,400093,Saryu Nahar CADWM Project,1673,,0.0,0,2019-12-31,2026-03-31,,0,1,0,1
783,Water Resources,"Department of Water Resources, River Development & GR",Department of Water Resources-PB,701411,Shahpur Kandi Dam Project,2286,2715.7,2072.33,80,2022-06-30,2025-10-31,2010-02-08,0,0,0,0
784,Water Resources,"Department of Water Resources, River Development & GR",Irrigation and CAD-TG,400102,Sri Ram Sagar Project Stage - II,736,949.87,940.7,96,2019-12-31,2024-12-31,,0,0,0,1
785,Water Resources,"Department of Water Resources, River Development & GR",Department of Water Resources-JH,701376,"Subernarekha Multipurpose Project, Jharkhand",3808,9579.58,5550.74,69,2019-12-31,2025-04-03,,0,0,0,1
786,Water Resources,"Department of Water Resources, River Development & GR",Department of water resources-MH - II,400107,Sulwade-Jamphal-Kanoli Lift Irrigation Scheme,2408,,2436.43,80,2023-06-30,2027-06-30,,0,1,0,1
787,Water Resources,"Department of Water Resources, River Development & GR",Water Resources Department-MN,701400,Thoubal Multipurpose Project,1449,1822.24,1837.91,98,2019-12-31,2026-03-31,2022-01-02,1,0,0,0
788,Water Resources,"Department of Water Resources, River Development & GR",Department of water resources-MH - II,701384,Tillari Irrigation Project,368,649.6,724.36,99,2019-12-31,2025-01-31,,0,0,0,1
789,Water Resources,"Department of Water Resources, River Development & GR",Water Resources-KA,701377,Upper Tunga Irrigation Project,770,1606.07,1511.22,99,2019-12-31,2025-03-31,,0,0,0,1
790,Water Resources,"Department of Water Resources, River Development & GR",Department of water resources-MH - II,400105,Urmodi Irrigation Project,581,895.81,713.46,76,2022-06-30,2025-06-30,,0,0,0,1
791,Water Resources,"Department of Water Resources, River Development & GR",Department of water resources-MH - II,701383,Waghur Project,1059,1758.51,1530.36,89,2019-12-31,2026-03-31,,0,0,0,1
