sr_no,sector,ministry,agency,project_code,project_name,original_cost,revised_cost,expenditure,physical_progress,original_completion,revised_completion,sanction_date,date_inconsistency_flag,missing_revised_cost_flag,missing_revised_completion_flag,missing_sanction_date_flag,project_duration_days,project_duration_months,expenditure_ratio,progress_per_month,completion_date_difference_days,delay_days,delay_flag,cost_overrun,cost_overrun_percent,cost_overrun_flag
1,Aviation & Aviation Infrastructure,Ministry of Civil Aviation,Airport Authority of India [AAI],706718,C/o NITB Imphal Airport,499,499.0,160.48,41,2024-07-13,2026-12-31,2021-11-01,0,0,0,0,985.0,32.35873850197109,0.32160320641282564,1.2670456852791878,901.0,901.0,1.0,0.0,0.0,0.0
2,Aviation & Aviation Infrastructure,Ministry of Civil Aviation,Airport Authority of India [AAI],701121,Construction of New Domestic Terminal Building at Rajahmundry Airport.,347,,81.23,49,2025-08-14,2025-12-31,2022-12-01,0,1,0,0,987.0,32.42444152431012,0.2340922190201729,1.5112056737588653,139.0,139.0,1.0,,,
3,Aviation & Aviation Infrastructure,Ministry of Civil Aviation,Airport Authority of India [AAI],701101,"Construction of New Domestic Terminal Building [Phase-I and II] and other allied structures at JPNI Airport, Patna",1217,1216.9,1046.48,94,2023-07-31,2025-11-30,2018-12-27,0,0,0,0,1677.0,55.09198423127464,0.8598849630238291,1.70623732856291,853.0,853.0,1.0,-0.09999999999990905,-0.00821692686934339,0.0
4,Aviation & Aviation Infrastructure,Ministry of Civil Aviation,Airport Authority of India [AAI],612788,Construction of New Domestic Terminal Building and Miscellaneous Works at Belagavi Airport.,322,,115.82,48,2026-01-02,2026-01-02,2023-06-01,0,1,0,0,946.0,31.077529566360052,0.3596894409937888,1.544524312896406,0.0,0.0,0.0,,,
5,Aviation & Aviation Infrastructure,Ministry of Civil Aviation,Airport Authority of India [AAI],612787,Construction of New Domestic Terminal Building and Miscellaneous works at Hubli Airport,320,,56.54,36,2026-01-21,2026-03-31,2023-06-01,0,1,0,0,965.0,31.701708278580814,0.1766875,1.1355854922279793,69.0,69.0,1.0,,,
6,Aviation & Aviation Infrastructure,Ministry of Civil Aviation,Airport Authority of India [AAI],612786,"Construction of New Domestic Terminal Building Building and miscellaneous works including maintenance, operations and AICMC at Kadapa Airport",266,,45.54,31,2026-01-27,2026-03-31,2023-03-01,0,1,0,0,1063.0,34.92115637319316,0.171203007518797,0.887714016933208,63.0,63.0,1.0,,,
7,Aviation & Aviation Infrastructure,Ministry of Civil Aviation,Airport Authority of India [AAI],701128,Construction of New Integrated Passenger Terminal Building at Udaipur Airport,887,887.0,312.4,44,2026-03-10,2026-10-03,2023-06-01,0,0,0,0,1013.0,33.27858081471748,0.35219842164599774,1.3221717670286277,207.0,207.0,1.0,0.0,0.0,0.0
8,Aviation & Aviation Infrastructure,Ministry of Civil Aviation,Airport Authority of India [AAI],701107,Construction of New Integrated Terminal Building and associated works including apron to park 3 code E type of aircraft or 6 code C type of aircraft at Vijayawada Airport.,612,611.8,464.55,77,2022-09-05,2025-12-31,2020-06-17,0,0,0,0,810.0,26.609724047306177,0.7590686274509804,2.893679012345679,1213.0,1213.0,1.0,-0.20000000000004547,-0.03267973856209894,0.0
9,Aviation & Aviation Infrastructure,Ministry of Civil Aviation,Airport Authority of India [AAI],701127,Construction of New Passenger Terminal Building for Domestic Operations at Jodhpur Airport.,480,480.0,254.71,77,2024-11-18,2025-10-31,2022-05-01,0,0,0,0,932.0,30.617608409986858,0.5306458333333334,2.514892703862661,347.0,347.0,1.0,0.0,0.0,0.0
10,Aviation & Aviation Infrastructure,Ministry of Civil Aviation,Airport Authority of India [AAI],612063,"Construction of New Terminal Building, Second Link Taxi Track, Apron Expansion, and associated works at Prayagraj Airport- On Design & Build Basis.",219,274.38,206.33,97,2024-11-19,2025-08-31,,0,0,0,1,,,0.9421461187214613,,285.0,285.0,1.0,55.379999999999995,25.28767123287671,1.0
11,Aviation & Aviation Infrastructure,Ministry of Civil Aviation,Airport Authority of India [AAI],611047,"Construction of NTB complex including apron, taxi track and other associated civil works and electrical & mechanical installations towards Tawi River side at CA Jammu.",861,861.37,154.3,30,2026-06-21,2026-06-21,2022-07-01,0,0,0,0,1451.0,47.66754270696452,0.17921022067363532,0.6293590627153688,0.0,0.0,0.0,0.37000000000000455,0.04297328687572643,1.0
12,Aviation & Aviation Infrastructure,Ministry of Civil Aviation,Airport Authority of India [AAI],400010,"Construction of Terminal Building & Associated works at Leh Airport, Ladakh",480,640.0,427.04,67,2021-09-14,2025-10-31,2018-07-27,0,0,0,0,1145.0,37.614980289093296,0.8896666666666667,1.7812052401746725,1508.0,1508.0,1.0,160.0,33.33333333333333,1.0
13,Aviation & Aviation Infrastructure,Ministry of Civil Aviation,Airport Authority of India [AAI],612789,"Development of additional RESA on either end on Runway 10-28 at Calicut Airport. Construction of embankment with slope protection, drainage system and associated works for additional RESA on either end on Runway 10-28",485,,74.67,19,2025-09-28,2026-03-16,2023-06-01,0,1,0,0,850.0,27.92378449408673,0.15395876288659793,0.6804235294117646,169.0,169.0,1.0,,,
14,Aviation & Aviation Infrastructure,Ministry of Civil Aviation,Airport Authority of India [AAI],701126,"Development of Dholera International Greenfield Airport , Gujarat",1305,1551.0,666.42,63,2026-06-30,2026-06-30,2022-06-14,0,0,0,0,1477.0,48.52168199737188,0.5106666666666666,1.298388625592417,0.0,0.0,0.0,246.0,18.850574712643677,1.0
15,Aviation & Aviation Infrastructure,Ministry of Civil Aviation,Airport Authority of India [AAI],701113,"Development of Lal Bahadur Shastri International airport, Varanasi including C/o New Terminal Building, Apron Extension, Runway Extension, PTT and allied works.",2870,,302.3,14,2027-07-20,2027-07-20,2024-07-01,0,1,0,0,1114.0,36.596583442838366,0.10533101045296167,0.3825493716337523,0.0,0.0,0.0,,,
16,Aviation & Aviation Infrastructure,Ministry of Civil Aviation,Airport Authority of India [AAI],612194,Development of New Civil Enclave and associated works at Darbhanga Airport,912,,133.01,23,2026-01-07,,2024-07-01,0,1,1,0,555.0,18.232588699080157,0.145844298245614,1.2614774774774775,,,,,,
17,Aviation & Aviation Infrastructure,Ministry of Civil Aviation,Airport Authority of India [AAI],611495,Development of New Civil Enclave at Bagdogra Airport,1549,1549.0,262.41,10,2027-01-03,2027-01-03,2024-08-01,0,0,0,0,885.0,29.07358738501971,0.16940606843124598,0.343954802259887,0.0,0.0,0.0,0.0,0.0,0.0
18,Aviation & Aviation Infrastructure,Ministry of Civil Aviation,Airport Authority of India [AAI],612183,Development of New Civil Enclave at Bihta,1413,,0.0,1,2027-09-30,,2024-08-28,0,1,1,0,1128.0,37.056504599211564,0.0,0.026985815602836877,,,,,,
19,Aviation & Aviation Infrastructure,Ministry of Civil Aviation,Airport Authority of India [AAI],701122,Development of New Integrated Civil Enclave at Agra Airport,579,,74.3,14,2026-07-04,,2024-06-01,0,1,1,0,763.0,25.065703022339026,0.12832469775474956,0.5585321100917432,,,,,,
20,Aviation & Aviation Infrastructure,Ministry of Civil Aviation,Airport Authority of India [AAI],701105,Goa Airport Terminal Building Extension Project,256,255.69,130.0,88,2021-12-09,2025-09-30,2017-11-01,0,0,0,0,1499.0,49.24441524310118,0.5078125,1.7870046697798534,1391.0,1391.0,1.0,-0.3100000000000023,-0.12109375000000089,0.0
21,Aviation & Aviation Infrastructure,Ministry of Civil Aviation,Adani Airport Holdings Limited,706724,Guwahati Airport New Integrated Terminal Building Construction Project,1712,,0.0,94,2025-03-31,,2016-12-01,0,1,1,0,3042.0,99.93429697766096,0.0,0.9406180144641684,,,,,,
22,Aviation & Aviation Infrastructure,Ministry of Civil Aviation,Adani Airport Holdings Limited,701091,Lucknow Airport-Terminal 3- Phase 1 & Other Associated Works,3100,,0.0,100,2026-03-31,,2018-06-01,0,1,1,0,2860.0,93.95532194480946,0.0,1.0643356643356645,,,,,,
23,Aviation & Aviation Infrastructure,Ministry of Civil Aviation,Airport Authority of India [AAI],611602,"Modernization of Chennai Airport, Phase II, Part 2",1207,,376.47,21,2025-07-31,2026-03-31,2018-05-14,0,1,0,0,2635.0,86.56373193166885,0.3119055509527755,0.24259582542694497,243.0,243.0,1.0,,,
24,Aviation & Aviation Infrastructure,Ministry of Civil Aviation,Airport Authority of India [AAI],611440,Procurment of 30 Nos ACFTs of WT Capacity 10KL at Various Airports,215,,104.92,53,2025-06-30,,,0,1,1,1,,,0.488,,,,,,,
25,Aviation & Aviation Infrastructure,Ministry of Civil Aviation,Airport Authority of India [AAI],612791,"Re-Construction of Rigid portions of Secondary Runway, K and A Taxiway and Strengthening of C Taxiway at NSCBI Airport Kolkata.",328,,98.15,44,2025-02-10,2026-08-31,2023-04-01,0,1,0,0,681.0,22.371879106438897,0.2992378048780488,1.9667547723935388,567.0,567.0,1.0,,,
26,Aviation & Aviation Infrastructure,Ministry of Civil Aviation,Airport Authority of India [AAI],611570,"SITC of ATM Automation System and ASMGCS [Including SMR & MLAT] for Mumbai, Navi Mumbai, MOPA [without ASMGCS], HIAL & BIAL",500,,306.21,74,2025-09-11,,,0,1,1,1,,,0.61242,,,,,,,
27,Aviation & Aviation Infrastructure,Ministry of Civil Aviation,Airport Authority of India [AAI],612793,"Widening of basic strip at Western Side of Runway Chainage 80m to 920m i/c slope stabilization Measures [Balance work] of uphill and Improvement of Storm Water Drainage System at Pakyong Airport, Sikkim on design & build basis [EPC] with integrated 10 years maintenance.",323,,29.69,12,2026-02-06,,2023-11-01,0,1,1,0,828.0,27.201051248357423,0.09191950464396285,0.4411594202898551,,,,,,
28,Coal,Ministry of Coal,South Eastern Coalfields Limited [SECL],613800,JAGANNATHPUR OC RCE PROJECT[3.0 MTY],459,,274.35,92,2025-03-31,2026-03-31,2016-07-25,0,1,0,0,3171.0,104.17214191852825,0.5977124183006537,0.8831535793125197,365.0,365.0,1.0,,,
29,Coal,Ministry of Coal,Ministry of Coal,611016,2.0 MTPA BHOJUDIH NLW WASHERY,385,,353.21,97,2020-09-30,2025-09-30,2015-12-08,0,1,0,0,1758.0,57.75295663600525,0.9174285714285714,1.6795676905574517,1826.0,1826.0,1.0,,,
30,Coal,Ministry of Coal,Ministry of Coal,611017,2.5 MTPA PATHERDIH NLW WASHERY,334,,138.69,48,2018-04-30,2026-03-31,2015-10-31,0,1,0,0,912.0,29.96057818659658,0.4152395209580838,1.602105263157895,2892.0,2892.0,1.0,,,
31,Coal,Ministry of Coal,Western Coalfields Limited [WCL],616223,ADASA UG TO OC MINE,316,,308.84,86,2024-03-31,2026-03-31,2018-11-16,0,1,0,0,1962.0,64.45466491458606,0.9773417721518987,1.334271151885831,730.0,730.0,1.0,,,
32,Coal,Ministry of Coal,Ministry of Coal,400148,AMADAND OCP[4.0MTY],869,,274.45,75,2021-03-31,2027-03-31,2016-03-05,0,1,0,0,1852.0,60.84099868593955,0.31582278481012654,1.2327213822894167,2191.0,2191.0,1.0,,,
33,Coal,Ministry of Coal,Western Coalfields Limited [WCL],616229,AMAL GONDEGAON GHATROHANA EXPN OCP,669,,0.53,0,2030-03-31,,2024-09-10,0,1,1,0,2028.0,66.62286465177398,0.0007922272047832587,0.0,,,,,,
34,Coal,Ministry of Coal,Ministry of Coal,611864,AMALAGAMATED NTST KUJAMA OCP 8.5MTY,4012,,398.5,28,2030-03-31,,2023-01-04,0,1,1,0,2643.0,86.82654402102496,0.09932701894317049,0.3224820279984866,,,,,,
35,Coal,Ministry of Coal,Western Coalfields Limited [WCL],615185,AMALGAMATED DHANKASA & JAMUNIA UG,399,,72.21,67,2027-03-31,,2022-09-19,0,1,1,0,1654.0,54.33639947437582,0.18097744360902254,1.2330592503022975,,,,,,
36,Coal,Ministry of Coal,Western Coalfields Limited [WCL],616050,AMALGAMATED INDER-KAMPTEE DEEP OC,236,,237.12,98,2024-03-31,2026-03-31,2018-09-22,0,1,0,0,2017.0,66.26149802890933,1.0047457627118643,1.4789885969261278,730.0,730.0,1.0,,,
37,Coal,Ministry of Coal,Western Coalfields Limited [WCL],400177,AMALGAMATED YEKONA I & YEKONA II OC,727,,524.54,80,2025-03-31,2026-03-31,2015-08-12,0,1,0,0,3519.0,115.60446780551905,0.7215130674002751,0.6920147769252629,365.0,365.0,1.0,,,
38,Coal,Ministry of Coal,South Eastern Coalfields Limited [SECL],613798,AMERA OC RCE [1.0 MTY],336,,87.47,42,2026-03-31,,2015-02-04,0,1,1,0,4073.0,133.8042049934297,0.26032738095238095,0.3138914804812178,,,,,,
39,Coal,Ministry of Coal,South Eastern Coalfields Limited [SECL],613799,AMGAON OC RCE [1.0 MTY],316,,188.53,71,2026-03-31,,2015-07-25,0,1,1,0,3902.0,128.18659658344282,0.596613924050633,0.5538800615069196,,,,,,
40,Coal,Ministry of Coal,Western Coalfields Limited [WCL],615916,AMLG GAURI PAUNI EXPANSION OC - 9.0 MTY,1225,,78.41,1,2030-03-31,,2024-04-26,0,1,1,0,2165.0,71.12352168199737,0.06400816326530612,0.014060046189376443,,,,,,
41,Coal,Ministry of Coal,Mahanadi Coalfields Limited (MCL),616233,BALABHADRA OCP,978,,211.36,8,2030-03-31,,2023-04-19,0,1,1,0,2538.0,83.37713534822602,0.21611451942740287,0.09594956658786447,,,,,,
42,Coal,Ministry of Coal,Mahanadi Coalfields Limited (MCL),400183,BALARAM EXPANSION OCP,3504,,1027.23,52,2029-03-31,,2020-06-12,0,1,1,0,3214.0,105.58475689881735,0.2931592465753425,0.49249533291848163,,,,,,
43,Coal,Ministry of Coal,Western Coalfields Limited [WCL],615330,BALLARPUR NORTH WEST OC MINE,361,,0.0,4,2029-03-31,,2022-12-16,0,1,1,0,2297.0,75.45992115637318,0.0,0.05300827165868525,,,,,,
44,Coal,Ministry of Coal,South Eastern Coalfields Limited [SECL],400149,BAROUD OC EXPANSION [3.0-10.0MTY],2310,,913.03,47,2029-03-31,,2020-08-04,0,1,1,0,3161.0,103.84362680683311,0.39525108225108224,0.4526036064536539,,,,,,
45,Coal,Ministry of Coal,Mahanadi Coalfields Limited (MCL),615193,BASUNDHARA WEST EXTENSION OPENCAST PRO,479,,259.2,62,2027-03-31,,2014-05-01,0,1,1,0,4717.0,154.96057818659656,0.5411273486430063,0.4001017595929617,,,,,,
46,Coal,Ministry of Coal,Mahanadi Coalfields Limited (MCL),400392,BHARATPUR RE-ORGANIZATION OCP,2839,,1748.9,47,2029-03-31,,2018-11-12,0,1,1,0,3792.0,124.57293035479631,0.616026769989433,0.377289029535865,,,,,,
47,Coal,Ministry of Coal,Western Coalfields Limited [WCL],400033,BHATADI EXPANSION OC,581,,20.52,26,2028-03-31,,2022-05-19,0,1,1,0,2143.0,70.40078843626806,0.0353184165232358,0.3693140457302847,,,,,,
48,Coal,Ministry of Coal,Mahanadi Coalfields Limited (MCL),400179,BHUBANESWARI EXPANSION OCP,3145,6321.73,1250.66,21,2031-03-31,,2023-01-04,0,0,1,0,3008.0,98.8173455978975,0.39766613672496026,0.21251329787234044,,,,3176.7299999999996,101.00890302066772,1.0
49,Coal,Ministry of Coal,Mahanadi Coalfields Limited (MCL),616231,BHUBANESWARI EXPN OCP 50 MTY,5366,,0.0,3,2033-03-31,,,0,1,1,1,,,0.0,,,,,,,
50,Coal,Ministry of Coal,Northern Coalfields Limited [NCL],400369,BINA KAKRI AMALGAMATION EXPANSION OPENCAST MINING PROJECT [14 MTPA],836,,778.77,89,2024-03-31,2027-03-31,2020-08-25,0,1,0,0,1314.0,43.16688567674113,0.931543062200957,2.061765601217656,1095.0,1095.0,1.0,,,
51,Coal,Ministry of Coal,Northern Coalfields Limited [NCL],400162,BLOCK B EXPANSION [3.5 TO 8.0 MTPA] OPENCAST COAL MINING PROJECT,999,,458.01,46,2023-03-31,2027-03-31,2019-07-22,0,1,0,0,1348.0,44.283837056504595,0.45846846846846845,1.038753709198813,1461.0,1461.0,1.0,,,
52,Coal,Ministry of Coal,Ministry of Coal,616253,BLOCK E OCP,5851,,0.0,2,2029-03-31,,2024-03-26,0,1,1,0,1831.0,60.15111695137976,0.0,0.033249590387766245,,,,,,
53,Coal,Ministry of Coal,Eastern Coal Fields Limited [ECL],400180,BONJEMEHARI EXPANSION OCP,570,570.11,81.29,16,2026-03-31,2026-03-31,2021-08-10,0,0,0,0,1694.0,55.65045992115637,0.1426140350877193,0.28750885478158206,0.0,0.0,0.0,0.11000000000001364,0.019298245614037483,1.0
54,Coal,Ministry of Coal,Ministry of Coal,400138,CHANDRAGUPT OCP,974,,440.32,15,2032-03-31,,2020-08-04,0,1,1,0,4257.0,139.84888304862022,0.45207392197125257,0.10725863284002819,,,,,,
55,Coal,Ministry of Coal,South Eastern Coalfields Limited [SECL],400145,CHHAL OC SEAM III [6 MTY],611,,577.46,85,2022-03-31,2025-09-30,2013-12-16,0,1,0,0,3027.0,99.44152431011827,0.9451063829787235,0.8547737033366369,1279.0,1279.0,1.0,,,
56,Coal,Ministry of Coal,Eastern Coal Fields Limited [ECL],400172,CHITRA EAST OC,514,,228.71,51,2026-03-31,,2018-08-11,0,1,1,0,2789.0,91.62286465177398,0.44496108949416346,0.5566296163499462,,,,,,
57,Coal,Ministry of Coal,Eastern Coal Fields Limited [ECL],616225,CHUPERBHITA SIMLONG OCP MDO 6 MTY,979,,0.0,0,2037-03-31,,2023-12-29,0,1,1,0,4841.0,159.03416557161628,0.0,0.0,,,,,,
58,Coal,Ministry of Coal,Western Coalfields Limited [WCL],400353,DHUPTALA OC [SASTI UG TO OC ],711,,80.33,17,2028-03-31,,2021-10-08,0,1,1,0,2366.0,77.72667542706964,0.11298171589310829,0.21871513102282336,,,,,,
59,Coal,Ministry of Coal,Western Coalfields Limited [WCL],400178,DINESH[MAKARDHOKRA-III] OC,823,822.88,621.73,35,2027-03-31,,2020-02-11,0,0,1,0,2605.0,85.57818659658344,0.7554434993924666,0.4089827255278311,,,,-0.12000000000000455,-0.014580801944107479,0.0
60,Coal,Ministry of Coal,South Eastern Coalfields Limited [SECL],400354,DIPKA EXPANSION OCP [40 MTY],5241,,2675.0,37,2029-03-31,,2020-12-24,0,1,1,0,3019.0,99.17871222076215,0.5103987788589964,0.3730639284531302,,,,,,
61,Coal,Ministry of Coal,SECL - CIL,612838,DIPKA OC,7580,,3091.0,65,2025-03-31,,,0,1,1,1,,,0.4077836411609499,,,,,,,
62,Coal,Ministry of Coal,Ministry of Coal,400156,EPR AMRAPALI OCP,5136,,1125.18,43,2028-03-31,,2020-02-11,0,1,1,0,2971.0,97.60183968462549,0.21907710280373832,0.44056546617300574,,,,,,
63,Coal,Ministry of Coal,Ministry of Coal,400155,EPR ASHOK OC,2898,,176.6,21,2028-03-31,,2021-05-10,0,1,1,0,2517.0,82.68725361366623,0.06093857832988268,0.253969010727056,,,,,,
64,Coal,Ministry of Coal,Ministry of Coal,400154,EPR PUNDI OCP,713,,236.57,10,2027-03-31,,2020-11-11,0,1,1,0,2331.0,76.57687253613666,0.33179523141654976,0.1305877305877306,,,,,,
65,Coal,Ministry of Coal,Ministry of Coal,400153,EPR ROHINI - KARKETTA OCP,1020,,83.95,20,2028-03-31,,2021-01-18,0,1,1,0,2629.0,86.36662286465177,0.08230392156862745,0.23157093952073032,,,,,,
66,Coal,Ministry of Coal,Western Coalfields Limited [WCL],615331,GADEGAON OC 3 MTY,497,,0.0,0,2030-03-31,,2023-10-28,0,1,1,0,2346.0,77.06964520367937,0.0,0.0,,,,,,
67,Coal,Ministry of Coal,Western Coalfields Limited [WCL],615206,GANDHIGRAM UG MINE,414,,13.27,57,2026-03-31,,2019-08-31,0,1,1,0,2404.0,78.97503285151117,0.03205314009661835,0.721747088186356,,,,,,
68,Coal,Ministry of Coal,Western Coalfields Limited [WCL],615917,GAURIDEEP/GAURI CENTRAL OCP 7.00 MTY CP,973,,0.11,0,2030-03-31,,2024-06-06,0,1,1,0,2124.0,69.7766097240473,0.00011305241521068859,0.0,,,,,,
69,Coal,Ministry of Coal,South Eastern Coalfields Limited [SECL],400424,GEVRA OC [70 MTY],11816,,5328.96,77,2023-03-31,2026-03-31,2016-03-05,0,1,0,0,2582.0,84.82260183968462,0.4509952606635071,0.9077769171185128,1096.0,1096.0,1.0,,,
70,Coal,Ministry of Coal,Western Coalfields Limited [WCL],615914,GHONSA EXPANSION DEEP OC MINE 1.5 MTY,185,,10.48,6,2029-03-31,,2021-03-23,0,1,1,0,2930.0,96.25492772667542,0.05664864864864865,0.062334470989761095,,,,,,
71,Coal,Ministry of Coal,Singareni Collieries Company Limited [SCCL],615860,Godavarikhani Coal Mine - 5,607,,178.82,71,2025-03-31,2026-03-31,2019-07-01,0,1,0,0,2100.0,68.98817345597897,0.2945963756177924,1.029161904761905,365.0,365.0,1.0,,,
72,Coal,Ministry of Coal,Western Coalfields Limited [WCL],615192,GOKUL EXTENSION OC MINE,310,,29.85,8,2026-03-31,,2021-04-23,0,1,1,0,1803.0,59.23127463863337,0.09629032258064517,0.13506378258458127,,,,,,
73,Coal,Ministry of Coal,Singareni Collieries Company Limited [SCCL],615862,Goleti Opencast Mine,346,,73.25,20,2026-03-31,,2021-07-01,0,1,1,0,1734.0,56.96452036793692,0.21170520231213874,0.3510957324106113,,,,,,
74,Coal,Ministry of Coal,Mahanadi Coalfields Limited (MCL),400185,GOPALJI KANIHA OCP [10 TO 30 MTY],8416,6107.87,1694.31,17,2030-03-31,,2022-04-25,0,0,1,0,2897.0,95.17082785808147,0.20132010456273763,0.17862616499827408,,,,-2308.13,-27.425499049429657,0.0
75,Coal,Ministry of Coal,Mahanadi Coalfields Limited (MCL),616232,HINGULA II OC EXPN PH III 15 MTY,1562,,50.15,23,2029-03-31,,,0,1,1,1,,,0.032106274007682456,,,,,,,
76,Coal,Ministry of Coal,ECL - CIL,400018,HURA C OCP,859,,450.47,62,2029-03-31,,2022-08-10,0,1,1,0,2425.0,79.66491458607095,0.5244121071012806,0.7782597938144331,,,,,,
77,Coal,Ministry of Coal,Singareni Collieries Company Limited [SCCL],615861,Indaram Opencast Project,425,,402.64,80,2025-03-31,2026-03-31,2017-08-01,0,1,0,0,2799.0,91.95137976346912,0.9473882352941176,0.8700250089317614,365.0,365.0,1.0,,,
78,Coal,Ministry of Coal,Mahanadi Coalfields Limited (MCL),616226,INTEGRATED KULDA GARJANBAHAL OCP 40 MTY,3564,,150.7,3,2033-03-31,,,0,1,1,1,,,0.04228395061728395,,,,,,,
79,Coal,Ministry of Coal,Mahanadi Coalfields Limited (MCL),400187,INTEGRATED LAKHANPUR-BELPAHAR-LILARI OCP,2435,,1805.65,61,2027-03-31,,2018-05-22,0,1,1,0,3235.0,106.27463863337714,0.7415400410677618,0.573984544049459,,,,,,
80,Coal,Ministry of Coal,Eastern Coal Fields Limited [ECL],612816,ITAPARA OCP,929,,65.61,7,2030-03-31,,2023-12-29,0,1,1,0,2284.0,75.03285151116951,0.0706243272335845,0.09329246935201402,,,,,,
81,Coal,Ministry of Coal,SECL - CIL,613795,JAMPALI OC RCE [2.0 MTY],279,,210.07,82,2025-03-31,2025-06-30,2020-05-27,0,1,0,0,1769.0,58.1143232588699,0.7529390681003584,1.4110118711136237,91.0,91.0,1.0,,,
82,Coal,Ministry of Coal,CCL - CIL,616236,JARANGDIH EXPN. OCP 1.5 MTY,414,,85.6,26,2029-03-31,,2020-02-03,0,1,1,0,3344.0,109.85545335085413,0.20676328502415459,0.23667464114832537,,,,,,
83,Coal,Ministry of Coal,Singareni Collieries Company Limited [SCCL],615818,Jawahar Khani Open Cast Mine,298,,46.39,20,2025-03-31,2027-03-31,2021-12-01,0,1,0,0,1216.0,39.94743758212878,0.15567114093959733,0.5006578947368421,730.0,730.0,1.0,,,
84,Coal,Ministry of Coal,Eastern Coal Fields Limited [ECL],400312,JHANJRA EXPANSION UG,1210,,514.93,40,2029-03-31,,2020-04-16,0,1,1,0,3271.0,107.45729303547962,0.4255619834710743,0.3722409049220422,,,,,,
85,Coal,Ministry of Coal,Ministry of Coal,400352,JHARKHAND-LAIYO OCP,765,,145.81,25,2031-03-31,,2020-08-25,0,1,1,0,3870.0,127.1353482260184,0.1906013071895425,0.19664082687338502,,,,,,
86,Coal,Ministry of Coal,South Eastern Coalfields Limited [SECL],613803,JHIRIA WEST OCP [1.5 MTY],367,,25.07,41,2026-03-31,,2024-01-30,0,1,1,0,791.0,25.985545335085412,0.06831062670299727,1.5778002528445008,,,,,,
87,Coal,Ministry of Coal,Singareni Collieries Company Limited [SCCL],615859,Kakathiya Khani Opencast - III Project Phase - I,414,,397.55,79,2026-03-31,,2017-03-01,0,1,1,0,3317.0,108.96846254927726,0.9602657004830918,0.7249804039794996,,,,,,
88,Coal,Ministry of Coal,Singareni Collieries Company Limited [SCCL],615865,Kakatiyakhani OC - 2 Project,442,,203.15,63,2025-03-31,2026-03-31,2017-08-19,0,1,0,0,2781.0,91.36005256241786,0.45961538461538465,0.6895792880258901,365.0,365.0,1.0,,,
89,Coal,Ministry of Coal,Singareni Collieries Company Limited [SCCL],615858,Kalyanikhani Opencast Project,384,,281.83,75,2026-03-31,,2016-03-01,0,1,1,0,3682.0,120.9592641261498,0.7339322916666666,0.6200434546442151,,,,,,
90,Coal,Ministry of Coal,South Eastern Coalfields Limited [SECL],613802,KANCHAN OC EXP,371,,144.61,47,2026-03-31,,2014-12-17,0,1,1,0,4122.0,135.41392904073587,0.3897843665768194,0.34708393983503155,,,,,,
91,Coal,Ministry of Coal,Ministry of Coal,400074,KARO EXPANSION OCP,908,,251.79,22,2029-03-31,,2022-01-24,0,1,1,0,2623.0,86.16951379763469,0.27730176211453744,0.25531071292413265,,,,,,
92,Coal,Ministry of Coal,South Eastern Coalfields Limited [SECL],615191,KATKONA RO UG MINE,329,,60.3,2,2029-03-31,,2023-01-29,0,1,1,0,2253.0,74.01445466491458,0.18328267477203647,0.02702174877940524,,,,,,
93,Coal,Ministry of Coal,Northern Coalfields Limited [NCL],615183,KHADIA EXPANSION [10 TO 16 MTPA] OPENCAST MINING PROJECT,492,,202.18,40,2025-03-31,2027-03-31,2021-06-01,0,1,0,0,1399.0,45.959264126149804,0.4109349593495935,0.8703359542530379,730.0,730.0,1.0,,,
94,Coal,Ministry of Coal,Western Coalfields Limited [WCL],617278,KOLARPIMPRI EXPANSION OC [2.5 MTY],630,,0.0,0,2030-03-31,,2024-06-05,0,1,1,0,2125.0,69.80946123521682,0.0,0.0,,,,,,
95,Coal,Ministry of Coal,Western Coalfields Limited [WCL],615199,KOLGAON EXPANSION DEEP OC MINE 0.80 MTY,199,,0.71,3,2027-03-31,,2023-09-28,0,1,1,0,1280.0,42.04993429697766,0.003567839195979899,0.07134375,,,,,,
96,Coal,Ministry of Coal,Ministry of Coal,400073,KONAR EXPANSION OCP,799,,426.16,46,2032-03-31,,2022-01-24,0,1,1,0,3719.0,122.1747700394218,0.5333667083854818,0.3765098144662544,,,,,,
97,Coal,Ministry of Coal,Ministry of Coal,400139,KOTRE BASANTPUR PACHMO OCP,861,625.4,441.05,41,2032-03-31,,2020-08-04,0,0,1,0,4257.0,139.84888304862022,0.512253193960511,0.29317359642941043,,,,-235.60000000000002,-27.36353077816493,0.0
98,Coal,Ministry of Coal,South Eastern Coalfields Limited [SECL],400147,KUSMUNDA OC EXPANSION [15 TO 50 MTY],7612,,4697.95,81,2023-03-31,2030-03-31,2013-08-03,0,1,0,0,3527.0,115.86727989487515,0.6171768260641093,0.6990757017295153,2557.0,2557.0,1.0,,,
99,Coal,Ministry of Coal,SECL - CIL,617287,KUSMUNDA OC EXPANSION PROJECT 50-75 MTY,4517,,16.97,3,2030-03-31,,2024-11-29,0,1,1,0,1948.0,63.99474375821288,0.0037569183086119105,0.04687885010266941,,,,,,
100,Coal,Ministry of Coal,South Eastern Coalfields Limited [SECL],613801,MAHAMAYA OCP [1.50 MTY],410,,169.3,38,2026-03-31,,2018-05-24,0,1,1,0,2868.0,94.21813403416557,0.4129268292682927,0.40331938633193865,,,,,,
101,Coal,Ministry of Coal,Western Coalfields Limited [WCL],615189,MAKARDHOKRA EXPN OC 4.9 MTY,362,,67.64,12,2026-03-31,,2022-06-14,0,1,1,0,1386.0,45.532194480946124,0.18685082872928177,0.26354978354978353,,,,,,
102,Coal,Ministry of Coal,South Eastern Coalfields Limited [SECL],617288,MANIKPUR OC EXPANSION PROJECT 7 MTY,383,,0.86,1,2029-03-31,,2025-01-13,0,1,1,0,1538.0,50.52562417871222,0.0022454308093994776,0.019791937581274382,,,,,,
103,Coal,Ministry of Coal,Bharat Coking Coal Limited [BCCL],400313,Master Plan for Jharia and Raniganj Coalfields,2662,,787.75,43,2019-08-11,2028-12-31,2009-08-12,0,1,0,0,3651.0,119.94086727989487,0.2959241172051089,0.3585099972610244,3430.0,3430.0,1.0,,,
104,Coal,Ministry of Coal,Eastern Coal Fields Limited [ECL],400173,MOHANPUR EXPANSION OC -PHASE II,889,,85.51,30,2026-03-31,,2020-11-11,0,1,1,0,1966.0,64.58607095926412,0.09618672665916761,0.46449643947100716,,,,,,
105,Coal,Ministry of Coal,BCCL - CIL,400425,MOONIDIH XV SEAM UG,1230,,624.17,81,2019-03-31,2026-05-31,2011-08-12,0,1,0,0,2788.0,91.59001314060447,0.5074552845528455,0.8843758967001435,2618.0,2618.0,1.0,,,
106,Coal,Ministry of Coal,Ministry of Coal,613808,MURAIDIH UG PROJECT,340,,190.65,70,2014-04-30,2026-12-31,2011-02-14,0,1,0,0,1171.0,38.469119579500656,0.5607352941176471,1.8196413321947054,4628.0,4628.0,1.0,,,
107,Coal,Ministry of Coal,Western Coalfields Limited [WCL],615919,N. EXTN. MUNGOLI NIRGUDA D OCP 6.125 MTY,1025,,165.54,0,2030-03-31,,2024-06-05,0,1,1,0,2125.0,69.80946123521682,0.16150243902439024,0.0,,,,,,
108,Coal,Ministry of Coal,Singareni Collieries Company Limited [SCCL],615857,Naini Coal Mine,494,,491.33,80,2026-03-31,,2020-03-01,0,1,1,0,2221.0,72.96320630749014,0.9945951417004049,1.0964430436740207,,,,,,
109,Coal,Ministry of Coal,Eastern Coal Fields Limited [ECL],400181,NAKRAKONDA KUMARDIH- B OCP,503,,70.97,25,2029-03-31,,2018-08-11,0,1,1,0,3885.0,127.6281208935611,0.1410934393638171,0.19588159588159587,,,,,,
110,Coal,Ministry of Coal,Western Coalfields Limited [WCL],615188,NEW MAJRI UG TO OC 3 MTY COST PLUS,402,,41.08,24,2027-03-31,,2022-09-02,0,1,1,0,1671.0,54.894875164257556,0.10218905472636816,0.4371992818671454,,,,,,
111,Coal,Ministry of Coal,Northern Coalfields Limited [NCL],400321,NIGAHI EXPANSION [15 TO 25 MTPA] OPENCAST MINING PROJECT,1730,,772.91,44,2025-03-31,2028-03-31,2020-11-11,0,1,0,0,1601.0,52.595269382391585,0.44676878612716764,0.8365771392879451,1096.0,1096.0,1.0,,,
112,Coal,Ministry of Coal,Western Coalfields Limited [WCL],615982,NILJAI EXPANSION DEEP OCP,320,,367.6,79,2022-03-31,2026-03-31,2016-08-27,0,1,0,0,2042.0,67.08278580814718,1.1487500000000002,1.1776493633692457,1461.0,1461.0,1.0,,,
113,Coal,Ministry of Coal,Ministry of Coal,400151,NORTH URIMARI EXPANSION OCP,779,,695.11,67,2029-03-31,,2021-07-12,0,1,1,0,2819.0,92.60840998685939,0.8923106546854942,0.7234764100744946,,,,,,
114,Coal,Ministry of Coal,NLC India Limited [NLCIL],400142,Pachwara South Coal Block,2243,,1165.64,54,2028-09-30,,,0,1,1,1,,,0.5196790013374945,,,,,,,
115,Coal,Ministry of Coal,Eastern Coal Fields Limited [ECL],616230,PARASCOLE JAMBAD OCP,1194,,6.79,0,2037-03-31,,2024-11-29,0,1,1,0,4505.0,147.99605781865966,0.005686767169179229,0.0,,,,,,
116,Coal,Ministry of Coal,Eastern Coal Fields Limited [ECL],613794,PARASEA-BELBAID UG PROJECT,389,,131.42,16,2028-03-31,,2023-01-31,0,1,1,0,1886.0,61.95795006570302,0.33784061696658096,0.25823966065747617,,,,,,
117,Coal,Ministry of Coal,South Eastern Coalfields Limited [SECL],616234,PELMA OC MDO,1725,,15.63,17,2033-03-31,,2022-10-14,0,1,1,0,3821.0,125.52562417871222,0.009060869565217391,0.13543051557183983,,,,,,
118,Coal,Ministry of Coal,South Eastern Coalfields Limited [SECL],400144,PORDA CHIMTAPANI OCP [10 MTY],2310,,83.66,10,2029-03-31,,2020-12-24,0,1,1,0,3019.0,99.17871222076215,0.036216450216450216,0.10082808877111626,,,,,,
119,Coal,Ministry of Coal,Ministry of Coal,400160,RAJRAPPA RCE OCP,511,,488.57,76,2016-03-31,2027-03-31,2009-12-23,0,1,0,0,2290.0,75.22996057818659,0.956105675146771,1.010235807860262,4017.0,4017.0,1.0,,,
120,Coal,Ministry of Coal,Singareni Collieries Company Limited [SCCL],615864,Ramagundam OC-II Extension Project,490,,405.54,77,2026-03-31,,2015-11-01,0,1,1,0,3803.0,124.93429697766096,0.8276326530612246,0.616323954772548,,,,,,
121,Coal,Ministry of Coal,South Eastern Coalfields Limited [SECL],400152,RAMPUR BATURA OCP [4.0MTY],1249,,495.4,44,2026-03-31,,2019-07-22,0,1,1,0,2444.0,80.28909329829172,0.39663730984787826,0.5480196399345336,,,,,,
122,Coal,Ministry of Coal,Ministry of Coal,400150,RPR MAGADH EXP OCP,7254,,1534.64,38,2028-03-31,,2020-08-04,0,1,1,0,2796.0,91.85282522996057,0.2115577612351806,0.4137052932761088,,,,,,
123,Coal,Ministry of Coal,Western Coalfields Limited [WCL],615918,RPR OF BHANEGAON OC,405,,11.71,8,2028-03-31,,2022-09-19,0,1,1,0,2020.0,66.36005256241786,0.02891358024691358,0.12055445544554456,,,,,,
124,Coal,Ministry of Coal,Western Coalfields Limited [WCL],615187,RPR OF VISHNUPURI UG TO OC,221,,0.0,11,2029-03-31,,2022-11-04,0,1,1,0,2339.0,76.83968462549277,0.0,0.1431551945275759,,,,,,
125,Coal,Ministry of Coal,WCL - CIL,613804,RPR TAWA-III UG 0.84 MTY,314,,5.7,17,2027-03-31,,2021-12-28,0,1,1,0,1919.0,63.042049934296976,0.018152866242038216,0.2696612819176655,,,,,,
126,Coal,Ministry of Coal,Ministry of Coal,400136,SANGHMITRA OC,2660,,0.0,0,2032-03-31,,2024-03-26,0,1,1,0,2927.0,96.15637319316689,0.0,0.0,,,,,,
127,Coal,Ministry of Coal,Western Coalfields Limited [WCL],615184,SAONER UG MINE -1 EXPANSION 1.2 MTY,229,,139.81,68,2028-03-31,,2022-01-31,0,1,1,0,2251.0,73.94875164257556,0.6105240174672489,0.9195557529986672,,,,,,
128,Coal,Ministry of Coal,Western Coalfields Limited [WCL],615186,SASTI EXPANSION OPENCAST,319,,90.96,20,2026-03-31,,2020-08-04,0,1,1,0,2065.0,67.83837056504599,0.28514106583072096,0.294818401937046,,,,,,
129,Coal,Ministry of Coal,Western Coalfields Limited [WCL],615195,SHARDA UG MINE,166,,2.78,9,2028-03-31,,2023-09-05,0,1,1,0,1669.0,54.82917214191853,0.016746987951807228,0.16414619532654284,,,,,,
130,Coal,Ministry of Coal,Eastern Coal Fields Limited [ECL],613793,SHYAMSUNDARPUR UG INCLUDING SARPI,484,,55.89,12,2026-03-31,,2020-04-16,0,1,1,0,2175.0,71.4520367936925,0.11547520661157025,0.1679448275862069,,,,,,
131,Coal,Ministry of Coal,Mahanadi Coalfields Limited (MCL),400166,SIARMAL OCP,5195,,3455.65,54,2029-03-31,2028-03-31,2021-02-02,1,1,0,0,2979.0,97.86465177398159,0.6651876804619827,0.5517824773413897,-365.0,-365.0,0.0,,,
132,Coal,Ministry of Coal,ECL - CIL,400182,SIDULI [OC & UG],535,,5.05,14,2027-03-31,,2018-05-22,0,1,1,0,3235.0,106.27463863337714,0.009439252336448599,0.13173415765069552,,,,,,
133,Coal,Ministry of Coal,Western Coalfields Limited [WCL],615190,SINGHORI DEEP OC MIN 2.0 MTY,336,,26.64,6,2029-03-31,,2022-05-05,0,1,1,0,2522.0,82.8515111695138,0.07928571428571429,0.07241871530531324,,,,,,
134,Coal,Ministry of Coal,Ministry of Coal,615822,SIRKA OC,223,,139.31,60,2028-03-31,,2020-05-04,0,1,1,0,2888.0,94.87516425755584,0.6247085201793722,0.6324099722991691,,,,,,
135,Coal,Ministry of Coal,Eastern Coal Fields Limited [ECL],400315,SONEPUR BAZARI EXPANSION OCP [12 MTY],5366,,571.02,17,2029-03-31,,2021-07-28,0,1,1,0,2803.0,92.08278580814716,0.10641446142377935,0.18461648234034964,,,,,,
136,Coal,Ministry of Coal,Mahanadi Coalfields Limited (MCL),400165,SUBHADRA OCP,1694,,1278.66,42,2029-03-31,2029-03-31,2021-03-25,0,1,0,0,2928.0,96.1892247043364,0.7548170011806375,0.4366393442622951,0.0,0.0,0.0,,,
137,Coal,Ministry of Coal,Ministry of Coal,615349,TAPIN SOUTH EXPN,230,,21.0,20,2028-03-31,,2020-11-04,0,1,1,0,2704.0,88.83048620236531,0.09130434782608696,0.22514792899408284,,,,,,
138,Coal,Ministry of Coal,Ministry of Coal,615843,TETARIAKHAR OC,244,,44.64,28,2025-03-31,2027-03-31,2019-11-04,0,1,0,0,1974.0,64.84888304862024,0.18295081967213114,0.43177304964539004,730.0,730.0,1.0,,,
139,Coal,Ministry of Coal,MIS MoCoal Integration Logins,615820,TIKAK EXTENSION OCP,160,,80.84,0,2031-07-04,,2022-07-05,0,1,1,0,3286.0,107.95006570302233,0.50525,0.0,,,,,,
140,Coal,Ministry of Coal,Eastern Coal Fields Limited [ECL],400186,TILABONI UG,749,,51.73,10,2029-03-31,2029-03-31,2023-01-31,0,1,0,0,2251.0,73.94875164257556,0.06906542056074766,0.13522878720568637,0.0,0.0,0.0,,,
141,Coal,Ministry of Coal,MIS MoCoal Integration Logins,615821,TIRAP OCP,289,,105.47,0,2030-11-27,,2022-11-28,0,1,1,0,2921.0,95.9592641261498,0.36494809688581314,0.0,,,,,,
142,Coal,Ministry of Coal,Western Coalfields Limited [WCL],616044,UKNI DEEP OC MINE -COST PLUS,237,,159.21,87,2021-03-31,2026-03-31,2019-01-09,0,1,0,0,812.0,26.675427069645202,0.6717721518987342,3.2614285714285716,1826.0,1826.0,1.0,,,
143,Coal,Ministry of Coal,Western Coalfields Limited [WCL],615194,URDHAN EXPANSION OC COST PLUS,207,,23.22,1,2031-03-31,,2023-01-09,0,1,1,0,3003.0,98.65308804204993,0.11217391304347825,0.010136530136530137,,,,,,
144,Coal,Ministry of Coal,Singareni Collieries Company Limited [SCCL],615863,Venkatesh Khani Coal Mine,484,,434.44,75,2026-03-31,,2020-10-01,0,1,1,0,2007.0,65.93298291721419,0.8976033057851239,1.1375186846038865,,,,,,
145,Coal,Ministry of Coal,Western Coalfields Limited [WCL],617233,WAGHODA UG MINE [1.02 MTY],379,,0.0,0,2030-03-31,,2024-01-29,0,1,1,0,2253.0,74.01445466491458,0.0,0.0,,,,,,
146,Coal,Ministry of Power,National Thermal Power Corporation [NTPC],603293,Badam Coal Mining project of NTPC,502,784.0,302.2,59,2056-12-31,2027-04-01,2019-02-01,1,0,0,0,13848.0,454.92772667542704,0.6019920318725099,0.12969093009820915,-10867.0,-10867.0,0.0,282.0,56.17529880478087,1.0
147,Coal,Ministry of Power,Damodar Valley Corporation,400192,Tubed Coal Mine,1581,,599.18,34,2026-05-31,2026-05-31,,0,1,0,1,,,0.37898798228969005,,0.0,0.0,0.0,,,
148,Construction,Ministry of Housing & Urban Affairs,Central Public Works Department [CPWD],617282,"C/o 184 MS Flats for Hon'ble MPs at BKS Marg, New Delhi",647,646.52,518.46,98,2025-05-20,2025-08-31,2022-01-21,0,0,0,0,1215.0,39.91458607095926,0.8013292117465225,2.45524279835391,103.0,103.0,1.0,-0.4800000000000182,-0.0741885625966025,0.0
149,Construction,Ministry of Mines,Central Public Works Department (CPWD),617280,"Construction of Basement + Ground Floor+ 10 Storeyed building for State of the Art Director General, GSI Building at plot No.GN-40, Sector-V, Salt Lake, Kolkata",255,,78.34,35,2026-08-31,,2019-04-16,0,1,1,0,2694.0,88.50197109067017,0.3072156862745098,0.39547141796585006,,,,,,
150,Education,Department of Higher Education,"Indian Institute of Technology, Bombay",612203,Academic Block 1 & 2,68,263.93,22.15,16,2026-07-31,2027-03-31,,0,0,0,1,,,0.325735294117647,,243.0,243.0,1.0,195.93,288.13235294117646,1.0
151,Education,Department of Higher Education,NIT Patna,606013,Additional Campus of NITPatna,499,,425.47,91,2024-07-31,2026-01-31,2022-07-22,0,1,0,0,740.0,24.31011826544021,0.8526452905811623,3.7432972972972975,549.0,549.0,1.0,,,
152,Education,Department of Higher Education,IISC Bangalore,610940,"Additional Infrastructure at IISc Bangalore-RCC Monolithic for Men Hostel S14, Women Hostel S11 , Postdoctoral Hostel S12 2 Block , International Hostel S 12 , D&E Block S 12 2 Block FR.",420,420.41,360.72,99,2024-03-31,2025-09-30,2021-08-01,0,0,0,0,973.0,31.964520367936924,0.8588571428571429,3.097183967112025,548.0,548.0,1.0,0.410000000000025,0.09761904761905357,1.0
153,Education,Department of Higher Education,Banaras Hindu University,606479,Banaras Hindu University [ Kayakalp of Institute of Medical Sciences],246,,185.83,93,2022-09-30,2026-03-31,,0,1,0,1,,,0.7554065040650407,,1278.0,1278.0,1.0,,,
154,Education,Department of Higher Education,National Institute of Technology Uttarakhand,611963,"Construction & Development of Infrastructural Facilities in the main campus of NIT Uttarakhand at Sumari, Pauri Garhwal",651,,130.0,24,2027-09-30,,2020-06-30,0,1,1,0,2648.0,86.99080157687253,0.19969278033794163,0.27589123867069487,,,,,,
155,Education,Department of Higher Education,"National Institute of Technology, Meghalaya",612885,Construction and Developement of National Institute of Technology Meghalaya Permanent Campus at Sohra,495,,413.57,86,2022-03-31,2025-07-31,2020-03-04,0,1,0,0,757.0,24.868593955321945,0.8354949494949495,3.4581770145310435,1218.0,1218.0,1.0,,,
156,Education,Department of Higher Education,Central University of Punjab,617221,"Construction of Girls Hostel 400 seater, Boys Hostel 600 seater, Academic Block, International Hostel 100 seater, VC Residence and Purchase of Equipment",211,,0.0,0,2027-10-03,,2024-08-01,0,1,1,0,1158.0,38.042049934296976,0.0,0.0,,,,,,
157,Education,Department of Higher Education,"Indian Institute of Management, Jammu",602098,"Construction of Permanent Campus for IIM Jammu Phase-1 at Jagti, Nagrota, Jammu, J&K",425,500.91,484.52,96,2023-06-30,2025-08-31,2019-03-01,0,0,0,0,1582.0,51.971090670170824,1.1400470588235294,1.8471807838179521,793.0,793.0,1.0,75.91000000000003,17.86117647058824,1.0
158,Education,Department of Higher Education,INDIAN INSTITUTE OF TECHNOLOGY PALAKKAD,606431,CONSTRUCTION OF PERMANENT CAMPUS FOR IIT PALAKKAD UNDER PHASE 1A,1006,1217.4,615.95,66,2022-06-07,2026-11-30,2017-07-01,0,0,0,0,1802.0,59.19842312746386,0.6122763419483102,1.1148945615982242,1637.0,1637.0,1.0,211.4000000000001,21.013916500994046,1.0
159,Education,Department of Higher Education,Ministry of Education,612876,"Construction of Permanent Campus for NIT Mizoram at Lengpui, Aizawl",474,474.23,167.55,4,2029-12-31,2029-12-31,2020-03-04,0,0,0,0,3589.0,117.90407358738501,0.35348101265822784,0.033925884647534134,0.0,0.0,0.0,0.2300000000000182,0.04852320675105869,1.0
160,Education,Department of Higher Education,Central Tribal University of Andhra Pradesh,613008,Construction of Permanent Campus of Central Tribal University of Andhra Pradesh Phase-1,305,,83.33,24,2027-06-26,,,0,1,1,1,,,0.2732131147540984,,,,,,,
161,Education,Department of Higher Education,Gujarat,612916,"Construction of permanent campus of Central University of Gujarat at Village kundhela, Dist. Vadodara, Gujarat.",491,,301.44,76,2025-03-31,2026-03-31,,0,1,0,1,,,0.6139307535641548,,365.0,365.0,1.0,,,
162,Education,Department of Higher Education,"Central University, Himachal Pradesh",612894,"Construction of Permanent Campus of Central University of Himachal Pradesh at Dehra, District - Kangra, [H.P.] on Engineering. Procurement and Construction [EPC Mode 1] Basis.",252,300.45,183.36,78,2024-11-18,2025-11-30,2021-03-10,0,0,0,0,1349.0,44.31668856767411,0.7276190476190477,1.7600593031875462,377.0,377.0,1.0,48.44999999999999,19.22619047619047,1.0
163,Education,Department of Higher Education,"Indian intitue of Management, Amritsar",605292,"Construction of Permanent Campus of Indian Institute of Management [IIM] Amritsar, Punjab, Phase-I",348,,290.39,91,2023-06-30,2025-12-31,2019-10-01,0,1,0,0,1368.0,44.940867279894874,0.8344540229885057,2.0248830409356726,915.0,915.0,1.0,,,
164,Education,Department of Higher Education,"National Institute of Technology, Arunachal Pradesh",612898,Construction of Permanent Campus of National Institute of Technology Arunachal Pradesh,593,,549.96,75,2026-08-31,,,0,1,1,1,,,0.9274198988195617,,,,,,,
165,Education,Department of Higher Education,"Indian Institute of Technology, Hyderabad",609996,Construction of Precast housing and hostels at IIT Hyderabad,262,,164.4,71,2024-10-23,2026-01-01,,0,1,0,1,,,0.6274809160305344,,435.0,435.0,1.0,,,
166,Education,Department of Higher Education,Sikkim University,609736,"Construction of Sikkim University Campus Phase-I Package-II at Yangang, South Sikkim",314,,238.22,82,2025-01-04,2025-09-30,2020-08-01,0,1,0,0,1617.0,53.120893561103806,0.7586624203821656,1.5436487322201609,269.0,269.0,1.0,,,
167,Education,Department of Higher Education,Delhi University,616886,Delhi University Eastern Campus at Surajmal Vihar,373,,18.03,15,2026-10-31,,,0,1,1,1,,,0.04833780160857909,,,,,,,
168,Education,Department of Higher Education,NIT Nagaland,613013,Establishment of NIT Nagaland,276,,257.82,93,2025-12-31,,,0,1,1,1,,,0.9341304347826087,,,,,,,
169,Education,Department of Higher Education,"National Institute of Technology, Puducherry",612877,Establishment of NIT Puducherry Permanent Campus [Phase-I and Phase-II],618,544.34,509.24,94,2024-12-31,2025-08-31,2020-03-04,0,0,0,0,1763.0,57.91721419185282,0.8240129449838188,1.6230062393647193,243.0,243.0,1.0,-73.65999999999997,-11.919093851132681,0.0
170,Education,Department of Higher Education,Ministry of Education,612883,Establishment of Permanent Campus of NIT SIkkim at Khamdong-Gangtok District,686,610.76,121.56,7,2028-02-12,2026-12-31,2024-02-12,1,0,0,0,1461.0,47.99605781865966,0.177201166180758,0.14584531143052704,-408.0,-408.0,0.0,-75.24000000000001,-10.96793002915452,0.0
171,Education,Department of Higher Education,"Indian Institute of Management, Sirmaur",602099,Establishment of Permanent campus Phase 1 of IIM Sirmaur,393,454.78,320.75,92,2023-10-31,2026-02-28,2018-09-17,0,0,0,0,1870.0,61.432325886990796,0.8161577608142494,1.4975828877005348,851.0,851.0,1.0,61.77999999999997,15.720101781170476,1.0
172,Education,Department of Higher Education,"Indian Institute of Technology, Kharagpur",609019,"HEFA projects on development of student hostels, playgrounds, departmental buildings, class room complex and other campus facilities in IIT Kharagpur",500,442.0,382.6,87,2023-03-31,2026-03-31,2018-06-25,0,0,0,0,1740.0,57.16162943495401,0.7652,1.522,1096.0,1096.0,1.0,-58.0,-11.600000000000001,0.0
173,Education,Department of Higher Education,"Indian Institute of Technology, Bombay",612135,Hostel 4 -Earlier Known as Hostel 20,182,,132.44,94,2025-09-30,,,0,1,1,1,,,0.7276923076923076,,,,,,,
174,Education,Department of Higher Education,"Indian Institute of Technology, Mandi",612128,Hostel blocks & dining hall block,167,,72.09,58,2026-03-26,2026-03-26,,0,1,0,1,,,0.43167664670658684,,0.0,0.0,0.0,,,
175,Education,Department of Higher Education,"Indian Institutes of Science Education and Research, Behrampur",610315,IISER BERHAMPUR,1229,773.76,835.55,97,2021-03-31,2025-11-30,2018-10-24,0,0,0,0,889.0,29.204993429697765,0.6798616761594792,3.321349831271091,1705.0,1705.0,1.0,-455.24,-37.041497152156225,0.0
176,Education,Department of Higher Education,"Indian Institute of Technology, Kharagpur",609041,"IoE Projects [Civil Works], IIT Kharagpur",287,,310.0,86,2023-03-31,2026-12-31,,0,1,0,1,,,1.0801393728222997,,1371.0,1371.0,1.0,,,
177,Education,Department of Higher Education,Ministry of Education,612851,"Phase 1B - Construction of Academic Block, Hostel, Residential Tower, Directors Residence and External Development works at National Institute of Technology, Delhi Campus on Engineering, Procurement and Construction basis",333,,272.95,88,2025-09-30,,,0,1,1,1,,,0.8196696696696696,,,,,,,
178,Education,Department of Higher Education,"Indian Institute of Technology, Indore",611957,"Phase III A works at IIT Indore [03 Hostels, 01 Studio Apartment, 01 Housing, Heavy & Sophisticated lab complex, Academic POD and Infrastructure for center of excellence]",496,,138.6,30,2026-12-31,,,0,1,1,1,,,0.2794354838709677,,,,,,,
179,Education,Department of Higher Education,Tezpur University,606112,Tezpur University Projects,154,,288.87,93,2023-11-08,2025-08-31,2019-05-29,0,1,0,0,1624.0,53.350854139290405,1.8757792207792208,1.7431773399014778,662.0,662.0,1.0,,,
180,Electricity Generation,Ministry of Coal,NLC India Limited [NLCIL],612819,300 MW SPP part of 510 MW CPSU scheme,1813,1813.0,769.57,68,2024-09-27,2025-09-30,,0,0,0,1,,,0.4244732487589631,,368.0,368.0,1.0,0.0,0.0,0.0
181,Electricity Generation,Ministry of Coal,NLC India Limited [NLCIL],615327,50 MW Solar PP Minedout Area,218,,160.93,46,2025-03-31,2025-09-30,,0,1,0,1,,,0.7382110091743119,,183.0,183.0,1.0,,,
182,Electricity Generation,Ministry of Coal,NLC India Limited [NLCIL],617299,50 MW Wind Power Project,384,,303.5,41,2025-06-30,2026-01-31,2022-07-21,0,1,0,0,1075.0,35.31537450722733,0.7903645833333334,1.1609674418604652,215.0,215.0,1.0,,,
183,Electricity Generation,Ministry of Coal,NLC India Limited [NLCIL],400259,Ghatampur Thermal Power Plant 3 X 660 MW,17238,21780.9,20135.5,92,2020-11-26,2025-10-31,,0,0,0,1,,,1.1680879452372666,,1800.0,1800.0,1.0,4542.9000000000015,26.35398538113471,1.0
184,Electricity Generation,Ministry of Coal,NLC India Limited [NLCIL],400231,NLC Talabira Thermal Power Project,27213,,1938.68,1,2030-03-31,,,0,1,1,1,,,0.0712409510160585,,,,,,,
185,Electricity Generation,Ministry of Power,North Eastern Electric Power Corporation Limited,611699,186 MW Tato-I H E Project,1750,,102.79,2,2029-07-29,,2024-12-11,0,1,1,0,1691.0,55.55190538764783,0.05873714285714286,0.036002365464222356,,,,,,
186,Electricity Generation,Ministry of Power,North Eastern Electric Power Corporation Limited,611698,240MW Heo HE Project,1939,,49.31,3,2029-07-29,,2024-12-11,0,1,1,0,1691.0,55.55190538764783,0.025430634347601858,0.05400354819633353,,,,,,
187,Electricity Generation,Ministry of Power,Satluj Jal Vidyut Nigam [SJVN] Thermal Limited,602633,382 MW Sunni Dam HEP,2615,,495.57,0,2027-03-31,,,0,1,1,1,,,0.18951051625239004,,,,,,,
188,Electricity Generation,Ministry of Power,Satluj Jal Vidyut Nigam [SJVN] Thermal Limited,709747,Bagodara Solar Power Project,339,,317.59,51,2025-12-31,2025-12-31,2021-03-26,0,1,0,0,1741.0,57.19448094612352,0.9368436578171091,0.891694428489374,0.0,0.0,0.0,,,
189,Electricity Generation,Ministry of Power,Satluj Jal Vidyut Nigam [SJVN] Thermal Limited,709748,BIKANER SOLAR POWER PROJECT,5492,,4606.84,82,2024-04-04,2025-12-31,2021-10-04,0,1,0,0,913.0,29.993429697766096,0.8388273852876912,2.7339320920043813,636.0,636.0,1.0,,,
190,Electricity Generation,Ministry of Power,Satluj Jal Vidyut Nigam [SJVN] Thermal Limited,602579,Buxar Thermal Power Project [1320 MW],10439,13756.6,11971.0,92,2024-01-08,2025-11-30,2019-03-08,0,0,0,0,1767.0,58.04862023653088,1.1467573522368042,1.584878324844369,692.0,692.0,1.0,3317.6000000000004,31.780821917808222,1.0
191,Electricity Generation,Ministry of Power,Satluj Jal Vidyut Nigam [SJVN] Thermal Limited,602582,Dhaulasidh Hydro Electric Project [66 MW],688,1511.87,908.65,67,2025-11-05,2027-03-31,2020-10-01,0,0,0,0,1861.0,61.136662286465175,1.3207122093023256,1.095905427189683,511.0,511.0,1.0,823.8699999999999,119.7485465116279,1.0
192,Electricity Generation,Ministry of Power,National Highways & Infrastructure Development Corporation Ltd. [NHIDCL],602182,Dibang Multipurpose Project,31876,,3436.38,16,2032-02-26,2032-02-26,2023-02-27,0,1,0,0,3286.0,107.95006570302233,0.10780461789434058,0.14821667681071213,0.0,0.0,0.0,,,
193,Electricity Generation,Ministry of Power,Damodar Valley Corporation,602538,Installation of FGD for 4x210 & 2x250 MW MTPS U 1-6,1037,1106.0,1085.39,91,2024-01-22,2025-12-31,,0,0,0,1,,,1.0466634522661524,,709.0,709.0,1.0,69.0,6.653809064609451,1.0
194,Electricity Generation,Ministry of Power,THDC India Limited,602194,Khurja super Thermal Power Plant [2X660 MW],11089,13276.2,12429.0,96,2024-02-02,2025-08-31,2019-03-07,0,0,0,0,1793.0,58.90275952693823,1.1208404725403553,1.6298047964305635,576.0,576.0,1.0,2187.2000000000007,19.724050861213822,1.0
195,Electricity Generation,Ministry of Power,National Highways & Infrastructure Development Corporation Ltd. [NHIDCL],602532,Kiru HE Project,4288,,3055.87,66,2023-09-07,2026-03-24,2019-03-08,0,1,0,0,1644.0,54.007884362680684,0.71265625,1.222043795620438,929.0,929.0,1.0,,,
196,Electricity Generation,Ministry of Power,Damodar Valley Corporation,611509,"Koderma Thermal Power Station Phase II [2X800 MW] At Koderma, Jharkhand",14358,,1116.7,1,2029-03-14,,,0,1,1,1,,,0.07777545619167016,,,,,,,
197,Electricity Generation,Ministry of Power,National Highways & Infrastructure Development Corporation Ltd. [NHIDCL],605155,Kwar HE Project,4526,,1078.61,23,2026-11-10,,2022-05-10,0,1,1,0,1645.0,54.040735873850196,0.23831418471056118,0.4256048632218845,,,,,,
198,Electricity Generation,Ministry of Power,National Thermal Power Corporation [NTPC],611930,Lara Super Thermal Power Project Stage-II [2 x 800 MW],15530,,2288.0,14,2028-06-30,,2023-08-29,0,1,1,0,1767.0,58.04862023653088,0.14732775273663876,0.2411771363893605,,,,,,
199,Electricity Generation,Ministry of Power,Satluj Jal Vidyut Nigam [SJVN] Thermal Limited,602593,Luhri Stage-I Hydro Electric Project [210 MW],1811,3584.53,1742.92,51,2026-01-19,2029-08-31,2020-11-20,0,0,0,0,1886.0,61.95795006570302,0.9624075096631696,0.8231389183457053,1320.0,1320.0,1.0,1773.5300000000002,97.93097736057427,1.0
200,Electricity Generation,Ministry of Power,Satluj Jal Vidyut Nigam [SJVN] Thermal Limited,709820,OMKARESHWAR FLOATING SOLAR POWER PROJECT [90 MW],646,,0.0,0,2024-08-31,,,0,1,1,1,,,0.0,,,,,,,
201,Electricity Generation,Ministry of Power,National Highways & Infrastructure Development Corporation Ltd. [NHIDCL],602525,"Pakal Dul [Drangdhuran] Hydroelectric Project, 1000 MW",8112,,6916.1,71,2020-04-27,2026-09-28,2014-10-28,0,1,0,0,2008.0,65.9658344283837,0.8525764299802762,1.0763147410358567,2345.0,2345.0,1.0,,,
202,Electricity Generation,Ministry of Power,National Thermal Power Corporation [NTPC],400261,Patratu Thermal Power Station Expansion Project Phase-I [3x800 MW],17112,20302.0,17365.0,81,2023-03-31,2026-11-30,2017-11-30,0,0,0,0,1947.0,63.96189224704336,1.0147849462365592,1.2663790446841294,1340.0,1340.0,1.0,3190.0,18.641888733052827,1.0
203,Electricity Generation,Ministry of Power,Damodar Valley Corporation,400062,"Raghunathpur Thermal Power Station Phase II [2X660 MW] at Raghunathpur, Purulia, West Bengal",17673,,1183.7,1,2029-06-30,,,0,1,1,1,,,0.06697787585582528,,,,,,,
204,Electricity Generation,Ministry of Power,National Thermal Power Corporation [NTPC],602184,Rammam-III HEPP [3x40 MW],1382,,1266.0,45,2019-09-30,2029-03-31,2024-09-10,1,1,0,0,-1807.0,-59.36268068331143,0.9160636758321273,,3470.0,3470.0,1.0,,,
205,Electricity Generation,Ministry of Power,National Highways & Infrastructure Development Corporation Ltd. [NHIDCL],605156,Rangit-IV HE Project [120 MW] executed by Jal Power Corporation Ltd. [JPCL] -A wholly owned subsidiary of NHPC Ltd. acquired through NCLT,938,1828.11,1554.15,90,2024-05-29,2025-12-28,2021-03-30,0,0,0,0,1156.0,37.97634691195795,1.6568763326226015,2.3698961937716265,578.0,578.0,1.0,890.1099999999999,94.89445628997866,1.0
206,Electricity Generation,Ministry of Power,National Highways & Infrastructure Development Corporation Ltd. [NHIDCL],602535,"Ratle HE Project - 850 MW, Ratle Hydroelectric Power Corporation Limited.",5282,,1009.79,24,2026-02-10,2029-08-22,2021-02-11,0,1,0,0,1825.0,59.95400788436268,0.19117569102612647,0.4003068493150685,1289.0,1289.0,1.0,,,
207,Electricity Generation,Ministry of Power,National Thermal Power Corporation [NTPC],612142,"Singrauli Super Thermal Power Project, Stage-III [2x800 MW]",17195,,1626.0,8,2030-02-28,,2024-03-01,0,1,1,0,2190.0,71.94480946123521,0.09456237278278569,0.11119634703196349,,,,,,
208,Electricity Generation,Ministry of Power,National Thermal Power Corporation [NTPC],617188,"Sipat Super Thermal Power Project, Stage-III [1x800 MW]",9791,,0.0,0,2029-09-30,,2024-09-19,0,1,1,0,1837.0,60.34822601839684,0.0,0.0,,,,,,
209,Electricity Generation,Ministry of Power,National Highways & Infrastructure Development Corporation Ltd. [NHIDCL],602096,Subansiri Lower HE Project [2000 MW],6285,26075.5,24685.1,96,2010-09-08,2026-05-31,2003-09-09,0,0,0,0,2556.0,83.96846254927726,3.9276213206046138,1.1432863849765258,5744.0,5744.0,1.0,19790.5,314.884645982498,1.0
210,Electricity Generation,Ministry of Power,Satluj Jal Vidyut Nigam [SJVN] Thermal Limited,611586,Sunni Dam Hydro Electric Project [382 MW],2615,4540.71,956.76,29,2028-04-03,2028-12-31,2023-01-12,0,0,0,0,1908.0,62.680683311432325,0.3658738049713193,0.4626624737945493,272.0,272.0,1.0,1925.71,73.64091778202678,1.0
211,Electricity Generation,Ministry of Power,National Thermal Power Corporation [NTPC],602961,Talcher Thermal Power Station Stage III [2 x 660 MW] Expansion,11844,12543.0,3975.0,26,2027-05-31,2028-03-31,2022-08-25,0,0,0,0,1740.0,57.16162943495401,0.335612968591692,0.4548505747126437,305.0,305.0,1.0,699.0,5.9017223910840935,1.0
212,Electricity Generation,Ministry of Power,National Thermal Power Corporation [NTPC],602185,Tapovan-Vishnugad HEP [4x130 MW],2978,10907.3,7123.58,77,2013-03-31,2029-04-30,,0,0,0,1,,,2.392068502350571,,5874.0,5874.0,1.0,7929.299999999999,266.2625923438549,1.0
213,Electricity Generation,Ministry of Power,National Highways & Infrastructure Development Corporation Ltd. [NHIDCL],602181,"TEESTA-VI HE PROJECT, SIKKIM [500 MW], executed by LANCO TEESTA HYDRO POWER LIMITED [A wholly owned Subsidiary of NHPC LTD. acquired through NCLT]",5748,5748.04,4495.28,68,2024-03-07,2027-12-31,2019-03-08,0,0,0,0,1826.0,59.98685939553219,0.7820598469032707,1.1335815991237679,1394.0,1394.0,1.0,0.03999999999996362,0.0006958942240773072,1.0
214,Electricity Generation,Ministry of Power,THDC India Limited,602193,Tehri Pumped Storage Plant Project [4x250 MW],4826,8339.0,7939.82,98,2022-06-16,2025-11-15,2006-07-08,0,0,0,0,5822.0,191.26149802890933,1.6452175714877746,0.512387495705943,1248.0,1248.0,1.0,3513.0,72.7932034811438,1.0
215,Electricity Generation,Ministry of Power,THDC India Limited,602195,Vishnugad Pipalkoti Hydro Electric Project [444 MW],3860,6823.72,4828.89,72,2022-12-15,2027-03-31,2008-08-21,0,0,0,0,5229.0,171.78055190538765,1.2510077720207256,0.4191394148020654,1567.0,1567.0,1.0,2963.7200000000003,76.78031088082902,1.0
216,Energy Storage,Ministry of Petroleum & Natural Gas,Ministry of Petroleum & Natural Gas,604833,"Andheri Residential Towers, Mumbai",281,389.67,227.54,50,2025-05-31,2026-06-30,,0,0,0,1,,,0.8097508896797153,,395.0,395.0,1.0,108.67000000000002,38.67259786476869,1.0
217,Energy Storage,Ministry of Petroleum & Natural Gas,Ministry of Petroleum & Natural Gas,701269,"Construction of 80,000 MT LPG Cavern at Mangalore",854,854.0,712.3,99,2022-12-19,2025-08-31,,0,0,0,1,,,0.8340749414519906,,986.0,986.0,1.0,0.0,0.0,0.0
218,Energy Storage,Ministry of Petroleum & Natural Gas,Ministry of Petroleum & Natural Gas,616235,Construction of Aviation Fuel farm Facilities at Bhogapuram Airport,240,240.0,31.23,50,2026-03-31,2026-03-31,,0,0,0,1,,,0.130125,,0.0,0.0,0.0,0.0,0.0,0.0
219,Energy Storage,Ministry of Petroleum & Natural Gas,Hindustan Petroleum Corporation Limited,709754,"Construction of LPG Facilities at Kamardanga, Assam",156,156.36,49.78,39,2027-07-04,2027-07-04,,0,0,0,1,,,0.3191025641025641,,0.0,0.0,0.0,0.36000000000001364,0.2307692307692395,1.0
220,Energy Storage,Ministry of Petroleum & Natural Gas,Indian Oil Corporation Limited [IOCL],400077,"Grass root POL Terminal at Vallur, Chennai",827,887.71,619.5,85,2024-12-31,2026-03-31,,0,0,0,1,,,0.749093107617896,,455.0,455.0,1.0,60.710000000000036,7.340991535671105,1.0
221,Energy Storage,Ministry of Petroleum & Natural Gas,Indian Oil Corporation Limited [IOCL],400035,"Grass Root Rail-fed Depot at Sekerkote, Agartala as resitement of existing Dharmanagar Depot",656,656.0,465.73,84,2025-09-30,2025-09-30,,0,0,0,1,,,0.7099542682926829,,0.0,0.0,0.0,0.0,0.0,0.0
222,Energy Storage,Ministry of Petroleum & Natural Gas,Ministry of Petroleum & Natural Gas,604852,"Grass-root Terminal at Mirzapur, Uttar Pradesh",980,980.45,236.22,50,2026-11-30,2026-11-30,,0,0,0,1,,,0.2410408163265306,,0.0,0.0,0.0,0.4500000000000455,0.04591836734694341,1.0
223,Energy Storage,Ministry of Petroleum & Natural Gas,Ministry of Petroleum & Natural Gas,400012,Kandla Gorakhpur LPG Pipeline,10088,,7598.13,92,2021-12-30,2025-12-31,2018-12-31,0,1,0,0,1095.0,35.972404730617605,0.7531849722442506,2.5575159817351603,1462.0,1462.0,1.0,,,
224,Energy Storage,Ministry of Petroleum & Natural Gas,Ministry of Petroleum & Natural Gas,400043,Laying of POL Pipelines in Common Corridor for proposed grass root terminal at Vallur [Chennai],829,829.0,297.77,62,2026-05-31,2026-05-31,,0,0,0,1,,,0.3591917973462002,,0.0,0.0,0.0,0.0,0.0,0.0
225,Energy Storage,Ministry of Petroleum & Natural Gas,"Department of Water Resources, River Development & GR",400301,Multi Product Pipeline from Irugur to Devangonthi,678,1732.0,675.25,67,2017-02-25,2025-10-31,,0,0,0,1,,,0.9959439528023599,,3170.0,3170.0,1.0,1054.0,155.45722713864308,1.0
226,Energy Storage,Ministry of Petroleum & Natural Gas,Ministry of Petroleum & Natural Gas,400078,New Mundra Panipat Crude Oil Pipeline,9028,9028.0,7071.08,84,2024-12-19,2025-12-31,,0,0,0,1,,,0.7832388125830748,,377.0,377.0,1.0,0.0,0.0,0.0
227,Energy Storage,Ministry of Petroleum & Natural Gas,Ministry of Petroleum & Natural Gas,701349,Paradip-Numaligarh Crude Oil Pipeline [PNCPL] & Crude Oil Import Terminal [COIT] at Paradip,10228,11407.0,9701.95,86,2024-07-27,2025-09-30,,0,0,0,1,,,0.9485676574110287,,430.0,430.0,1.0,1179.0,11.527180289401642,1.0
228,Energy Storage,Ministry of Petroleum & Natural Gas,Hindustan Petroleum Corporation Limited [HPCL],709759,"Petrochemical evacuation marketing terminal at Barmer, Rajasthan",461,461.05,111.57,51,2026-12-06,2026-12-06,,0,0,0,1,,,0.2420173535791757,,0.0,0.0,0.0,0.05000000000001137,0.010845986984818085,1.0
229,Energy Storage,Ministry of Petroleum & Natural Gas,MinistryofPetroleumNaturalGas,701263,Rajasthan Refinery Project,43129,72937.0,59524.4,87,2022-10-31,2026-03-31,,0,0,0,1,,,1.380147928308099,,1247.0,1247.0,1.0,29808.0,69.11358946416564,1.0
230,Energy Storage,Ministry of Petroleum & Natural Gas,Bharat Petroleum Corporation Limited [BPCL],400235,"Setting up a common user Petroleum Terminal at Jammu, J&K for resitement of existing PSU OMC's Depots from Jammu City",677,676.89,518.22,77,2025-03-31,2025-09-30,,0,0,0,1,,,0.7654652880354506,,183.0,183.0,1.0,-0.11000000000001364,-0.016248153618908957,0.0
231,Energy Storage,Ministry of Petroleum & Natural Gas,Hindustan Petroleum Corporation Limited [HPCL],709755,"Setting up of new rail fed POL facility at Kamardanga, Assam",384,384.04,110.44,48,2027-07-04,2027-07-04,,0,0,0,1,,,0.28760416666666666,,0.0,0.0,0.0,0.040000000000020464,0.010416666666671997,1.0
232,Energy Storage,Ministry of Petroleum & Natural Gas,Ministry of Petroleum & Natural Gas,701343,Srikakulam Angul Gas Pipeline Project,2658,2810.0,2192.68,94,2022-07-22,2025-12-31,,0,0,0,1,,,0.824936042136945,,1258.0,1258.0,1.0,152.0,5.718585402558315,1.0
233,Healthcare,Ministry of Health & Family Welfare,Ministry of Health & Family Welfare,701171,AIIMS Bibinagar,1028,1365.95,792.24,83,2022-09-30,2025-12-31,2018-12-17,0,0,0,0,1383.0,45.43363994743758,0.7706614785992218,1.8268402024584238,1188.0,1188.0,1.0,337.95000000000005,32.87451361867705,1.0
234,Healthcare,Ministry of Health & Family Welfare,Central Public Works Department [CPWD],701167,AIIMS Kashmir at Awantipora Jammu & Kashmir,1828,1828.0,1504.91,65,2025-01-31,2025-12-02,2019-01-10,0,0,0,0,2213.0,72.70039421813404,0.8232549234135668,0.8940804338002711,305.0,305.0,1.0,0.0,0.0,0.0
235,Healthcare,Ministry of Health & Family Welfare,Ministry of Health & Family Welfare,701173,AIIMS Majra Rewari Haryana,1299,,349.41,28,2023-02-27,2026-12-31,,0,1,0,1,,,0.2689838337182448,,1403.0,1403.0,1.0,,,
236,Healthcare,"Ministry of Ports, Shipping and Waterways",Mumbai Port Trust [MPT],708662,Establishment of 600 bed super specialty hospital with optional development of Medical college and further expansion on PPP basis.,693,693.0,58.0,0,2026-06-30,2027-12-31,2019-08-13,0,0,0,0,2513.0,82.55584756898817,0.0836940836940837,0.0,549.0,549.0,1.0,0.0,0.0,0.0
237,Inland Waterways,Ministry of Housing & Urban Affairs,Chennai Metro Rail Limited [CMRL],702668,Chennai Metro Rail Phase-II Development Project,63246,,47162.7,0,2029-08-31,,2024-10-18,0,1,1,0,1778.0,58.40998685939553,0.7457024950194479,0.0,,,,,,
238,Inland Waterways,"Ministry of Ports, Shipping and Waterways",Deendayal Port Trust [DPT],609424,"Development of Container Terminal at Tuna-Tekra, Deendayal Port on BOT Basis Under PPP Mode",4244,,346.2,10,2026-12-26,,,0,1,1,1,,,0.08157398680490104,,,,,,,
239,Inland Waterways,"Ministry of Ports, Shipping and Waterways",Inland Waterways Authority of India [IWAI],701565,Jal Marg Vikas Project,5369,5061.15,3432.34,70,2023-12-31,2025-12-31,2018-01-03,0,0,0,0,2188.0,71.87910643889619,0.6392885081020675,0.9738574040219379,731.0,731.0,1.0,-307.85000000000036,-5.73384242875769,0.0
240,Inland Waterways,Ministry of Railways,East Coast Railway [ECoR] - II,705515,3rd & 4th Railway Line Project from Salegaon to Budhapank via Rajathgarh.,1173,2092.0,1971.0,80,2026-03-31,2026-03-31,2013-07-11,0,0,0,0,4646.0,152.6281208935611,1.680306905370844,0.5241498062849764,0.0,0.0,0.0,919.0,78.3461210571185,1.0
241,Inland Waterways,Ministry of Railways,East Coast Railway [ECoR] - II,705742,Jeypore-Malkanagiri New Railway Line Project,2344,2344.0,196.75,8,2033-07-31,2033-07-31,2018-02-18,0,0,0,0,5642.0,185.34822601839684,0.08393771331058021,0.04316199929103155,0.0,0.0,0.0,0.0,0.0,0.0
242,Inland Waterways,Ministry of Railways,East Coast Railway [ECoR] - II,705741,Jeypore-Navarangpur New Rail Line Project,748,748.0,10.43,1,2028-07-31,2029-12-31,2017-07-04,0,0,0,0,4045.0,132.8843626806833,0.013943850267379678,0.007525339925834365,518.0,518.0,1.0,0.0,0.0,0.0
243,Metals & Mining,Ministry of Mines,National Aluminium Company Limited [NALCO],709832,25.5 MW WIND POWER PROJECT AT KAYATHAR IN TAMILNADU,166,,135.0,65,2025-03-31,2026-03-31,2017-09-27,0,1,0,0,2742.0,90.07884362680683,0.8132530120481928,0.7215900802334063,365.0,365.0,1.0,,,
244,Metals & Mining,Ministry of Mines,Ministry of Mines,709830,CONVERSION OF FLAT BOTTOM SETTLERS AND WASHERS WITH A SINGLE TRAIN OF HRDS AND DCWS IN STREAMS 1 AND,355,581.0,0.0,0,2026-11-30,,,0,0,1,1,,,0.0,,,,,226.0,63.66197183098592,1.0
245,Metals & Mining,Ministry of Mines,National Aluminium Company Limited [NALCO],400141,Expansion of Alumina Refinery Plant with addition of 5th Stream having capacity enhancement of 1.0 Million Tonee Per Annum,4103,5677.4,3913.98,75,2022-12-31,2025-09-30,2017-04-21,0,0,0,0,2080.0,68.3311432325887,0.9539312698025835,1.0975961538461538,1004.0,1004.0,1.0,1574.3999999999996,38.371922983183026,1.0
246,Metals & Mining,Ministry of Mines,Hindustan Copper Limited [HCL],400426,Expansion of Malanjkhand Copper Project,1856,,924.98,79,2020-04-30,2026-04-30,2011-09-30,0,1,0,0,3135.0,102.98948751642575,0.4983728448275862,0.7670685805422648,2191.0,2191.0,1.0,,,
247,Metals & Mining,Ministry of Mines,National Aluminium Company Limited [NALCO],400299,Pottangi Bauxite Mines Project,1381,1960.77,650.04,51,2025-03-31,2026-05-31,2018-05-14,0,0,0,0,2513.0,82.55584756898817,0.4707023895727733,0.6177636291285317,426.0,426.0,1.0,579.77,41.981897175959446,1.0
248,Metals & Mining,Ministry of Mines,Hindustan Copper Limited [HCL],611798,Rakha Underground Mining Project,2705,,0.0,0,2033-03-31,,2022-12-16,0,1,1,0,3758.0,123.45597897503285,0.0,0.0,,,,,,
249,Metals & Mining,Ministry of Mines,National Aluminium Company Limited [NALCO],709831,SOURCING OF BAUXITE ARRANGEMENT FOR 5TH STREAM ALUMINA REFINERY FROM SOUTH BLOCK MINING LEASE OF PANCHPATMAILI MINES,483,,403.44,90,2025-05-31,2026-06-30,2017-11-11,0,1,0,0,2758.0,90.60446780551905,0.8352795031055901,0.9933284989122553,395.0,395.0,1.0,,,
250,Metals & Mining,Ministry of Mines,Hindustan Copper Limited [HCL],611800,Surda Underground Copper Mining Project,665,,13.33,1,2028-03-31,,2022-02-12,0,1,1,0,2239.0,73.5545335085414,0.020045112781954887,0.013595355069227332,,,,,,
251,Metals & Mining,Ministry of Mines,National Aluminium Company Limited [NALCO],709829,UTKAL D AND E COAL BLOCK,1022,,0.0,0,2025-03-31,,,0,1,1,1,,,0.0,,,,,,,
252,Metals & Mining,Ministry of Steel,National Mineral Development Corporation Limited [NMDC],615202,Capacity expansion of Deposit-14 and 14 NMZ at Kirandul,1700,1756.2,65.44,2,2028-12-31,2028-03-27,2021-08-12,1,0,0,0,2698.0,88.63337713534823,0.038494117647058824,0.0225648628613788,-279.0,-279.0,0.0,56.200000000000045,3.3058823529411794,1.0
253,Oil & Gas,Ministry of Petroleum & Natural Gas,Hindustan Petroleum Corporation Limited [HPCL],400171,2G Ethanol Biorefinery at Bathinda,1421,1421.46,1180.91,95,2023-02-18,2026-03-31,,0,0,0,1,,,0.8310415200562984,,1137.0,1137.0,1.0,0.4600000000000364,0.032371569317384684,1.0
254,Oil & Gas,Ministry of Petroleum & Natural Gas,Ministry of Petroleum & Natural Gas,400168,"500 KTA PDHPP Project, Usar",8797,11256.0,6768.36,85,2025-04-08,2025-10-31,,0,0,0,1,,,0.7693941116289644,,206.0,206.0,1.0,2459.0,27.95271115152893,1.0
255,Oil & Gas,Ministry of Petroleum & Natural Gas,Bharat Petroleum Corporation Limited [BPCL],709801,71 MWp [DC] Solar power project at Prayagraj,308,,183.37,95,2025-08-02,,2024-02-02,0,1,1,0,547.0,17.969776609724047,0.5953571428571429,5.286654478976234,,,,,,
256,Oil & Gas,Ministry of Petroleum & Natural Gas,Ministry of Petroleum & Natural Gas,604792,"Assam Bio Refinery, ABRPL",1750,4200.0,4650.0,99,2021-09-30,2025-07-31,,0,0,0,1,,,2.657142857142857,,1400.0,1400.0,1.0,2450.0,140.0,1.0
257,Oil & Gas,Ministry of Petroleum & Natural Gas,Indian Oil Corporation Limited [IOCL],709782,ATF Pipeline from Jawaharlal Nehru Port Trust to Navi Mumbai International Airport,165,165.0,89.94,72,2025-08-21,2026-03-31,,0,0,0,1,,,0.5450909090909091,,222.0,222.0,1.0,0.0,0.0,0.0
258,Oil & Gas,Ministry of Petroleum & Natural Gas,MinistryofPetroleumNaturalGas,709786,"Augmentation/ Revamping of Dimapur Depot, Dimapur",228,227.62,9.01,20,2027-11-30,2027-11-30,,0,0,0,1,,,0.039517543859649125,,0.0,0.0,0.0,-0.37999999999999545,-0.1666666666666647,0.0
259,Oil & Gas,Ministry of Petroleum & Natural Gas,MinistryofPetroleumNaturalGas,709776,Augmentation/Revamping of Facilities at existing Guwahati Terminal at Betkuchi,277,323.09,185.18,67,2026-09-30,2026-09-30,,0,0,0,1,,,0.6685198555956678,,0.0,0.0,0.0,46.089999999999975,16.63898916967508,1.0
260,Oil & Gas,Ministry of Petroleum & Natural Gas,Ministry of Petroleum & Natural Gas,701324,Barauni Refinery Capacity Expansion from 6.0 to 9.0 MMTPA,14810,16724.0,11728.0,87,2023-04-30,2026-08-31,,0,0,0,1,,,0.7918973666441593,,1219.0,1219.0,1.0,1914.0,12.923700202565833,1.0
261,Oil & Gas,Ministry of Petroleum & Natural Gas,Ministry of Petroleum and Natural Gas,612998,Bathinda Sangrur Pipeline,367,397.0,339.19,93,2024-05-01,2025-08-31,,0,0,0,1,,,0.9242234332425068,,487.0,487.0,1.0,30.0,8.174386920980927,1.0
262,Oil & Gas,Ministry of Petroleum & Natural Gas,Ministry of Petroleum & Natural Gas,709850,Borholla GGS Life Extension Project [BLEP],199,198.7,36.78,29,2026-05-16,2026-05-16,,0,0,0,1,,,0.1848241206030151,,0.0,0.0,0.0,-0.30000000000001137,-0.1507537688442268,0.0
263,Oil & Gas,Ministry of Petroleum & Natural Gas,MinistryofPetroleumNaturalGas,709779,Capacity Expansion of Digboi Refinery from 0.65 to 1.0 MMTPA,768,740.0,99.02,35,2026-03-08,2026-03-08,,0,0,0,1,,,0.12893229166666667,,0.0,0.0,0.0,-28.0,-3.6458333333333335,0.0
264,Oil & Gas,Ministry of Petroleum & Natural Gas,Ministry of Petroleum & Natural Gas,701289,Capacity Expansion of Panipat Refinery from 15 to 25 MMTPA,34627,36225.0,23977.5,88,2024-09-30,2025-12-31,,0,0,0,1,,,0.6924509775608629,,457.0,457.0,1.0,1598.0,4.61489589049008,1.0
265,Oil & Gas,Ministry of Petroleum & Natural Gas,Chennai Petroleum Corporation Limited [CPCL],604795,CBR 9 MMTPA Project,31580,36354.0,1342.27,10,2025-06-02,2028-10-31,,0,0,0,1,,,0.04250379987333756,,1247.0,1247.0,1.0,4774.0,15.117162761241293,1.0
266,Oil & Gas,Ministry of Petroleum & Natural Gas,Hindustan Petroleum Corporation Limited,709757,"CGD Project in Banka, Dumka, Godda, Jamtara, Pakur, Sahibganj GA ID 11A.02",1377,1377.0,329.43,26,2030-06-30,2030-06-30,,0,0,0,1,,,0.23923747276688453,,0.0,0.0,0.0,0.0,0.0,0.0
267,Oil & Gas,Ministry of Petroleum & Natural Gas,Hindustan Petroleum Corporation Limited,709758,"CGD Project in Malda, Birbhum, Murshidabad, Dakshin Dinajpur GA ID 11A.03",2628,2628.0,332.52,26,2030-06-30,2030-06-30,,0,0,0,1,,,0.1265296803652968,,0.0,0.0,0.0,0.0,0.0,0.0
268,Oil & Gas,Ministry of Petroleum & Natural Gas,Ministry of Petroleum & Natural Gas,701338,City Gas Distribution Maharashtra Natural Gas Limited,5535,5535.0,3836.09,0,2031-06-08,2031-06-08,,0,0,0,1,,,0.6930605239385728,,0.0,0.0,0.0,0.0,0.0,0.0
269,Oil & Gas,Ministry of Petroleum & Natural Gas,MinistryofPetroleumNaturalGas,709771,"City Gas Distribution Project at Beed, Jalgaon and Jalna Districts",865,865.0,68.01,2,2031-09-30,2031-09-30,,0,0,0,1,,,0.0786242774566474,,0.0,0.0,0.0,0.0,0.0,0.0
270,Oil & Gas,Ministry of Petroleum & Natural Gas,MinistryofPetroleumNaturalGas,709768,City Gas Distribution Project at Dharmapuri and Krishnagiri Districts,501,501.0,111.55,5,2030-12-31,2030-12-31,,0,0,0,1,,,0.22265469061876247,,0.0,0.0,0.0,0.0,0.0,0.0
271,Oil & Gas,Ministry of Petroleum & Natural Gas,MinistryofPetroleumNaturalGas,709772,"City Gas Distribution Project at East Mednipore, West Mednipore & Jhargram Districts",609,609.0,58.15,2,2031-06-30,2031-06-30,,0,0,0,1,,,0.09548440065681445,,0.0,0.0,0.0,0.0,0.0,0.0
272,Oil & Gas,Ministry of Petroleum & Natural Gas,MinistryofPetroleumNaturalGas,709773,"City Gas Distribution Project at Jammu, Udhampur, Reasi, Samba and Kathua Districts",538,538.0,4.09,0,2032-03-31,2032-03-31,,0,0,0,1,,,0.007602230483271375,,0.0,0.0,0.0,0.0,0.0,0.0
273,Oil & Gas,Ministry of Petroleum & Natural Gas,Ministry of Petroleum & Natural Gas,617303,"City Gas Distribution Project at Khagaria, Saharsa and Madhepura",163,163.0,95.54,40,2030-03-31,2030-03-31,,0,0,0,1,,,0.5861349693251534,,0.0,0.0,0.0,0.0,0.0,0.0
274,Oil & Gas,Ministry of Petroleum & Natural Gas,MinistryofPetroleumNaturalGas,709766,"City Gas Distribution Project at Kurnool, Guntur & Prakasam Districts",1420,1420.0,162.47,6,2030-03-31,2030-03-31,,0,0,0,1,,,0.11441549295774647,,0.0,0.0,0.0,0.0,0.0,0.0
275,Oil & Gas,Ministry of Petroleum & Natural Gas,MinistryofPetroleumNaturalGas,709770,City Gas Distribution Project at Pathankot District,151,151.0,8.77,2,2033-09-30,2033-09-30,,0,0,0,1,,,0.058079470198675494,,0.0,0.0,0.0,0.0,0.0,0.0
276,Oil & Gas,Ministry of Petroleum & Natural Gas,Bharat Petroleum Corporation Limited [BPCL],709791,City Gas Distribution Projects at Alipurduar and Cooch Behar,1017,1017.0,176.15,32,2030-03-31,2030-03-31,,0,0,0,1,,,0.1732055063913471,,0.0,0.0,0.0,0.0,0.0,0.0
277,Oil & Gas,Ministry of Petroleum & Natural Gas,Bharat Petroleum Corporation Limited [BPCL],709792,"City Gas Distribution Projects at Darbhanga, Madhubani, Supaul, Sitamarhi and Sheohar districts",3638,3638.0,396.42,21,2030-03-31,2030-03-31,,0,0,0,1,,,0.10896646509070919,,0.0,0.0,0.0,0.0,0.0,0.0
278,Oil & Gas,Ministry of Petroleum & Natural Gas,Bharat Petroleum Corporation Limited [BPCL],709794,"City Gas Distribution Projects at Fazilka [except area already authorized], Ganganagar and Hanumangarh districts",3207,3207.0,334.82,22,2030-06-30,2030-06-30,,0,0,0,1,,,0.1044028687246648,,0.0,0.0,0.0,0.0,0.0,0.0
279,Oil & Gas,Ministry of Petroleum & Natural Gas,Bharat Petroleum Corporation Limited [BPCL],709793,"City Gas Distribution Projects at Gopalganj, Siwan, West Champaran, East Champaran and Deoria districts",3919,3919.0,392.59,14,2030-06-30,2030-06-30,,0,0,0,1,,,0.10017606532278642,,0.0,0.0,0.0,0.0,0.0,0.0
280,Oil & Gas,Ministry of Petroleum & Natural Gas,Bharat Petroleum Corporation Limited [BPCL],709795,"City Gas Distribution Projects at Lakhimpur Kheri , Sitapur, Bahraich, Shravasti,Balrampur, Siddharth Nagar & Maharajganj districts",16654,16654.0,603.21,9,2030-06-30,2030-06-30,,0,0,0,1,,,0.03622012729674553,,0.0,0.0,0.0,0.0,0.0,0.0
281,Oil & Gas,Ministry of Petroleum & Natural Gas,Bharat Petroleum Corporation Limited [BPCL],709796,City Gas Distribution Projects at the Nilgiris and Erode districts,3685,3685.0,234.12,11,2030-03-31,2030-03-31,,0,0,0,1,,,0.06353324287652647,,0.0,0.0,0.0,0.0,0.0,0.0
282,Oil & Gas,Ministry of Petroleum & Natural Gas,Oil and Natural Gas Corporation Limited [ONGC],709838,Commercial Polymer Flooding Project in Bechraji field,621,621.4,137.71,21,2024-11-30,2025-11-30,,0,0,0,1,,,0.22175523349436393,,365.0,365.0,1.0,0.39999999999997726,0.06441223832527813,1.0
283,Oil & Gas,Ministry of Petroleum & Natural Gas,MinistryofPetroleumNaturalGas,709780,Construction of Additional Tankages and Allied Facilities at JNPT Terminal,341,436.14,279.19,50,2026-08-31,2026-08-31,,0,0,0,1,,,0.8187390029325513,,0.0,0.0,0.0,95.13999999999999,27.90029325513196,1.0
284,Oil & Gas,Ministry of Petroleum & Natural Gas,Ministry of Petroleum & Natural Gas,616858,"Construction of Field Gas Gathering Station at Baghjan area for collection, processing & transportation of natural Gas to be produced from Baghjan Field",431,430.76,326.12,85,2024-03-31,2025-12-31,,0,0,0,1,,,0.7566589327146171,,640.0,640.0,1.0,-0.2400000000000091,-0.055684454756382624,0.0
285,Oil & Gas,Ministry of Petroleum & Natural Gas,Ministry of Petroleum & Natural Gas,610985,Construction of lube oil blending plant at Rasayani,423,526.26,287.49,78,2023-12-31,2025-12-31,,0,0,0,1,,,0.6796453900709221,,731.0,731.0,1.0,103.25999999999999,24.411347517730494,1.0
286,Oil & Gas,Ministry of Petroleum & Natural Gas,Oil and Natural Gas Corporation Limited [ONGC],709837,"Creation of Gas Dehydration Facilities, Tripura Asset",209,131.51,65.97,62,2024-05-31,2025-12-31,,0,0,0,1,,,0.31564593301435406,,579.0,579.0,1.0,-77.49000000000001,-37.076555023923454,0.0
287,Oil & Gas,Ministry of Petroleum & Natural Gas,MinistryofPetroleumNaturalGas,709800,"CUF POL Depot at Sadashibpur [Meramundali], Odisha",394,393.54,100.39,43,2026-03-31,2026-03-31,,0,0,0,1,,,0.2547969543147208,,0.0,0.0,0.0,-0.45999999999997954,-0.11675126903552781,0.0
288,Oil & Gas,Ministry of Petroleum & Natural Gas,Oil and Natural Gas Corporation Limited [ONGC],709839,Daman Upside Development Project,4144,6406.9,3770.15,83,2025-10-31,2026-02-28,,0,0,0,1,,,0.9097852316602317,,120.0,120.0,1.0,2262.8999999999996,54.60666023166022,1.0
289,Oil & Gas,Ministry of Petroleum & Natural Gas,NRL,709864,DCU Revamp Project,370,370.0,249.41,57,2024-07-17,2025-10-31,,0,0,0,1,,,0.6740810810810811,,471.0,471.0,1.0,0.0,0.0,0.0
290,Oil & Gas,Ministry of Petroleum & Natural Gas,"Department of Water Resources, River Development & GR",400158,Debottlenecking and Augmentation of Cryogenic facilities at Uran LPG Import Terminal,1165,1629.86,901.73,84,2024-02-29,2025-12-31,,0,0,0,1,,,0.7740171673819742,,671.0,671.0,1.0,464.8599999999999,39.902145922746776,1.0
291,Oil & Gas,Ministry of Petroleum & Natural Gas,Ministry of Petroleum & Natural Gas,616879,Demo Bio-ATF Project,364,364.0,22.82,10,2027-01-16,2027-01-16,,0,0,0,1,,,0.0626923076923077,,0.0,0.0,0.0,0.0,0.0,0.0
292,Oil & Gas,Ministry of Petroleum & Natural Gas,Oil and Natural Gas Corporation Limited [ONGC],610984,Development of Jharia CBM Block [Phase-1],431,431.0,211.34,58,2024-01-21,2025-08-31,,0,0,0,1,,,0.49034802784222736,,588.0,588.0,1.0,0.0,0.0,0.0
293,Oil & Gas,Ministry of Petroleum & Natural Gas,Ministry of Petroleum & Natural Gas,604863,Development of Surface Facilities for production and evacuation of Crude Oil and Natural Gas from Nadua and East Khagorija,683,726.93,488.37,94,2020-02-29,2025-12-31,,0,0,0,1,,,0.7150366032210834,,2132.0,2132.0,1.0,43.92999999999995,6.431918008784766,1.0
294,Oil & Gas,Ministry of Petroleum & Natural Gas,Ministry of Petroleum & Natural Gas,701344,Dhamra Haldia Pipeline Project,1031,1125.0,853.7,87,2022-11-07,2025-12-31,,0,0,0,1,,,0.8280310378273521,,1150.0,1150.0,1.0,94.0,9.117361784675072,1.0
295,Oil & Gas,Ministry of Petroleum & Natural Gas,Ministry of Petroleum & Natural Gas,617302,Durgapur - Haldia Pipeline [Section-3B of JHBDPL Project],1740,2493.15,2237.5,90,2020-12-31,2025-12-31,,0,0,0,1,,,1.285919540229885,,1826.0,1826.0,1.0,753.1500000000001,43.2844827586207,1.0
296,Oil & Gas,Ministry of Petroleum & Natural Gas,MinistryofPetroleumNaturalGas,709798,Ethylene Cracker Project at Bina Refinery including downstream Petrochemical Plants and expansion of Refinery,43367,43367.0,1788.6,13,2028-05-31,2028-05-31,,0,0,0,1,,,0.04124334171143957,,0.0,0.0,0.0,0.0,0.0,0.0
297,Oil & Gas,Ministry of Petroleum & Natural Gas,Gas Authority of India Limited [GAIL],612853,Gurdaspur Jammu Pipeline,522,521.9,190.1,36,2026-07-11,2026-07-11,,0,0,0,1,,,0.36417624521072794,,0.0,0.0,0.0,-0.10000000000002274,-0.01915708812260972,0.0
298,Oil & Gas,Ministry of Petroleum & Natural Gas,Ministry of Petroleum & Natural Gas,607701,"Guwahati Refinery Expansion [1.0 to 1.2 MMTPA] along with installation of CRU, Guwahati Refinery",412,577.0,430.83,84,2023-10-31,2026-05-31,,0,0,0,1,,,1.0457038834951455,,943.0,943.0,1.0,165.0,40.04854368932039,1.0
299,Oil & Gas,Ministry of Petroleum & Natural Gas,Hindustan Petroleum Corporation Limited,709753,Haldia Panagarh Pipeline Project,1010,1010.0,627.12,81,2025-11-08,2025-11-08,,0,0,0,1,,,0.6209108910891089,,0.0,0.0,0.0,0.0,0.0,0.0
300,Oil & Gas,Ministry of Petroleum & Natural Gas,Hindustan Petroleum Corporation Limited,709760,HP TDAE Unit in Mumbai Refinery,240,240.0,34.4,37,2026-04-19,2026-04-19,,0,0,0,1,,,0.14333333333333334,,0.0,0.0,0.0,0.0,0.0,0.0
301,Oil & Gas,Ministry of Petroleum & Natural Gas,Hindustan Petroleum Corporation Limited,709761,HP Trijet Unit in Visakh Refinery,193,193.0,0.43,23,2027-07-28,2027-07-28,,0,0,0,1,,,0.002227979274611399,,0.0,0.0,0.0,0.0,0.0,0.0
302,Oil & Gas,Ministry of Petroleum & Natural Gas,Hindustan Petroleum Corporation Limited,709752,HP-COAT [Crude to Olefins and Aromatics Technology] demo unit at Visakh Refinery,160,220.0,77.06,64,2024-06-30,2026-03-31,,0,0,0,1,,,0.481625,,639.0,639.0,1.0,60.0,37.5,1.0
303,Oil & Gas,Ministry of Petroleum & Natural Gas,Ministry of Petroleum & Natural Gas,604853,"Indian Oil Technology Development and Deployment Centre at R&D Campus-II, Faridabad",2282,3200.0,1800.61,63,2022-12-31,2026-03-02,,0,0,0,1,,,0.7890490797546011,,1157.0,1157.0,1.0,918.0,40.22787028921998,1.0
304,Oil & Gas,Ministry of Petroleum & Natural Gas,MinistryofPetroleumNaturalGas,709777,Installation of Bitumen Manufacturing Unit along with allied facilities at Barauni Refinery,389,340.0,46.94,37,2025-04-30,2026-10-31,,0,0,0,1,,,0.12066838046272493,,549.0,549.0,1.0,-49.0,-12.596401028277635,0.0
305,Oil & Gas,Ministry of Petroleum & Natural Gas,Bharat Petroleum Corporation Limited [BPCL],709789,Installation of Independent De- Aromatized Solvents [DAS] production facilities at MR,405,343.0,201.28,84,2025-07-31,2025-12-31,,0,0,0,1,,,0.4969876543209877,,153.0,153.0,1.0,-62.0,-15.308641975308642,0.0
306,Oil & Gas,Ministry of Petroleum & Natural Gas,MinistryofPetroleumNaturalGas,709783,"Installation of Multiple Effect Evaporator [MEE] for ETP-1, 2 & 4 of Panipat Refinery and Petrochemical Complex.",165,247.69,129.27,70,2023-06-30,2026-06-30,,0,0,0,1,,,0.7834545454545455,,1096.0,1096.0,1.0,82.69,50.11515151515151,1.0
307,Oil & Gas,Ministry of Petroleum & Natural Gas,MinistryofPetroleumNaturalGas,709778,Installation of new Biturox Unit along with allied facilities at Gujarat Refinery,328,287.0,144.16,55,2025-08-08,2026-09-30,,0,0,0,1,,,0.4395121951219512,,418.0,418.0,1.0,-41.0,-12.5,0.0
308,Oil & Gas,Ministry of Petroleum & Natural Gas,Ministry of Petroleum & Natural Gas,709851,Integrated Development of 4 Contract Areas under DSF-II,6184,6183.79,360.0,17,2027-04-30,2027-04-30,,0,0,0,1,,,0.05821474773609314,,0.0,0.0,0.0,-0.21000000000003638,-0.0033958602846060216,0.0
309,Oil & Gas,Ministry of Petroleum & Natural Gas,Ministry of Petroleum & Natural Gas,604859,Integrated Para Xylene [PX] and Purified Terephthalic Acid [PTA] Project at Paradip Refinery,13805,11783.0,8250.46,90,2024-01-31,2026-08-31,,0,0,0,1,,,0.5976428830134008,,943.0,943.0,1.0,-2022.0,-14.646867077145961,0.0
310,Oil & Gas,Ministry of Petroleum & Natural Gas,Oil and Natural Gas Corporation Limited [ONGC],709842,"Kalol Redevelopment Project, Ahmedabad Asset",1487,1487.41,776.61,61,2027-03-31,2027-03-31,,0,0,0,1,,,0.52226630800269,,0.0,0.0,0.0,0.41000000000008185,0.027572293207806447,1.0
311,Oil & Gas,Ministry of Petroleum & Natural Gas,Oil and Natural Gas Corporation Limited [ONGC],400120,KG-DWN-98/2 Cluster - II Development Project - NELP Block,34012,34012.0,35498.3,96,2020-06-30,2026-06-30,,0,0,0,1,,,1.043699282606139,,2191.0,2191.0,1.0,0.0,0.0,0.0
312,Oil & Gas,Ministry of Petroleum & Natural Gas,Ministry of Petroleum & Natural Gas,701228,Kochi - Koottanad - Bangalore - Mangalore Pipeline Phase-II,2915,5909.0,4431.9,94,2012-12-31,2025-12-31,,0,0,0,1,,,1.520377358490566,,4748.0,4748.0,1.0,2994.0,102.71012006861065,1.0
313,Oil & Gas,Ministry of Petroleum & Natural Gas,MinistryofPetroleumNaturalGas,709785,Laying of Natural Gas Pipeline from Hazaribagh to Ranchi [HRPL],202,202.07,55.46,45,2026-02-08,2026-02-08,,0,0,0,1,,,0.2745544554455446,,0.0,0.0,0.0,0.06999999999999318,0.03465346534653128,1.0
314,Oil & Gas,Ministry of Petroleum & Natural Gas,Chennai Petroleum Corporation Limited [CPCL],709750,Laying of new 28 inch Desal Water Pipeline and 10 inch Reject Water Pipeline between CPCL Manali Refinery and CPCL Desalination plant at Ennore,205,205.0,19.86,39,2025-09-21,2025-12-31,,0,0,0,1,,,0.09687804878048781,,101.0,101.0,1.0,0.0,0.0,0.0
315,Oil & Gas,Ministry of Petroleum & Natural Gas,Oil and Natural Gas Corporation Limited [ONGC],400119,Life Extension of 48 well platforms of Mumbai High & Heera Fields,3191,3375.9,3074.01,89,2018-04-30,2025-12-31,,0,0,0,1,,,0.963337511751802,,2802.0,2802.0,1.0,184.9000000000001,5.794421811344409,1.0
316,Oil & Gas,Ministry of Petroleum & Natural Gas,Ministry of Petroleum and Natural Gas,616933,Lube Modernization & Bottom Upgradation Project at Mumbai Refinery,4679,4679.0,188.88,4,2028-03-16,2028-03-16,,0,0,0,1,,,0.040367599914511644,,0.0,0.0,0.0,0.0,0.0,0.0
317,Oil & Gas,Ministry of Petroleum & Natural Gas,Ministry of Petroleum & Natural Gas,701330,Mehsana-Bhatinda & Bhatinda-Jammu Natural Gas Pipeline,7392,7392.0,6304.0,90,2024-06-30,2025-12-31,,0,0,0,1,,,0.8528138528138528,,549.0,549.0,1.0,0.0,0.0,0.0
318,Oil & Gas,Ministry of Petroleum & Natural Gas,Ministry of Petroleum & Natural Gas,709848,MHN TCPP PGC BGC Project [MTPBP],2329,2354.23,820.24,48,2026-05-19,2026-05-19,,0,0,0,1,,,0.3521854873336196,,0.0,0.0,0.0,25.230000000000018,1.0832975525976822,1.0
319,Oil & Gas,Ministry of Petroleum & Natural Gas,Ministry of Petroleum & Natural Gas,701341,Multi-product Pipeline from Krishnapatnam Coastal Installation to the proposed Installation at Hyderabad [Malkapur],1932,2208.0,1552.37,98,2025-03-31,2025-08-31,,0,0,0,1,,,0.8035041407867495,,153.0,153.0,1.0,276.0,14.285714285714285,1.0
320,Oil & Gas,Ministry of Petroleum & Natural Gas,Ministry of Petroleum & Natural Gas,701354,Mumbai Nagpur Jharsuguda Pipeline Project,7844,8255.0,6495.6,95,2023-05-14,2025-09-30,,0,0,0,1,,,0.8280979092299847,,870.0,870.0,1.0,411.0,5.239673635900051,1.0
321,Oil & Gas,Ministry of Petroleum & Natural Gas,Ministry of Petroleum & Natural Gas,701346,North East Gas Grid,9265,9265.0,6375.02,85,2024-03-31,2026-03-31,,0,0,0,1,,,0.6880755531570427,,730.0,730.0,1.0,0.0,0.0,0.0
322,Oil & Gas,Ministry of Petroleum & Natural Gas,Ministry of Petroleum & Natural Gas,604791,Numaligarh Refinery Expansion Project,12366,22494.0,16502.4,75,2024-07-27,2025-12-31,,0,0,0,1,,,1.3344978165938866,,522.0,522.0,1.0,10128.0,81.90198932557011,1.0
323,Oil & Gas,Ministry of Petroleum & Natural Gas,Oil and Natural Gas Corporation Limited [ONGC],709841,Old Pipe Line Replacement [OPRP] Group-A,173,169.84,148.0,87,2025-07-18,2026-03-17,,0,0,0,1,,,0.8554913294797688,,242.0,242.0,1.0,-3.1599999999999966,-1.8265895953757205,0.0
324,Oil & Gas,Ministry of Petroleum & Natural Gas,Oil and Natural Gas Corporation Limited [ONGC],709846,Part Replacement Pipeline Project [PRPP],1219,1145.1,745.24,90,2024-05-15,2025-11-30,,0,0,0,1,,,0.6113535684987695,,564.0,564.0,1.0,-73.90000000000009,-6.062346185397875,0.0
325,Oil & Gas,Ministry of Petroleum & Natural Gas,Ministry of Petroleum & Natural Gas,701329,Petrochemical and Lube Integration Project at Gujarat Refinery,18936,17825.0,12190.1,83,2024-08-31,2025-12-31,,0,0,0,1,,,0.6437526404731728,,487.0,487.0,1.0,-1111.0,-5.867131389945078,0.0
326,Oil & Gas,Ministry of Petroleum & Natural Gas,Ministry of Petroleum & Natural Gas,709847,Pipeline Network Project Rudrasagar,345,344.99,210.89,46,2026-04-27,2026-04-27,,0,0,0,1,,,0.6112753623188405,,0.0,0.0,0.0,-0.009999999999990905,-0.002898550724635045,0.0
327,Oil & Gas,Ministry of Petroleum & Natural Gas,Bharat Petroleum Corporation Limited [BPCL],709797,POL & LOBS Installations with Receipt Pipelines at Rasayani,2585,2585.0,564.58,58,2026-05-31,2026-05-31,,0,0,0,1,,,0.21840618955512575,,0.0,0.0,0.0,0.0,0.0,0.0
328,Oil & Gas,Ministry of Petroleum & Natural Gas,Indian Oil Corporation Limited [IOCL],611917,Poly Butadiene Rubber plant at Panipat,1459,2531.44,1043.9,70,2025-03-31,2026-06-30,,0,0,0,1,,,0.7154900616860864,,456.0,456.0,1.0,1072.44,73.50514050719671,1.0
329,Oil & Gas,Ministry of Petroleum & Natural Gas,NRL,709865,Power Recovery Turbine [PRT] in PFCCU unit as an Energy Conservation Scheme,294,293.5,97.22,93,2024-12-31,2025-10-31,,0,0,0,1,,,0.33068027210884354,,304.0,304.0,1.0,-0.5,-0.17006802721088435,0.0
330,Oil & Gas,Ministry of Petroleum & Natural Gas,Mangalore Refinary and Petrochemicals Limited,612790,Power System Upgradation Project,385,385.0,132.73,63,2025-11-17,2025-11-17,,0,0,0,1,,,0.3447532467532467,,0.0,0.0,0.0,0.0,0.0,0.0
331,Oil & Gas,Ministry of Petroleum & Natural Gas,Gas Authority of India Limited [GAIL],400161,"PP Project, Pata",911,1299.02,1004.0,97,2024-01-31,2025-08-31,,0,0,0,1,,,1.102085620197585,,578.0,578.0,1.0,388.02,42.59275521405049,1.0
332,Oil & Gas,Ministry of Petroleum & Natural Gas,Ministry of Petroleum & Natural Gas,616950,PRP-VIII [Group-A],1486,1486.4,184.56,17,2026-02-28,2026-02-28,2024-09-05,0,0,0,0,541.0,17.772667542706962,0.12419919246298788,0.9565249537892793,0.0,0.0,0.0,0.40000000000009095,0.026917900403774623,1.0
333,Oil & Gas,Ministry of Petroleum & Natural Gas,Ministry of Petroleum & Natural Gas,709849,PRP-VIII Group B [NH & BS Asset],2380,3165.53,1652.62,61,2026-02-28,2026-02-28,,0,0,0,1,,,0.6943781512605042,,0.0,0.0,0.0,785.5300000000002,33.005462184873956,1.0
334,Oil & Gas,Ministry of Petroleum & Natural Gas,Oil and Natural Gas Corporation Limited [ONGC],400169,Redevelopment of Linch Field,631,860.04,505.07,77,2025-03-31,2025-10-30,,0,0,0,1,,,0.8004278922345484,,213.0,213.0,1.0,229.03999999999996,36.297939778129944,1.0
335,Oil & Gas,Ministry of Petroleum & Natural Gas,Oil and Natural Gas Corporation Limited [ONGC],400167,Redevelopment of Santhal Field [Onshore-Mehsana Asset],1163,1162.56,1156.9,94,2026-03-31,2026-03-31,,0,0,0,1,,,0.9947549441100603,,0.0,0.0,0.0,-0.44000000000005457,-0.03783319002580005,0.0
336,Oil & Gas,Ministry of Petroleum & Natural Gas,Oil and Natural Gas Corporation Limited [ONGC],400087,Redevelopment of Sobhasan Complex,886,1286.67,765.43,73,2026-02-28,2026-02-28,,0,0,0,1,,,0.8639164785553047,,0.0,0.0,0.0,400.6700000000001,45.22234762979685,1.0
337,Oil & Gas,Ministry of Petroleum & Natural Gas,Bharat Petroleum Corporation Limited [BPCL],709790,Replacement and Extension of Jetty Pipelines [REJP] at KR,622,621.87,192.66,83,2026-03-31,2026-03-31,,0,0,0,1,,,0.3097427652733119,,0.0,0.0,0.0,-0.12999999999999545,-0.020900321543407627,0.0
338,Oil & Gas,Ministry of Petroleum & Natural Gas,Oil and Natural Gas Corporation Limited [ONGC],709840,"Restoration of Gas Terminal, Phase-I [Part-A], Hazira",249,249.43,209.42,93,2025-02-10,2025-12-31,,0,0,0,1,,,0.8410441767068273,,324.0,324.0,1.0,0.4300000000000068,0.1726907630522116,1.0
339,Oil & Gas,Ministry of Petroleum & Natural Gas,MinistryofPetroleumNaturalGas,709781,Revamping / Augmentation of Facilities at Mathura Bitumen Plant,260,260.12,1.11,25,2027-06-30,2026-12-31,,1,0,0,1,,,0.00426923076923077,,-181.0,-181.0,0.0,0.12000000000000455,0.046153846153847905,1.0
340,Oil & Gas,Ministry of Petroleum & Natural Gas,Oil and Natural Gas Corporation Limited [ONGC],709845,"Revamping of SV Stations, Gas Terminal & Kribhco Terminal",837,837.34,205.78,49,2026-08-31,2026-08-31,,0,0,0,1,,,0.24585424133811232,,0.0,0.0,0.0,0.34000000000003183,0.04062126642772185,1.0
341,Oil & Gas,Ministry of Petroleum & Natural Gas,Ministry of Petroleum & Natural Gas,709774,Revamping/ Augmentation of facilities at existing port terminal at Mangalore,463,500.62,264.44,82,2025-12-31,2025-12-31,,0,0,0,1,,,0.5711447084233261,,0.0,0.0,0.0,37.620000000000005,8.125269978401729,1.0
342,Oil & Gas,Ministry of Petroleum & Natural Gas,MinistryofPetroleumNaturalGas,617304,"Setting up of LPG Plant with Rail Unloading Facility at Hathua, Dist. Gopalganj, Bihar",340,340.15,88.08,24,2027-03-01,2027-03-01,,0,0,0,1,,,0.2590588235294118,,0.0,0.0,0.0,0.14999999999997726,0.04411764705881684,1.0
343,Oil & Gas,Ministry of Petroleum & Natural Gas,MinistryofPetroleumNaturalGas,709799,Setting up Polypropylene Unit at Kochi Refinery,4460,4460.0,255.64,12,2027-10-31,2027-10-31,,0,0,0,1,,,0.057318385650224214,,0.0,0.0,0.0,0.0,0.0,0.0
344,Oil & Gas,Ministry of Petroleum & Natural Gas,Ministry of Petroleum & Natural Gas,701350,Upgradation of Facilities of Numaligarh-Siliguri Product Pipeline [NSPL] for transportation of additional products from existing 1.72 MMTPA to 5.5 MMTPA,860,860.0,566.18,98,2024-12-20,2025-10-31,,0,0,0,1,,,0.6583488372093023,,315.0,315.0,1.0,0.0,0.0,0.0
345,Oil & Gas,Ministry of Petroleum & Natural Gas,Ministry of Petroleum and Natural Gas,616254,Visakh Raipur Pipeline Project,2212,2212.0,11.52,7,2027-09-10,2027-09-10,,0,0,0,1,,,0.005207956600361664,,0.0,0.0,0.0,0.0,0.0,0.0
346,Railways,Ministry of Coal,WR,400203,Dharamjaigarh-Korba,1686,,342.96,40,2026-12-31,2026-08-31,2018-05-22,1,1,0,0,3145.0,103.3180026281209,0.20341637010676156,0.387154213036566,-122.0,-122.0,0.0,,,
347,Railways,Ministry of Coal,Ministry of Coal,400416,Shivpur-Kathautia New Rail [BG] Line [49 km] [Package II of Tori-Shivpur-Kathautia line],1800,1799.64,1293.71,60,2025-06-30,,2018-02-27,0,0,1,0,2680.0,88.04204993429697,0.7187277777777777,0.681492537313433,,,,-0.35999999999989996,-0.019999999999994442,0.0
348,Railways,Ministry of Railways,East Coast Railway [ECoR] - II,612834,3rd & 4th line between Sarla - Sason [8 km] [PB 73/2023-24/NR],252,,79.55,45,2025-12-28,,2023-04-19,0,1,1,0,984.0,32.32588699080158,0.31567460317460316,1.3920731707317073,,,,,,
349,Railways,Ministry of Railways,East Coast Railway [ECoR] - II,616697,3rd & 4th line between Vadlapudi -Gate Jn. cabin and Tie line between Gate Junction to Gangavaram port,154,,10.79,16,2026-06-30,,,0,1,1,1,,,0.07006493506493507,,,,,,,
350,Railways,Ministry of Railways,SECR,709819,3RD AND 4TH LINE - SARAGBUNDIA AND MADWARANI,177,177.0,0.0,0,2026-12-31,2026-12-31,,0,0,0,1,,,0.0,,0.0,0.0,0.0,0.0,0.0,0.0
351,Railways,Ministry of Railways,South Central Railway [SCR] - II,617216,3rd Line between Gudur Renigunta 83.17 Km,877,,2.97,0,2027-03-31,,2024-10-03,0,1,1,0,909.0,29.86202365308804,0.00338654503990878,0.0,,,,,,
352,Railways,Ministry of Railways,Central Railway [CR] - II,705498,3rd Line Kalyan - Kasara [67.35 Kilometres],793,1432.0,894.16,50,2026-12-31,2026-12-31,2015-09-14,0,0,0,0,4126.0,135.5453350854139,1.1275662042875156,0.36888027144934565,0.0,0.0,0.0,639.0,80.58007566204287,1.0
353,Railways,Ministry of Railways,Central Railway [CR] - II,705506,3rd Line Manmad - Jalgaon [160 Kilometres],1035,1559.0,1692.0,97,2024-12-31,2025-08-31,2017-05-30,0,0,0,0,2772.0,91.06438896189225,1.6347826086956523,1.0651803751803752,243.0,243.0,1.0,524.0,50.6280193236715,1.0
354,Railways,Ministry of Railways,Central Railway [CR] - II,705502,3rd Line Wardha - Ballarshah [132 Kilometres],1385,1385.0,1102.48,77,2025-12-31,2026-02-28,2016-03-07,0,0,0,0,3586.0,117.80551905387647,0.796014440433213,0.6536196319018406,59.0,59.0,1.0,0.0,0.0,0.0
355,Railways,Ministry of Railways,Central Railway [CR] - II,705500,3rd Line Wardha - Sewagram - Nagpur,540,698.0,724.75,80,2025-12-31,2025-12-31,2015-09-04,0,0,0,0,3771.0,123.88304862023652,1.3421296296296297,0.6457703526915938,0.0,0.0,0.0,158.0,29.259259259259256,1.0
356,Railways,Ministry of Railways,SECR,709815,4TH LINE - BHATAPARA-HATHBAND [8.8 KM] [PB-72/NR/2022-23],177,177.03,0.0,0,2027-01-31,2027-12-31,,0,0,0,1,,,0.0,,334.0,334.0,1.0,0.030000000000001137,0.016949152542373523,1.0
357,Railways,Ministry of Railways,SECR,709816,4TH LINE - BHILAI-BHILAI NAGAR [8.8 KM] [PB-72/NR/2022-23],177,177.34,0.76,2,2027-02-28,2027-02-28,,0,0,0,1,,,0.004293785310734463,,0.0,0.0,0.0,0.3400000000000034,0.1920903954802279,1.0
358,Railways,Ministry of Railways,SECR,709817,4TH LINE - DADHAPARA-BELHA [9.2 KM] [PB-72/NR/2022-23],169,169.06,10.13,4,2026-11-30,2026-11-26,,1,0,0,1,,,0.05994082840236687,,-4.0,-4.0,0.0,0.060000000000002274,0.035502958579883,1.0
359,Railways,Ministry of Railways,Western Railway,612072,4th LINE BETWEEN BAREJADI NANDEJ-SANAND-AHMEDABAD BYPASS,962,961.67,132.63,16,2027-03-31,2027-03-27,2023-02-03,1,0,0,0,1517.0,49.83574244415243,0.13786902286902286,0.3210547132498352,-4.0,-4.0,0.0,-0.3300000000000409,-0.03430353430353856,0.0
360,Railways,Ministry of Railways,South East Central Railway [SECR] - II,612815,4th line between Nipania Bhatapara 14.4 Km,170,,0.0,0,2027-03-31,,,0,1,1,1,,,0.0,,,,,,,
361,Railways,Ministry of Railways,SECR,709818,4TH LINE RAJNANDGAON-DONGARHGARH [31.2 KM] [PB-72/NR/2022-23],328,328.34,48.02,25,2027-01-31,2027-01-31,,0,0,0,1,,,0.14640243902439026,,0.0,0.0,0.0,0.339999999999975,0.10365853658535823,1.0
362,Railways,Ministry of Railways,Central Railway [CR] - II,705505,4th Line Wardha - Nagpur [78.7 Kilometres],638,1137.0,969.0,80,2025-12-31,2026-02-28,2017-04-20,0,0,0,0,3177.0,104.36925098554534,1.5188087774294672,0.7665092854894554,59.0,59.0,1.0,499.0,78.21316614420063,1.0
363,Railways,Ministry of Railways,Western Railway [WR] - II,611937,Adraj Moti Vijapur 40 Kms,418,417.53,223.0,86,2026-05-31,2026-05-31,2022-05-01,0,0,0,0,1491.0,48.98160315374507,0.5334928229665071,1.7557612340710933,0.0,0.0,0.0,-0.4700000000000273,-0.11244019138756635,0.0
364,Railways,Ministry of Railways,CAO/C/NCR,705919,Agra Fort-Bandikui Doubling Line Project,1390,1390.0,123.0,25,2027-06-30,2027-06-27,2022-06-01,1,0,0,0,1855.0,60.939553219448094,0.08848920863309352,0.4102425876010782,-3.0,-3.0,0.0,0.0,0.0,0.0
365,Railways,Ministry of Railways,Northeast Frontier Railway [NFR],613788,AGTHORI KAMAKHYA SECTION WITH CONSTRUCTION OF NEW RAIL CUM-ROAD BRIDGE AT SARAIGHAT - 7.062KM,1474,,0.0,0,2029-12-31,,2024-02-19,0,1,1,0,2142.0,70.36793692509855,0.0,0.0,,,,,,
366,Railways,Ministry of Railways,Central Railways,705356,Ahmednagar - Beed - Parli - Vaijnath New Broad Gauge Line Railway Project [261.3 km],2539,4957.0,4725.34,92,2026-03-31,2026-03-31,1999-01-01,0,0,0,0,9951.0,326.9053876478318,1.8611027963765263,0.28142699226208423,0.0,0.0,0.0,2418.0,95.23434423001181,1.0
367,Railways,Ministry of Railways,North Western Railway [NWR],616843,AJMER- CHANDERIYA DOUBLING,1635,,59.51,5,2027-06-30,,2024-02-19,0,1,1,0,1227.0,40.30880420499343,0.03639755351681957,0.12404237978810106,,,,,,
368,Railways,Ministry of Railways,CAO/C/NCR,705774,Aligarh -Daud Khan Flyover Construction & 3rd Railway Line Project,758,779.49,315.37,55,2025-01-31,2027-03-31,2019-04-01,0,0,0,0,2132.0,70.03942181340341,0.41605540897097626,0.7852720450281427,789.0,789.0,1.0,21.49000000000001,2.8350923482849613,1.0
369,Railways,Ministry of Railways,North Central Railway,705918,Allahabad division - Aligarh - Harduaganj Flyover,1457,1457.0,50.0,8,2026-06-30,2027-03-31,2020-04-30,0,0,0,0,2252.0,73.98160315374507,0.03431708991077557,0.10813499111900533,274.0,274.0,1.0,0.0,0.0,0.0
370,Railways,Ministry of Railways,Construction NER,617252,Anandnagar - Ghugli via Maharajganj 50 km,958,,432.01,23,2028-03-21,,2023-10-25,0,1,1,0,1609.0,52.858081471747695,0.4509498956158664,0.43512740832815416,,,,,,
371,Railways,Ministry of Railways,East Central Railway [ECR] - II,705368,Araria Supaul New BG Line,1605,2514.0,1311.39,33,2024-03-31,2027-01-31,2018-06-29,0,0,0,0,2102.0,69.053876478318,0.8170654205607477,0.47788772597526163,1036.0,1036.0,1.0,909.0,56.63551401869159,1.0
372,Railways,Ministry of Railways,South Central Railway [SCR] - II,611751,AURANGABAD-ANKAI - DOUBLING PROJECT 98.25 Km,961,,0.0,0,2027-03-31,,2023-05-25,0,1,1,0,1406.0,46.1892247043364,0.0,0.0,,,,,,
373,Railways,Ministry of Railways,CAO/C/SER,616587,Badampahar-Kendujhargarh new line [82.06 km],1876,,0.0,0,2029-12-31,,,0,1,1,1,,,0.0,,,,,,,
374,Railways,Ministry of Railways,South Western Railway [SWR] - II,705495,Bagalkot-Kudachi New Railway Line [142 km],1378,1649.0,670.74,35,2027-03-31,2027-01-31,2021-11-18,1,0,0,0,1959.0,64.35611038107753,0.4867489114658926,0.5438489025012762,-59.0,-59.0,0.0,271.0,19.666182873730044,1.0
375,Railways,Ministry of Railways,CAO/C/ECoR,705767,Baghuapal Flyover Construction Project,258,258.0,0.83,0,2028-03-31,2028-03-31,2019-08-01,0,0,0,0,3165.0,103.97503285151116,0.0032170542635658913,0.0,0.0,0.0,0.0,0.0,0.0,0.0
376,Railways,Ministry of Railways,North Eastern Railway [NER],705863,Bahraich - Nanpara - Nepalganj Road Gauge Conversion,950,950.0,507.02,86,2025-07-31,2025-08-31,2020-07-01,0,0,0,0,1856.0,60.972404730617605,0.5337052631578947,1.4104741379310346,31.0,31.0,1.0,0.0,0.0,0.0
377,Railways,Ministry of Railways,North Eastern Railway [NER],400204,Bahraich-Shravasti-Balrampur-Siddharthnagar -Santkabir nagar,4940,4939.78,1217.13,8,2030-10-30,2030-10-31,2018-10-03,0,0,0,0,4410.0,144.87516425755584,0.24638259109311744,0.05521995464852608,1.0,1.0,1.0,-0.22000000000025466,-0.004453441295551714,0.0
378,Railways,Ministry of Railways,Karnataka Rail Infrastructure Development Company Limited [K-RIDE],703586,Baiyyappanahalli - Hosur Doubling Project [48 km],499,499.0,595.0,97,2024-12-31,2026-01-26,2019-04-01,0,0,0,0,2101.0,69.02102496714849,1.1923847695390781,1.4053688719657305,391.0,391.0,1.0,0.0,0.0,0.0
379,Railways,Ministry of Railways,CAO/C/SER,616586,Bangriposi-Gorumahisani new line [ 85.60 km ],2269,,0.0,0,2029-12-31,,,0,1,1,1,,,0.0,,,,,,,
380,Railways,Ministry of Railways,CAO/C/NR,705782,Barabanki-Malhaur 3rd & 4th Railway Line Project,407,407.0,317.0,75,2025-03-31,2026-03-31,2019-01-01,0,0,0,0,2281.0,74.93429697766096,0.7788697788697788,1.000876808417361,365.0,365.0,1.0,0.0,0.0,0.0
381,Railways,Ministry of Railways,Central Railway [CR] - II,705357,Baramati Lonand New Line Project,736,1844.0,712.0,50,2027-03-31,2027-03-31,2016-03-31,0,0,0,0,4017.0,131.96452036793693,0.967391304347826,0.37888971869554394,0.0,0.0,0.0,1108.0,150.54347826086956,1.0
382,Railways,Ministry of Railways,South Western Railway [SWR] - II,706835,Belgaum-Dharwad via Kittur [73.10Km],1591,1591.0,0.75,0,2027-12-31,2029-03-31,2020-09-07,0,0,0,0,2671.0,87.74638633377135,0.0004714016341923319,0.0,456.0,456.0,1.0,0.0,0.0,0.0
383,Railways,Ministry of Railways,East Coast Railway [ECoR] - II,705510,Bhadrak-Nergundi Third Line,1284,1284.0,1298.0,80,2024-11-30,2026-01-31,2015-10-05,0,0,0,0,3344.0,109.85545335085413,1.0109034267912773,0.7282296650717703,427.0,427.0,1.0,0.0,0.0,0.0
384,Railways,Ministry of Railways,CAO/C/NCR,705777,Bhandai Flyover Construction Project,250,250.18,118.0,15,2026-02-28,2027-02-28,2019-04-01,0,0,0,0,2525.0,82.95006570302233,0.472,0.18083168316831685,365.0,365.0,1.0,0.18000000000000682,0.07200000000000273,1.0
385,Railways,Ministry of Railways,RVNL - II,705428,Bhanupalli-Bilaspur-Beri New Railway Line Project,13447,13447.0,6391.15,59,2026-12-31,2027-12-30,2009-03-31,0,0,0,0,6484.0,213.00919842312746,0.4752844500632111,0.27698334361505245,364.0,364.0,1.0,0.0,0.0,0.0
386,Railways,Ministry of Railways,RVNL - II,705780,Bhatni-Aurnihar with electrification excluding Indara-Mau,2529,2529.46,2051.69,94,2024-12-31,2025-10-31,2018-03-01,0,0,0,0,2497.0,82.03022339027595,0.8112653222617635,1.1459191029235083,304.0,304.0,1.0,0.4600000000000364,0.01818900751285237,1.0
387,Railways,Ministry of Railways,North Western Railway [NWR],611884,Bhiwani - Dobh Bahali Doubling Project [42.30 Km],471,471.0,187.33,57,2028-02-29,2028-02-28,2023-02-01,1,0,0,0,1854.0,60.906701708278575,0.39772823779193206,0.9358576051779937,-1.0,-1.0,0.0,0.0,0.0,0.0
388,Railways,Ministry of Railways,South East Central Railway [SECR] - II,706854,Boridand - Ambikapur Doubling Line Project,1376,1576.23,218.0,18,2030-06-30,2030-06-30,2022-06-01,0,0,0,0,2951.0,96.94480946123521,0.15843023255813954,0.1856726533378516,0.0,0.0,0.0,200.23000000000002,14.551598837209303,1.0
389,Railways,Ministry of Railways,EDTK[MC]/RB,705722,BRM Machine Procurement Project,210,,0.02,0,2024-06-30,2027-12-31,,0,1,0,1,,,9.523809523809524e-05,,1279.0,1279.0,1.0,,,
390,Railways,Ministry of Railways,East Coast Railway [ECoR] - II,400232,Brundamal-Jharsuguda- flyover connection for joining downline,297,297.0,193.22,30,2026-12-31,2026-12-31,2014-01-30,0,0,0,0,4718.0,154.9934296977661,0.6505723905723906,0.19355659177617635,0.0,0.0,0.0,0.0,0.0,0.0
391,Railways,Ministry of Railways,South Eastern Railway [SER] - I,616588,Buramara-Chakulia new line [59.96 km],1459,,1.04,0,2029-12-31,,,0,1,1,1,,,0.0007128169979437972,,,,,,,
392,Railways,Ministry of Railways,North Eastern Railway [NER],705567,Burhwal Gonda 3rd line,1016,1118.0,1113.75,70,2025-03-31,2025-09-30,2017-11-10,0,0,0,0,2698.0,88.63337713534823,1.09621062992126,0.7897702001482579,183.0,183.0,1.0,102.0,10.039370078740157,1.0
393,Railways,Ministry of Railways,Northen Railway [NR],705424,Chandigarh-Baddi New Rail Line- 36 km,1540,1540.0,506.73,31,2026-12-31,2026-12-31,2018-02-15,0,0,0,0,3241.0,106.47174770039422,0.32904545454545453,0.2911570502931194,0.0,0.0,0.0,0.0,0.0,0.0
394,Railways,Ministry of Railways,CAO/C/SER,616227,Chandil - Anara - Damodar - 3rd line [121.26 km],1932,,0.03,0,2029-09-30,,,0,1,1,1,,,1.5527950310559007e-05,,,,,,,
395,Railways,Ministry of Railways,North Eastern Railway [NER],705562,Chhapra-Ballia Patch Doubling,963,1046.0,906.0,95,2025-02-28,2026-03-31,2013-03-31,0,0,0,0,4352.0,142.96977660972405,0.940809968847352,0.6644761029411764,396.0,396.0,1.0,83.0,8.618899273104882,1.0
396,Railways,Ministry of Railways,Western Railway [WR] - II,705454,Chhota Udaipur - Dhar New Line Project [157 km],1794,1794.0,1800.85,80,2025-12-27,2025-12-27,2008-11-19,0,0,0,0,6247.0,205.22339027595268,1.003818283166109,0.3898191131743237,0.0,0.0,0.0,0.0,0.0,0.0
397,Railways,Ministry of Railways,South East Central Railway [SECR] - II,705756,Chirimiri-Nagpur Halt New Railway Line Project,241,656.52,71.0,0,2030-06-30,2030-06-30,2018-10-01,0,0,0,0,4290.0,140.9329829172142,0.2946058091286307,0.0,0.0,0.0,0.0,415.52,172.41493775933608,1.0
398,Railways,Ministry of Railways,PCE/WR,611969,Choranda Motikoral 18 Kms,246,,0.0,0,2026-10-30,,,0,1,1,1,,,0.0,,,,,,,
399,Railways,Ministry of Railways,North Central Railway,617284,Chunar-Chopan doubling project,1424,,26.0,2,2028-03-31,,2023-08-25,0,1,1,0,1680.0,55.19053876478318,0.018258426966292134,0.03623809523809524,,,,,,
400,Railways,Ministry of Railways,CPM/ICF,705244,Coach Production Factory Upgradation Project,520,,192.25,0,2021-12-31,,,0,1,1,1,,,0.3697115384615385,,,,,,,
401,Railways,Ministry of Railways,Northeast Frontier Railway [NFR],612096,Construction of Balurghat-Hilli new BG Line,1209,1209.0,405.31,9,2027-03-31,2025-03-27,2010-12-29,1,0,0,0,5936.0,195.00657030223388,0.33524400330851944,0.0461522911051213,-734.0,-734.0,0.0,0.0,0.0,0.0
402,Railways,Ministry of Railways,East Central Railway [ECR] - I,617231,Construction of Bulb line at Nabinagar Ankorah of East Central Railway,612,,0.0,0,2028-06-30,,2024-06-07,0,1,1,0,1484.0,48.75164257555847,0.0,0.0,,,,,,
403,Railways,Ministry of Railways,South Western Railway [SWR] - II,400023,Construction of New BG line between Hassan to Belur [27 Km],749,749.0,0.0,0,2028-04-30,2027-04-30,2019-03-01,1,0,0,0,3348.0,109.98685939553219,0.0,0.0,-366.0,-366.0,0.0,0.0,0.0,0.0
404,Railways,Ministry of Railways,PCE/WR,611977,Dahod Creation of Infrastructure facilities for 9000 HP Electric locomotives Manufacturing at,487,,108.69,0,2025-02-28,,,0,1,1,1,,,0.22318275154004105,,,,,,,
405,Railways,Ministry of Railways,PCE/WR,611978,Dahod Rolling Stock Workshop Provision of Infrastructure for CBS at,158,,47.31,0,2025-03-31,,,0,1,1,1,,,0.29943037974683545,,,,,,,
406,Railways,Ministry of Railways,RVNL - II,705433,Dallirajhra- Rowghat New Railway Line - Phase I [95 km],1628,1628.0,1440.85,82,2025-09-30,2025-12-31,2009-07-15,0,0,0,0,5921.0,194.5137976346912,0.8850429975429975,0.42156392501266676,92.0,92.0,1.0,0.0,0.0,0.0
407,Railways,Ministry of Railways,North Western Railway [NWR],611614,Dedicated Test Track for RDSO Phase II,819,967.06,471.0,86,2026-11-30,2026-11-26,2021-11-01,1,0,0,0,1855.0,60.939553219448094,0.575091575091575,1.411234501347709,-4.0,-4.0,0.0,148.05999999999995,18.07814407814407,1.0
408,Railways,Ministry of Railways,North Western Railway [NWR],611849,Devgarh Madariya - Nathdwara Gauge Conversion [82.54 Km] part of Marwar - Mavli Gauge Conversion [152 Km],969,969.0,411.0,45,2028-06-30,2028-06-28,2023-01-01,1,0,0,0,2007.0,65.93298291721419,0.4241486068111455,0.6825112107623319,-2.0,-2.0,0.0,0.0,0.0,0.0
409,Railways,Ministry of Railways,CERL,613003,Dharamjaigarh-Korba 63 km,1686,,288.83,18,2026-08-31,,,0,1,1,1,,,0.17131079478054567,,,,,,,
410,Railways,Ministry of Railways,North Central Railway,705482,Dholpur - Sirmuttra Gauge Conversion,747,747.0,392.0,39,2019-02-28,2027-02-28,2022-03-31,1,0,0,0,-1127.0,-37.023653088042046,0.5247657295850067,,2922.0,2922.0,1.0,0.0,0.0,0.0
411,Railways,Ministry of Railways,CR,400019,DHULE [BORVIHIR] - NARDANA NEW LINE [50.60 KMS],493,1171.0,234.48,9,2026-12-31,2027-09-30,2019-01-31,0,0,0,0,2891.0,94.97371879106439,0.4756186612576065,0.09476305776547908,273.0,273.0,1.0,678.0,137.52535496957404,1.0
412,Railways,Ministry of Railways,Northeast Frontier Railway [NFR],705392,Dimapur [Dhansiri]-Sukhobi Kohima [Zubza] NL [82.5 Km],6663,6663.0,5202.29,79,2025-03-26,2025-12-29,2015-08-26,0,0,0,0,3500.0,114.98028909329828,0.7807729251088098,0.6870742857142857,278.0,278.0,1.0,0.0,0.0,0.0
413,Railways,Ministry of Railways,North Eastern Railway [NER],705566,Domingarh-Gorakhpur-Gorakhpur Cantt.-Kusumhi - 3rd Railway Line Project,351,521.47,494.0,98,2025-02-01,2025-09-30,2016-11-22,0,0,0,0,2993.0,98.32457293035479,1.4074074074074074,0.9966989642499166,241.0,241.0,1.0,170.47000000000003,48.56695156695158,1.0
414,Railways,Ministry of Railways,South Central Railway [SCR] - II,616856,Doubling between Bhadrachalam Road and Dornakal,770,,0.0,0,2029-04-13,,,0,1,1,1,,,0.0,,,,,,,
415,Railways,Ministry of Railways,South Central Railway [SCR] - II,616857,Doubling between Motumari Vishnupuram - 88.81 Km and Rail over Rail - RoR at Motumari - 10.877 Km,1596,,7.69,1,2029-03-31,,,0,1,1,1,,,0.004818295739348371,,,,,,,
416,Railways,Ministry of Railways,South Central Railway [SCR] - II,617212,Doubling between Mudkhed Medchal & Mahbubnagar Dhone section 417.88 Km,4686,,0.0,0,2029-03-31,,2023-08-25,0,1,1,0,2045.0,67.18134034165571,0.0,0.0,,,,,,
417,Railways,Ministry of Railways,South Central Railway [SCR] - II,617215,Doubling between Parbhani Parli Vaijanath stations 64.71 Km,770,,0.0,0,2028-03-31,,2023-12-06,0,1,1,0,1577.0,51.806833114323254,0.0,0.0,,,,,,
418,Railways,Ministry of Railways,Central Railway [CR] - II,705504,Doubling of Daund Manmad Line [247.6 km],2081,3075.0,2769.0,88,2025-12-31,2025-12-31,2017-10-04,0,0,0,0,3010.0,98.88304862023652,1.3306102835175397,0.8899401993355482,0.0,0.0,0.0,994.0,47.765497357039884,1.0
419,Railways,Ministry of Railways,South Central Railway [SCR] - II,617211,Doubling of Guntur Bibinagar 239 Km,2853,,43.88,1,2029-03-31,,2023-08-25,0,1,1,0,2045.0,67.18134034165571,0.015380301437083773,0.014885085574572129,,,,,,
420,Railways,Ministry of Railways,South Eastern Railway - JH,705628,Doubling of Hatia [Ranchi]-Bondamunda Rail Line - 159 km,3029,3029.0,2458.15,85,2025-06-30,2026-06-30,2016-03-31,0,0,0,0,3378.0,110.9724047306176,0.8115384615384615,0.7659561870929544,365.0,365.0,1.0,0.0,0.0,0.0
421,Railways,Ministry of Railways,Indian Railway Construction International Limited [IRCON],705660,Doubling of Katni - Singrauli Railway Line [261 km],2445,4377.0,3122.0,100,2026-12-31,2027-12-31,2016-03-31,0,0,0,0,3927.0,129.00788436268067,1.2768916155419223,0.7751464222052458,365.0,365.0,1.0,1932.0,79.01840490797547,1.0
422,Railways,Ministry of Railways,East Coast Railway [ECoR] - II,400291,Doubling of Kirandul-Jagdalpur Line [150 km],1589,1798.0,1541.7,92,2020-03-31,2025-12-31,2013-02-20,0,0,0,0,2596.0,85.28252299605782,0.970232850849591,1.0787673343605546,2101.0,2101.0,1.0,209.0,13.152926368785401,1.0
423,Railways,Ministry of Railways,East Coast Railway [ECoR] - II,705512,Doubling of Kottavalasa-Koraput Rail Line [189 KM],2500,2500.0,2033.31,70,2022-03-31,2028-03-31,2015-12-08,0,0,0,0,2305.0,75.7227332457293,0.8133239999999999,0.9244251626898048,2192.0,2192.0,1.0,0.0,0.0,0.0
424,Railways,Ministry of Railways,Northeast Frontier Railway [NFR],705572,Doubling of New Bonggigaon to Kamakhya via Goalpara - 176 km,4060,4961.0,3683.75,93,2026-03-31,2026-03-31,2016-09-02,0,0,0,0,3497.0,114.88173455978975,0.9073275862068966,0.809528167000286,0.0,0.0,0.0,901.0,22.192118226600986,1.0
425,Railways,Ministry of Railways,EDTK[MC]/RB,705721,DTS Machine Procurement Project,448,,0.0,0,2024-12-31,2026-12-31,,0,1,0,1,,,0.0,,730.0,730.0,1.0,,,
426,Railways,Ministry of Railways,RVNL - II,400277,Dum Dum Airport-New Garia via Rajarhat-Construction of Metro Railway,8964,8964.0,8097.47,80,2025-12-31,2026-03-31,2010-03-15,0,0,0,0,5770.0,189.5532194480946,0.9033322177599287,0.4220450606585789,90.0,90.0,1.0,0.0,0.0,0.0
427,Railways,Ministry of Railways,SR-ERS,705639,Ernakulam-Kumbalam doubling project [7.71 Km],601,601.0,283.0,17,2028-03-31,2028-03-31,2023-04-03,0,0,0,0,1824.0,59.92115637319316,0.47088186356073214,0.2837061403508772,0.0,0.0,0.0,0.0,0.0,0.0
428,Railways,Ministry of Railways,East Central Railway [ECR] - II,705373,"Fatuha-Islampur incl. MM for extn.of NL from Neora to Daniawan , Daniawan to Biharsharif, Biharsharif to Barbigha , Barbigha to Shekhpura",1473,2882.0,2824.8,91,2023-03-31,2025-08-31,2002-08-19,0,0,0,0,7529.0,247.33902759526939,1.9177189409368636,0.3679160579094169,884.0,884.0,1.0,1409.0,95.6551255940258,1.0
429,Railways,Ministry of Railways,East Coast Railway [ECoR] - II,612827,Flyover between Pendurthi and Simhachalam North to avoid surface crossing at Simhachalam 7.135 km PB 73 of 2023 24 NR,184,,4.16,11,2027-04-30,,,0,1,1,1,,,0.022608695652173914,,,,,,,
430,Railways,Ministry of Railways,East Coast Railway [ECoR] - II,616694,Flyover between Siju and Paradeep coaching Yard to avoid Surface crossing of trains,201,,0.0,0,2028-07-31,,2023-04-19,0,1,1,0,1930.0,63.40341655716163,0.0,0.0,,,,,,
431,Railways,Ministry of Railways,South Western Railway [SWR] - II,705490,Gadag-Wadi New Railway Line [257 km],2842,6700.0,1721.14,30,2027-03-31,2027-12-31,2013-04-01,0,0,0,0,5112.0,167.93692509855452,0.6056087262491203,0.17863849765258216,275.0,275.0,1.0,3858.0,135.74947220267418,1.0
432,Railways,Ministry of Railways,East Coast Railway [ECoR] - II,709811,GANDHAMARDAN IRON ORE MINES TO GOALDIH STATION/12.76kms,190,190.0,0.0,0,2027-09-30,2027-09-27,2022-09-09,1,0,0,0,1847.0,60.67674113009198,0.0,0.0,-3.0,-3.0,0.0,0.0,0.0,0.0
433,Railways,Ministry of Railways,SECR,602792,Gauge Conversion of Kendri-Dhamtari including Abhanpur - Rajim Branch line 67.20 Kms - 2nd Material Modification to Raipur Titlagarh doubling.,1171,1171.0,848.0,82,2025-02-28,2025-11-30,2011-07-01,0,0,0,0,4991.0,163.96189224704335,0.7241673783091375,0.5001162091765178,275.0,275.0,1.0,0.0,0.0,0.0
434,Railways,Ministry of Railways,Indian Railway Construction International Limited [IRCON],705444,Gevra Road-Pendra Road New Railway Line [135 km],4970,,4271.55,72,2022-03-31,2025-12-31,,0,1,0,1,,,0.859466800804829,,1371.0,1371.0,1.0,,,
435,Railways,Ministry of Railways,East Central Railway [ECR] - II,705765,Gomoh - Flyover for DN trains,686,686.0,536.04,59,2026-03-26,2026-03-26,2018-01-29,0,0,0,0,2978.0,97.83180026281208,0.7813994169096209,0.6030758898589658,0.0,0.0,0.0,0.0,0.0,0.0
436,Railways,Ministry of Railways,South East Central Railway,617201,Gondia-Balharshah [Chanda Fort] Doubling [240 Km],4373,,0.0,0,2030-04-09,,2025-04-09,0,1,1,0,1826.0,59.98685939553219,0.0,0.0,,,,,,
437,Railways,Ministry of Railways,South Central Railway [SCR] - II,611752,GOOTY-PENDEKALLU DOUBLING 29.225 Km,352,351.83,18.0,25,2027-03-31,2027-03-27,2023-03-01,1,0,0,0,1491.0,48.98160315374507,0.05113636363636364,0.5103957075788061,-4.0,-4.0,0.0,-0.17000000000001592,-0.04829545454545907,0.0
438,Railways,Ministry of Railways,NER,617224,Gorakhpur-Valmikinagar Doubling project,1120,,181.86,20,2027-12-30,,,0,1,1,1,,,0.16237500000000002,,,,,,,
439,Railways,Ministry of Railways,North Western Railway [NWR],705752,Gudha-Thatha Mithri Construction of Railway Track Project,819,967.06,471.0,98,2026-11-30,2026-11-30,2019-04-01,0,0,0,0,2800.0,91.98423127463863,0.575091575091575,1.0654000000000001,0.0,0.0,0.0,148.05999999999995,18.07814407814407,1.0
440,Railways,Ministry of Railways,South Central Railway [SCR] - II,611754,GUNTAKAL WEST-MALLAPPA GATE RAIL OVER RAIL - ROR TRACK,293,,0.0,0,2026-07-31,,,0,1,1,1,,,0.0,,,,,,,
441,Railways,Ministry of Railways,South Central Railway [SCR] - II,705633,Guntur-Guntakal Doubling Project,3733,4295.0,4112.59,92,2025-12-31,2026-12-31,2017-03-31,0,0,0,0,3197.0,105.0262812089356,1.1016849718724886,0.8759712230215828,365.0,365.0,1.0,562.0,15.054915617465845,1.0
442,Railways,Ministry of Railways,Central Organisation for Railway Electrification [CORE],706922,Guwahati-Dibrugarh via Tinsukia & Simaluguri-Dibrugarh,890,889.36,391.73,89,2020-09-03,2024-06-30,2020-09-30,1,0,0,0,-27.0,-0.8869908015768725,0.44014606741573037,,1396.0,1396.0,1.0,-0.6399999999999864,-0.07191011235954903,0.0
443,Railways,Ministry of Railways,North Central Railway,705419,Gwalior - Seopurkala with extension to Kota [Gauge Conversion],2913,2913.0,2751.0,83,2025-03-31,2026-02-28,2011-03-31,0,0,0,0,5114.0,168.00262812089355,0.9443872296601442,0.49403989049667585,334.0,334.0,1.0,0.0,0.0,0.0
444,Railways,Ministry of Railways,East Central Railway [ECR] - I,705366,Hajipur-Sagauli New line,2067,2087.0,1908.49,74,2020-03-31,2026-12-31,2007-10-05,0,0,0,0,4561.0,149.83574244415243,0.9233139816158684,0.49387415040561283,2466.0,2466.0,1.0,20.0,0.9675858732462507,1.0
445,Railways,Ministry of Railways,WR,611939,Himatnagar Khedbrahma 55 km,482,482.42,461.0,96,2001-06-30,2026-06-30,2022-06-01,1,0,0,0,-7641.0,-251.01839684625492,0.9564315352697096,,9131.0,9131.0,1.0,0.4200000000000159,0.08713692946058423,1.0
446,Railways,Ministry of Railways,RVNL - II,705650,Hospet - Tinaighat - Vasco Rail Doubling Project,5060,5060.0,5007.82,86,2027-03-31,2027-12-30,2010-03-31,0,0,0,0,6209.0,203.97503285151117,0.989687747035573,0.42162022870027377,274.0,274.0,1.0,0.0,0.0,0.0
447,Railways,Ministry of Railways,RVNL,706950,Hospet-Hubli-Vasco da Gama Line Electrification Project,744,1122.62,969.05,95,2023-03-31,2024-03-31,,0,0,0,1,,,1.302486559139785,,366.0,366.0,1.0,378.6199999999999,50.889784946236546,1.0
448,Railways,Ministry of Railways,South Western Railway [SWR] - II,705662,Hotgi-Kudgi-Gadag Doubling Project,1878,2459.0,2628.8,89,2024-12-31,2026-03-31,2014-04-01,0,0,0,0,3927.0,129.00788436268067,1.3997870074547392,0.6898803157626687,455.0,455.0,1.0,581.0,30.93716719914803,1.0
449,Railways,Ministry of Railways,RVNL - II,705763,Indore - Budni New Railway Line [198 kms],7474,7474.0,1658.03,22,2030-09-30,2030-09-30,2019-08-21,0,0,0,0,4058.0,133.31143232588698,0.22183971099812683,0.16502710694923609,0.0,0.0,0.0,0.0,0.0,0.0
450,Railways,Ministry of Railways,Central Railway [CR] - II,705507,Itarsi - Nagpur Third Railway Line [280 km],2450,2450.0,1815.49,52,2027-03-31,2027-03-31,2016-09-02,0,0,0,0,3862.0,126.87253613666228,0.7410163265306122,0.4098601760745728,0.0,0.0,0.0,0.0,0.0,0.0
451,Railways,Ministry of Railways,East Coast Railway [ECoR] - II,705511,Jagdalpur-Koraput,1547,1547.0,1308.2,90,2024-03-31,2026-12-31,2015-12-08,0,0,0,0,3036.0,99.73718791064388,0.8456367162249515,0.9023715415019763,1005.0,1005.0,1.0,0.0,0.0,0.0
452,Railways,Ministry of Railways,PCE/WR,611972,Jambusar Kavi 26 Kms,318,,0.0,0,2026-12-30,,,0,1,1,1,,,0.0,,,,,,,
453,Railways,Ministry of Railways,RVNL,705784,Janghai-Phaphamau Doubling Rail Line Project,357,978.77,579.0,95,2025-03-31,2025-03-31,2018-11-01,0,0,0,0,2342.0,76.93823915900131,1.6218487394957983,1.2347566182749787,0.0,0.0,0.0,621.77,174.16526610644257,1.0
454,Railways,Ministry of Railways,CAO/C/II/NR,705588,Janghai-Pratapgarh- Amethi,722,1194.0,1100.0,70,2025-03-31,2026-03-31,2017-11-10,0,0,0,0,2698.0,88.63337713534823,1.5235457063711912,0.7897702001482579,365.0,365.0,1.0,472.0,65.37396121883657,1.0
455,Railways,Ministry of Railways,East Coast Railway [ECoR] - II,705514,Jarapada- Budhapank with flyover at Talcher road 3rd and 4th Line,1000,810.02,401.61,36,2018-11-13,2026-03-31,,0,0,0,1,,,0.40161,,2695.0,2695.0,1.0,-189.98000000000002,-18.998,0.0
456,Railways,Ministry of Railways,East Central Railway [ECR] - I,705362,"Jaynagar-Bijalpura, incl. extn. Bet, Bijalpura-Bardibas [Nepal]",819,819.0,588.32,75,2022-03-31,2026-03-31,2015-08-21,0,0,0,0,2414.0,79.3035479632063,0.7183394383394384,0.9457332228666115,1461.0,1461.0,1.0,0.0,0.0,0.0
457,Railways,Ministry of Railways,CAO/C/NCR,705598,Jhansi - Bina Third Railway Line [153 Km],2002,2002.0,1884.84,93,2022-03-31,2026-03-31,2016-09-30,0,0,0,0,2008.0,65.9658344283837,0.9414785214785214,1.4098207171314743,1461.0,1461.0,1.0,0.0,0.0,0.0
458,Railways,Ministry of Railways,North Central Railway,705608,Jhansi-Khairar-Manikpur & Khirar-Bhimsen,4330,4330.0,1989.0,53,2026-03-31,2026-03-31,2018-03-01,0,0,0,0,2952.0,96.97766097240472,0.45935334872979217,0.5465176151761518,0.0,0.0,0.0,0.0,0.0,0.0
459,Railways,Ministry of Railways,SECR,705616,Jharsuguda-Bilaspur Fourth Railway Line [206 km],2140,2979.0,2124.15,88,2024-10-31,2025-12-31,2016-09-08,0,0,0,0,2975.0,97.73324572930355,0.9925934579439253,0.9004100840336134,426.0,426.0,1.0,839.0,39.205607476635514,1.0
460,Railways,Ministry of Railways,Indian Railway Construction International Limited [IRCON],705450,Jogbani-Biratnagar New Rail Line project,402,486.0,361.0,86,2022-03-31,2026-12-31,2010-06-28,0,0,0,0,4294.0,141.06438896189223,0.8980099502487562,0.6096506753609688,1736.0,1736.0,1.0,84.0,20.8955223880597,1.0
461,Railways,Ministry of Railways,PCE/WR,611976,Jogeshwari AT Development of JOS-AT as Trainset Maintenance Depot for energy efficient Vande Bharat Sleeper Trains,221,,0.0,0,2025-10-30,,,0,1,1,1,,,0.0,,,,,,,
462,Railways,Ministry of Railways,RVNL - II,705730,Joka-BBD Bag new metro project,4835,10362.0,4361.23,59,2026-12-31,2028-12-31,2010-03-05,0,0,0,0,6145.0,201.8725361366623,0.9020124095139607,0.29226362896663954,731.0,731.0,1.0,5527.0,114.31230610134438,1.0
463,Railways,Ministry of Railways,WR,611980,Junagarh Visavadar 42 Kms,493,492.83,3.0,1,2028-09-30,2028-09-28,2022-06-02,1,0,0,0,2312.0,75.9526938239159,0.006085192697768763,0.013166089965397925,-2.0,-2.0,0.0,-0.17000000000001592,-0.03448275862069288,0.0
464,Railways,Ministry of Railways,South Western Railway [SWR] - II,705492,Kadur - Chickamagalur - Sakleshpur [93km],825,825.0,770.18,83,2025-06-30,2025-12-31,2014-01-27,0,0,0,0,4172.0,137.05650459921156,0.9335515151515151,0.6055896452540748,184.0,184.0,1.0,0.0,0.0,0.0
465,Railways,Ministry of Railways,Eastern Railway [ER] - I,400247,Kalinarayanpur-Krishnanagar Doubling Alongwith Krishnanagar - Chapra New Line And Naihati-Ranaghat 3rd Line.,1000,1000.0,1029.97,67,2027-02-28,2027-02-28,2015-07-28,0,0,0,0,4233.0,139.0604467805519,1.02997,0.48180486652492327,0.0,0.0,0.0,0.0,0.0,0.0
466,Railways,Ministry of Railways,Eastern Railway [ER] - I,617322,Kalipahari Bakhtarnagar 5th line,350,350.46,0.0,0,2027-06-30,2027-06-27,2024-08-08,1,0,0,0,1056.0,34.69119579500657,0.0,0.0,-3.0,-3.0,0.0,0.45999999999997954,0.1314285714285656,1.0
467,Railways,Ministry of Railways,Central Railway [CR] - II,709809,KALYAN-MURBAD VIA ULHASNAGAR [UMBRELLA WORK],836,836.0,9.29,1,2027-03-31,2027-03-27,,1,0,0,1,,,0.011112440191387558,,-4.0,-4.0,0.0,0.0,0.0,0.0
468,Railways,Ministry of Railways,West Central Railway WCR I,705651,Katni - Bina Third Railway Line [279 km],2478,4127.23,3295.49,90,2022-03-31,2025-12-31,2016-06-02,0,0,0,0,2128.0,69.90801576872536,1.3298991121872477,1.2874060150375939,1371.0,1371.0,1.0,1649.2299999999996,66.55488297013719,1.0
469,Railways,Ministry of Railways,Indian Railway Construction International Limited [IRCON],705661,Katni Grade Separator/Bye Pass,1248,1248.0,1537.77,92,2024-09-30,2026-03-31,2016-03-31,0,0,0,0,3105.0,102.00394218134034,1.2321875,0.901925925925926,547.0,547.0,1.0,0.0,0.0,0.0
470,Railways,Ministry of Railways,South Central Railway [SCR] - II,705612,Kazipet-Vijayawada 3rd line with electrification [220 km],1953,3363.0,2915.49,90,2025-02-28,2025-12-31,2013-03-31,0,0,0,0,4352.0,142.96977660972405,1.492826420890937,0.6295036764705882,306.0,306.0,1.0,1410.0,72.19662058371735,1.0
471,Railways,Ministry of Railways,East Central Railway [ECR] - I,705364,Khagaria-Kusheshwar Asthan [42Km] new line project,614,1384.0,479.22,55,2024-12-31,2027-03-31,2019-04-20,0,0,0,0,2082.0,68.39684625492772,0.7804885993485342,0.8041306436119117,820.0,820.0,1.0,770.0,125.4071661237785,1.0
472,Railways,Ministry of Railways,RVNL - II,705668,KHARAGPUR-ADITYAPUR THIRD RAIL LINE- 132 KM,3250,3250.0,3176.46,97,2025-03-31,2025-12-31,2016-09-05,0,0,0,0,3129.0,102.79237844940867,0.9773723076923077,0.9436497283477149,275.0,275.0,1.0,0.0,0.0,0.0
473,Railways,Ministry of Railways,CAO/C/SECR,617200,KHARSIA- NAYA RAIPUR-PARMALKASA 5th and 6th Line [278KM],7854,,0.0,0,2031-03-31,,2025-04-11,0,1,1,0,2180.0,71.61629434954007,0.0,0.0,,,,,,
474,Railways,Ministry of Railways,Indian Railway Construction International Limited [IRCON],400220,Kharsia-Dharamjaygarh with Spur line [East Corridor-Phase 1],3055,3438.0,2574.54,94,2018-09-30,2026-03-31,2016-03-05,0,0,0,0,939.0,30.847568988173453,0.8427299509001637,3.0472417465388713,2739.0,2739.0,1.0,383.0,12.53682487725041,1.0
475,Railways,Ministry of Railways,CORE,706898,Khurda Road - Balangir Electrification of Railway Track Project,268,,0.0,0,2021-03-31,,,0,1,1,1,,,0.0,,,,,,,
476,Railways,Ministry of Railways,East Coast Railway [ECoR] - II,705358,Khurda-Bolangir New Broad Gauge Rail Link [301km],3792,5089.0,4983.45,89,2026-12-31,2026-12-31,1994-03-31,0,0,0,0,11963.0,393.0026281208935,1.3142009493670885,0.22646158990219847,0.0,0.0,0.0,1297.0,34.20358649789029,1.0
477,Railways,Ministry of Railways,East Central Railway [ECR] - II,705375,Koderma-Tilaiya New Line,1626,2020.0,2060.97,92,2025-02-28,2026-02-28,2004-11-04,0,0,0,0,7421.0,243.79106438896187,1.2675092250922508,0.3773723217895163,365.0,365.0,1.0,394.0,24.231242312423124,1.0
478,Railways,Ministry of Railways,Indian Railway,709810,KODINGAMALI BAUXITE MINES TO SINGARAM RAILWAY STATION,191,,0.0,0,2027-08-31,2027-08-27,,1,1,0,1,,,0.0,,-4.0,-4.0,0.0,,,
479,Railways,Ministry of Railways,East Coast Railway [ECoR] - II,705513,Koraput - Singapur Railway Doubling,2362,2362.0,1787.49,68,2027-12-01,2028-03-30,2015-12-08,0,0,0,0,4376.0,143.75821287779237,0.7567696867061812,0.4730164533820841,120.0,120.0,1.0,0.0,0.0,0.0
480,Railways,Ministry of Railways,PCE/WR,611918,Kosamba Umarpada 70 Km,468,,20.0,0,2027-03-30,,,0,1,1,1,,,0.042735042735042736,,,,,,,
481,Railways,Ministry of Railways,South Central Railway [SCR] - II,705436,Kotapalli - Narasapur New Line,2501,2501.0,1264.18,29,2028-03-31,2028-03-31,2009-03-31,0,0,0,0,6940.0,227.98948751642575,0.5054698120751699,0.12719884726224784,0.0,0.0,0.0,0.0,0.0,0.0
482,Railways,Ministry of Railways,Southern Railway [SR] - II,705638,Kumbalam-Turavur doubling project [15.59 Km],813,813.0,292.15,15,2027-03-31,2027-03-31,2023-04-03,0,0,0,0,1458.0,47.89750328515112,0.35934809348093477,0.3131687242798354,0.0,0.0,0.0,0.0,0.0,0.0
483,Railways,Ministry of Railways,WPO/Patna,611927,Kurnool - Setting up facilities for coach midlife rehabilitation workshop,561,,276.66,65,2023-12-31,,2014-01-01,0,1,1,0,3651.0,119.94086727989487,0.4931550802139038,0.5419337167899205,,,,,,
484,Railways,Ministry of Railways,North Central Railway,705766,Lalitpur-Birari with flyover at Lalitpur- 16 Km,304,356.0,214.0,65,2024-12-31,2025-11-30,2017-03-22,0,0,0,0,2841.0,93.3311432325887,0.7039473684210527,0.6964449137627595,334.0,334.0,1.0,52.0,17.105263157894736,1.0
485,Railways,Ministry of Railways,North Central Railway,705480,"Lalitpur-Satna, Rewa-Singrauli & Mahoba-Khajuraho",8914,8914.0,4971.65,70,2027-03-31,2027-12-31,2007-01-24,0,0,0,0,7371.0,242.1484888304862,0.5577350235584474,0.28907882241215577,275.0,275.0,1.0,0.0,0.0,0.0
486,Railways,Ministry of Railways,South Eastern Railway [SER] - I,705785,Lodhma - Piska - Link Line bypassing Hatia/Ranchi with Y connection,473,473.0,284.26,4,2026-06-30,2027-05-31,2021-08-27,0,0,0,0,1768.0,58.08147174770039,0.6009725158562368,0.068868778280543,335.0,335.0,1.0,0.0,0.0,0.0
487,Railways,Ministry of Railways,CAO/C/NR,705783,Ludhiana- Killa Raipur Railway Doubling Project,238,237.64,118.0,55,2025-03-31,2026-03-31,2019-03-01,0,0,0,0,2222.0,72.99605781865965,0.4957983193277311,0.7534653465346536,365.0,365.0,1.0,-0.36000000000001364,-0.1512605042016864,0.0
488,Railways,Ministry of Railways,Northeast Frontier Railway [NFR],616701,Lumding Furkating Doubling Project 140 km,2124,,13.74,0,2028-02-29,,,0,1,1,1,,,0.006468926553672316,,,,,,,
489,Railways,Ministry of Railways,North Western Railway [NWR],616842,LUNI- SAMDARI- BHILDI DOUBLING,3086,,154.46,7,2027-07-31,,2024-02-19,0,1,1,0,1258.0,41.32720105124836,0.050051847051198965,0.1693799682034976,,,,,,
490,Railways,Ministry of Railways,WPO/Patna,611929,Maintenance cum workshop depot for Vande Bharat Sleeper Trains as per conditions under WTA 527,167,,0.0,0,2024-12-29,,,0,1,1,1,,,0.0,,,,,,,
491,Railways,Ministry of Railways,Indian Railways,616702,Malkangiri Pandurangapuram new railway line project,3592,,0.0,0,2031-11-26,,2024-08-19,0,1,1,0,2655.0,87.22076215505913,0.0,0.0,,,,,,
492,Railways,Ministry of Railways,South Western Railway [SWR] - II,611615,Malugur- Palasamudram New Line Project [17.975 Km],342,342.14,0.0,0,2027-11-30,2027-12-31,2022-09-01,0,0,0,0,1916.0,62.943495400788436,0.0,0.0,31.0,31.0,1.0,0.13999999999998636,0.04093567251461589,1.0
493,Railways,Ministry of Railways,South Central Railway [SCR] - II,705437,Manoharabad-Kothapalli New Rail Line [151 km],1160,2781.0,1713.38,71,2027-03-31,2027-12-31,2016-07-16,0,0,0,0,3910.0,128.44940867279894,1.477051724137931,0.5527468030690538,275.0,275.0,1.0,1621.0,139.74137931034483,1.0
494,Railways,Ministry of Railways,South Western Railway [SWR] - II,705491,Marikuppam - Kuppam New Line Project [23.70 Km],297,297.0,123.17,15,2026-06-30,2026-06-30,2012-04-01,0,0,0,0,5203.0,170.92641261498028,0.4147138047138047,0.08775706323275034,0.0,0.0,0.0,0.0,0.0,0.0
495,Railways,Ministry of Railways,RVNL - II,705667,Mathura-Jhansi Third Railway Line [274 Km],5961,5961.0,4928.62,94,2024-12-31,2026-12-31,2015-12-11,0,0,0,0,3308.0,108.67279894875163,0.8268109377621204,0.864981862152358,730.0,730.0,1.0,0.0,0.0,0.0
496,Railways,Ministry of Railways,PCE/WR,611973,miyagam karjan Choranda maalsar 37 kms,450,,0.0,0,2026-12-25,,,0,1,1,1,,,0.0,,,,,,,
497,Railways,Ministry of Railways,Western Railway [WR] - II,705458,Miyagam-Karjan-Dabhoi-Samlaya [GC],844,1600.0,693.0,68,2021-03-31,2026-12-31,2017-01-17,0,0,0,0,1534.0,50.39421813403416,0.8210900473933649,1.349361147327249,2101.0,2101.0,1.0,756.0,89.57345971563981,1.0
498,Railways,Ministry of Railways,SECR,706757,Modasa-Shamlaji Road Railway Line Project,262,262.0,203.0,58,2025-03-31,2027-03-31,2012-09-01,0,0,0,0,4594.0,150.91984231274637,0.7748091603053435,0.38430996952546803,730.0,730.0,1.0,0.0,0.0,0.0
499,Railways,Ministry of Railways,Southern Railway [SR] - I,705755,Morappur - Dharmpuri New Railway Line Project,359,359.0,40.0,1,2028-03-31,2028-03-28,2019-05-27,1,0,0,0,3231.0,106.14323258869908,0.11142061281337047,0.009421231816774992,-3.0,-3.0,0.0,0.0,0.0,0.0
500,Railways,Ministry of Railways,North Central Railway,705772,"Mughalsarai-Allahabad, 3rd line",2649,2649.0,1399.0,62,2026-12-31,2027-03-31,2015-12-08,0,0,0,0,4041.0,132.75295663600525,0.5281238203095507,0.4670329126453848,90.0,90.0,1.0,0.0,0.0,0.0
501,Railways,Ministry of Railways,East Central Railway [ECR] - I,616699,Multi tracking of Son Nagar-Andal [374.53 rkm & 814.38 tkm],12334,,444.74,10,2028-03-31,,2023-08-25,0,1,1,0,1680.0,55.19053876478318,0.03605805091616669,0.1811904761904762,,,,,,
502,Railways,Ministry of Railways,Western Railway,611452,MUMBAI CENTRAL VIRAR VADODARA AHMEDABAAD TRAIN PROTECTION SYSTEM 500 RKM,311,311.0,208.0,92,2025-12-31,2025-06-26,2019-09-25,1,0,0,0,2289.0,75.19710906701708,0.6688102893890675,1.2234512887723896,-188.0,-188.0,0.0,0.0,0.0,0.0
503,Railways,Ministry of Railways,Mumbai Rail Vikas Corporation Ltd.[MRVC],706780,Mumbai Urban Transport Project [MUTP] Phase-IIIA,33690,33690.0,2246.15,16,2027-12-31,2027-12-31,2019-04-01,0,0,0,0,3196.0,104.99342969776609,0.06667111902641734,0.1523904881101377,0.0,0.0,0.0,0.0,0.0,0.0
504,Railways,Ministry of Railways,Mumbai Rail Vikas Corporation Ltd.[MRVC],706779,Mumbai Urban Transport Project [MUTP] - PHASE II,8087,8087.0,7364.0,87,2014-03-31,2027-12-31,2008-05-09,0,0,0,0,2152.0,70.69645203679369,0.9105972548534685,1.2306133828996284,5023.0,5023.0,1.0,0.0,0.0,0.0
505,Railways,Ministry of Railways,Mumbai Rail Vikas Corporation Ltd.[MRVC],706781,Mumbai Urban Transport Project Phase-III,10947,10947.0,5057.67,60,2022-03-31,2026-12-31,2016-11-30,0,0,0,0,1947.0,63.96189224704336,0.46201425047958344,0.9380585516178738,1736.0,1736.0,1.0,0.0,0.0,0.0
506,Railways,Ministry of Railways,National High Speed Rail Corporation [NHSRC],705728,Mumbai-Ahmedabad High Speed Rail Project- 508 km,108000,108000.0,78690.9,53,2027-08-31,2029-12-31,2015-03-31,0,0,0,0,4536.0,149.01445466491458,0.7286194444444444,0.35567019400352734,853.0,853.0,1.0,0.0,0.0,0.0
507,Railways,Ministry of Railways,Eastern Railway [ER] - II,617240,Murarai - Barharwa 3rd line,935,,0.0,0,2028-05-06,,2025-05-07,0,1,1,0,1095.0,35.972404730617605,0.0,0.0,,,,,,
508,Railways,Ministry of Railways,Northeast Frontier Railway [NFR],705401,Murkongselek-Pasighat,435,1250.0,901.0,56,2025-03-31,2025-12-31,,0,0,0,1,,,2.071264367816092,,275.0,275.0,1.0,815.0,187.35632183908046,1.0
509,Railways,Ministry of Railways,East Central Railway [ECR] - II,705528,Muzaffarpur-Sugauli,1586,1586.0,1586.82,99,2024-06-30,2025-08-31,2018-03-01,0,0,0,0,2313.0,75.9855453350854,1.0005170239596468,1.3028793774319067,427.0,427.0,1.0,0.0,0.0,0.0
510,Railways,Ministry of Railways,WR,709812,NADIAD-PETLAD [37.26 KM],462,461.91,75.0,7,2030-06-30,2030-06-30,,0,0,0,1,,,0.16233766233766234,,0.0,0.0,0.0,-0.08999999999997499,-0.019480519480514068,0.0
511,Railways,Ministry of Railways,South Central Railway [SCR] - II,400298,Nadikudi - Srikalahasti New Line,2312,5200.0,2179.0,54,2027-05-31,2028-03-31,2012-03-31,0,0,0,0,5539.0,181.96452036793693,0.9424740484429066,0.2967611482217007,305.0,305.0,1.0,2888.0,124.91349480968859,1.0
512,Railways,Ministry of Railways,Southern Railway [SR] - II,400223,Nagapattinam-Tiruturaipundi and Karaikal-Peralam New Line,713,981.0,598.38,80,2026-03-31,2027-03-31,2008-07-24,0,0,0,0,6459.0,212.1879106438896,0.8392426367461431,0.3770243071682923,365.0,365.0,1.0,268.0,37.58765778401122,1.0
513,Railways,Ministry of Railways,MRIDC,705799,Nagpur- Nagbhir Railway Line Gauge Conversion Project,1400,1400.0,1472.0,80,2025-12-31,2025-12-25,2019-10-01,1,0,0,0,2283.0,75.0,1.0514285714285714,1.0666666666666667,-6.0,-6.0,0.0,0.0,0.0,0.0
514,Railways,Ministry of Railways,Northen Railway [NR],705410,Nangal Dam-Talwara New Broad Gauge Line [84 KM] and Taking Over Siding Mukerian-Talwara [29 KM],2018,2018.0,1848.0,74,2025-12-31,2027-01-31,1983-03-31,0,0,0,0,15616.0,513.0091984231275,0.9157581764122894,0.1442469262295082,396.0,396.0,1.0,0.0,0.0,0.0
515,Railways,Ministry of Railways,South Eastern Railway [SER] - I,705629,Narayangarh-Bhadrak 3rd line,2400,2400.0,2188.0,65,2025-12-31,2026-06-30,2019-03-07,0,0,0,0,2491.0,81.83311432325887,0.9116666666666666,0.7942994781212365,181.0,181.0,1.0,0.0,0.0,0.0
516,Railways,Ministry of Railways,North Eastern Railway [NER],611669,NER Provision of Automatic Block Signalling on Gorakhpur Cantt[Excl] Chhapra Gramin & Burhwal Jn [Excl] Sitapur Jn section of high density routes,380,,24.53,0,2027-03-31,,,0,1,1,1,,,0.06455263157894738,,,,,,,
517,Railways,Ministry of Railways,Northeast Frontier Railway [NFR],705400,New B.G. Railway Line- Araria to Galgalia [Thakurgunj],2650,4412.0,4152.4,96,2024-12-31,2025-07-11,2005-03-31,0,0,0,0,7215.0,237.02365308804204,1.566943396226415,0.40502286902286905,192.0,192.0,1.0,1762.0,66.49056603773586,1.0
518,Railways,Ministry of Railways,SECR,709813,NEW BG LINE INTERSECTION [5 NOS] BETWEEN GERATPUR-SANAND & BOTAD-AHMEDABAD [16.51 KM] [PB#29/NR/202,437,437.21,43.0,15,2027-10-31,2027-10-27,,1,0,0,1,,,0.09839816933638444,,-4.0,-4.0,0.0,0.20999999999997954,0.04805491990846214,1.0
519,Railways,Ministry of Railways,PCE/WR,611943,New broad gauge line between Naliya Jakhau Port 25 Kms,410,410.26,6.0,4,2028-01-31,2028-01-28,2023-02-01,1,0,0,0,1825.0,59.95400788436268,0.014634146341463415,0.06671780821917808,-3.0,-3.0,0.0,0.2599999999999909,0.06341463414633924,1.0
520,Railways,Ministry of Railways,PCE/NCR,705794,New Delhi- Howrah Speed Booster[160Kmph] Project,6685,,127.03,0,2024-03-31,,,0,1,1,1,,,0.01900224382946896,,,,,,,
521,Railways,Ministry of Railways,PCE/WR,705793,New Delhi- Mumbai Speed Booster[160Kmph] Project,6806,,135.65,0,2024-03-31,,,0,1,1,1,,,0.01993094328533647,,,,,,,
522,Railways,Ministry of Railways,Western Railway [WR] - II,705453,"New line Dahod-Indore via Sardarpur, Jabuwa and Dhar",1942,2691.0,3412.98,67,2027-02-28,2027-02-28,2012-06-19,0,0,0,0,5367.0,176.31406044678053,1.7574562306900103,0.3800037264766164,0.0,0.0,0.0,749.0,38.56848609680741,1.0
523,Railways,Ministry of Railways,South Western Railway [SWR] - II,705434,New Railway Line between Ginigera and Raichur [165.57 km],2565,3034.98,2063.57,66,2019-03-31,2027-03-31,2008-03-31,0,0,0,0,4017.0,131.96452036793693,0.8045107212475634,0.500134428678118,2922.0,2922.0,1.0,469.98,18.32280701754386,1.0
524,Railways,Ministry of Railways,Western Railway [WR] - II,705764,Nimach-Badi Sadri New Rail Line Project,495,825.0,306.0,46,2026-03-31,2025-12-26,2017-04-01,1,0,0,0,3286.0,107.95006570302233,0.6181818181818182,0.42612294583079735,-95.0,-95.0,0.0,330.0,66.66666666666666,1.0
525,Railways,Ministry of Railways,Western Railway [WR] - II,705933,Nimach-Ratlam Doubling [133 Km],1096,1095.88,1056.18,89,2027-10-31,2027-10-31,2021-10-07,0,0,0,0,2215.0,72.76609724047306,0.9636678832116788,1.223097065462754,0.0,0.0,0.0,-0.11999999999989086,-0.010948905109479094,0.0
526,Railways,Ministry of Railways,SECR,709814,NIPANIA-BHATAPRA [14.4 KM] 4TH LINE [PB-72/NR/2022-23],170,184.0,0.0,0,2026-12-31,2026-12-31,,0,0,0,1,,,0.0,,0.0,0.0,0.0,14.0,8.235294117647058,1.0
527,Railways,Ministry of Railways,"Metro Railway, Kolkata",706776,Noapara-Barasat via Bimanbandar - Construction of Metro railway [18 km],4830,4830.0,2764.13,32,2026-08-31,2029-03-31,2010-11-02,0,0,0,0,5781.0,189.91458607095925,0.5722836438923395,0.16849679986161564,943.0,943.0,1.0,0.0,0.0,0.0
528,Railways,Ministry of Railways,RCIL,705298,North Region Video Surveillance Project,274,,0.0,0,2024-03-31,,,0,1,1,1,,,0.0,,,,,,,
529,Railways,Ministry of Railways,CR,709808,PACHORA-JAMNER WITH EXTENSION UPTO MALKAPUR NG TO BG,955,2094.0,118.0,2,2027-08-31,2028-03-28,,0,0,0,1,,,0.12356020942408377,,210.0,210.0,1.0,1139.0,119.26701570680629,1.0
530,Railways,Ministry of Railways,East Coast Railway [ECoR] - II,616695,Paradeep - Badabandha 3rd & 4th Line / 18.51kms,300,,0.01,0,2028-11-30,,2023-08-31,0,1,1,0,1918.0,63.00919842312746,3.3333333333333335e-05,0.0,,,,,,
531,Railways,Ministry of Railways,EDTK[MC]/RB,705710,PCT Machine Procurement Project,336,,74.32,81,2024-04-01,2027-06-30,,0,1,0,1,,,0.22119047619047616,,1185.0,1185.0,1.0,,,
532,Railways,Ministry of Railways,South Western Railway [SWR] - II,705789,Penukonda - Dharmavaram Doubling Project [41.5 Km],308,307.66,267.83,60,2026-03-31,2026-03-31,2019-04-01,0,0,0,0,2556.0,83.96846254927726,0.8695779220779221,0.7145539906103286,0.0,0.0,0.0,-0.339999999999975,-0.11038961038960227,0.0
533,Railways,Ministry of Railways,PCE/WR,611945,Petlad Bhadran 23 Kms,307,307.11,82.0,8,2030-05-31,2030-05-30,2022-05-01,1,0,0,0,2952.0,96.97766097240472,0.2671009771986971,0.08249322493224934,-1.0,-1.0,0.0,0.11000000000001364,0.035830618892512586,1.0
534,Railways,Ministry of Railways,Southern Railways [SR] - construction,400280,Ph II extension of MRTS from Velachery to St Thomas Mount,734,982.0,475.73,99,2024-07-31,2025-08-31,2007-11-15,0,0,0,0,6103.0,200.4927726675427,0.6481335149863761,0.4937833852203834,396.0,396.0,1.0,248.0,33.787465940054496,1.0
535,Railways,Ministry of Railways,South Eastern Railway [SER] - I,705779,"Phephna-Indara, Mau-Shahganj doubling excluding Indara-Mau",1178,1777.0,1489.5,85,2024-12-31,2026-03-31,2017-05-30,0,0,0,0,2772.0,91.06438896189225,1.2644312393887946,0.9334054834054833,455.0,455.0,1.0,599.0,50.84889643463497,1.0
536,Railways,Ministry of Railways,Eastern Railway [ER] - I,705385,Pirpainti - Jasidih [100.52 Km] New BG line,2555,2555.0,763.08,48,2028-03-31,2028-03-31,2014-03-31,0,0,0,0,5114.0,168.00262812089355,0.29866144814090023,0.2857098161908487,0.0,0.0,0.0,0.0,0.0,0.0
537,Railways,Ministry of Railways,East Coast Railway [ECoR] - II,400045,Proposed 6 nos Road Over Bridge [ROB] at different locations under MCL Talcher Under Deposit Scheme.,168,,69.85,82,2025-03-31,2025-01-31,2022-08-08,1,1,0,0,966.0,31.734559789750328,0.4157738095238095,2.5839337474120083,-59.0,-59.0,0.0,,,
538,Railways,Ministry of Railways,EDTK[MC]/RB,705694,Provision of Work-site Tampers [WST] Railway Project,188,,141.91,100,2023-12-31,2026-01-31,,0,1,0,1,,,0.7548404255319149,,762.0,762.0,1.0,,,
539,Railways,Ministry of Railways,Central Railway [CR] - II,705503,Pune - Miraj-Londa [467 Kilometres],3627,6689.0,6548.0,84,2025-02-28,2025-08-31,2016-06-10,0,0,0,0,3185.0,104.63206307490144,1.8053487730907085,0.8028131868131869,184.0,184.0,1.0,3062.0,84.4223876481941,1.0
540,Railways,Ministry of Railways,North Western Railway [NWR],616841,PUSHKAR- MERTA CITY NEW LINE,800,,13.91,3,2026-12-31,,2024-02-13,0,1,1,0,1052.0,34.55978975032851,0.0173875,0.08680608365019012,,,,,,
541,Railways,Ministry of Railways,PCE/WR,611944,Quadrupling between Gandhidham Adipur with Y connection at Adipur for providing direct entry towards Mundra Port and Bhuj and high level platform at Gopalpur 11Kms,152,152.44,20.0,68,2026-03-31,2026-03-26,2023-02-01,1,0,0,0,1154.0,37.91064388961892,0.13157894736842105,1.7936915077989604,-5.0,-5.0,0.0,0.4399999999999977,0.28947368421052483,1.0
542,Railways,Ministry of Railways,South Central Railway [SCR] - II,617214,Rail Connectivity to Errupalem Amravati Namburu 57 Km,2047,,0.0,0,2027-03-31,,2024-11-24,0,1,1,0,857.0,28.153745072273324,0.0,0.0,,,,,,
543,Railways,Ministry of Railways,Western Railway [WR] - II,706763,Rajkot - Kanalus Doubling Project [111.2 Kms],1081,1080.58,731.0,72,2026-10-31,2026-10-31,2021-10-07,0,0,0,0,1850.0,60.775295663600524,0.6762257169287696,1.1846918918918918,0.0,0.0,0.0,-0.42000000000007276,-0.03885291396855437,0.0
544,Railways,Ministry of Railways,South East Central Railway [SECR] - II,705617,Rajnandgaon - Nagpur [Kalumna] Third Railway Line [228.30 km],3545,3545.0,3163.08,95,2024-12-31,2026-06-30,2016-09-08,0,0,0,0,3036.0,99.73718791064388,0.8922651622002821,0.9525032938076416,546.0,546.0,1.0,0.0,0.0,0.0
545,Railways,Ministry of Railways,West Central Railway [WCR] - II,705481,Ramganjmandi-Bhopal New Line Project [262 km],3032,5073.0,3592.92,70,2025-12-25,2027-12-31,2001-03-31,0,0,0,0,9035.0,296.81340341655715,1.185,0.23583840619811844,736.0,736.0,1.0,2041.0,67.31530343007915,1.0
546,Railways,Ministry of Railways,Indian Railway Construction International Limited [IRCON],706759,Rampur Dumra-Tal-Rajendrapul Additional Bridge and Railway Line Doubling,2374,2374.0,1777.0,85,2024-12-31,2025-12-31,2016-03-31,0,0,0,0,3197.0,105.0262812089356,0.7485256950294861,0.809321238661245,365.0,365.0,1.0,0.0,0.0,0.0
547,Railways,Ministry of Railways,North Western Railway [NWR],616840,RAS- MERTA CITY NEW LINE INCL BYPASS AT MERTA ROAD,947,,1.36,0,2028-03-31,,,0,1,1,1,,,0.001436114044350581,,,,,,,
548,Railways,Ministry of Railways,Western Railway [WR] - II,705457,Ratlam-Mhow-Khandwa-Akola Gauge Conversion,5678,6531.9,4314.0,87,2027-03-31,2028-09-30,2008-04-01,0,0,0,0,6938.0,227.92378449408673,0.7597745685100388,0.3817065436725281,549.0,549.0,1.0,853.8999999999996,15.038746037337084,1.0
549,Railways,Ministry of Railways,South Western Railway [SWR] - II,705494,Rayadurg-Tumkur via Kalyandurg New Line [207 km],2496,2496.0,1691.88,67,2015-09-30,2028-02-29,2008-03-31,0,0,0,0,2739.0,89.98028909329828,0.6778365384615385,0.7446075209930633,4535.0,4535.0,1.0,0.0,0.0,0.0
550,Railways,Ministry of Railways,EDTK[MC]/RB,705712,RBMV Machine Procurement Project,480,,0.33,4,2024-06-30,2027-12-31,,0,1,0,1,,,0.0006875000000000001,,1279.0,1279.0,1.0,,,
551,Railways,Ministry of Railways,Ministry of Railways,613786,"Redevelopment of Ahmedabad railway station and associated infrastructure on engineering, procurement and construction mode",2379,,607.69,15,2028-03-31,,,0,1,1,1,,,0.25543926019335855,,,,,,,
552,Railways,Ministry of Railways,WR,613002,Redevelopment of Chennai Egmore Station,842,,340.0,0,2026-03-31,,,0,1,1,1,,,0.40380047505938244,,,,,,,
553,Railways,Ministry of Railways,Ministry of Railways,613015,Redevelopment of Chhatrapati Shivaji Maharaj Terminus [CSMT] and construction of associated infrastructure,1813,,525.2,12,2027-03-31,,2023-04-28,0,1,1,0,1433.0,47.07621550591327,0.28968560397131826,0.25490579204466157,,,,,,
554,Railways,Ministry of Railways,Ministry of Railways,613785,Redevelopment of New Delhi Railway Station and construction of associated infrastructure,4744,,31.77,0,2028-12-31,,2023-01-24,0,1,1,0,2168.0,71.22207621550591,0.006696880269814502,0.0,,,,,,
555,Railways,Ministry of Railways,South Central Railway [SCR] - I,705610,"Renigunta, Wadi & Gooty Bypass Railway Project",302,543.0,381.0,50,2025-12-31,2025-12-25,2016-04-01,1,0,0,0,3561.0,116.98423127463863,1.2615894039735098,0.42740803145183937,-6.0,-6.0,0.0,241.0,79.80132450331125,1.0
556,Railways,Ministry of Railways,North Western Railway [NWR],611861,Rewari - Kathuwas Doubling Project [27.72 Km],352,352.0,239.01,59,2027-06-30,2027-06-27,2023-02-01,1,0,0,0,1610.0,52.890932982917214,0.6790056818181818,1.1155031055900622,-3.0,-3.0,0.0,0.0,0.0,0.0
557,Railways,Ministry of Railways,North Western Railway [NWR],616696,RINGUS KHATUSHYAMJI NEW LINE,254,,1.65,0,2028-03-31,,2024-03-05,0,1,1,0,1487.0,48.85019710906702,0.006496062992125984,0.0,,,,,,
558,Railways,Ministry of Railways,RVNL - II,705429,Rishikesh-Karnaprayag New Rail Line- 125 km,38953,38953.0,24645.2,65,2025-12-31,2027-03-31,2016-11-10,0,0,0,0,3338.0,109.65834428383705,0.6326906785099993,0.5927501497902936,455.0,455.0,1.0,0.0,0.0,0.0
559,Railways,Ministry of Railways,South Eastern Railway [SER] - I,706856,Rourkela - Bondamunda 5th Line Doubling Project,245,245.0,82.0,35,2026-09-30,2026-09-26,2022-09-01,1,0,0,0,1490.0,48.94875164257556,0.3346938775510204,0.7150335570469799,-4.0,-4.0,0.0,0.0,0.0,0.0
560,Railways,Ministry of Railways,PCE/WR,611979,Sabarmati Setting up of Maintenance Facilities for Train Sets Phase ii,250,,0.0,0,2025-06-30,,,0,1,1,1,,,0.0,,,,,,,
561,Railways,Ministry of Railways,East Central Railway [ECR] - II,705527,Sagauli-Valmiknagar,1216,2222.0,2039.0,91,2025-12-24,2025-12-25,2018-03-01,0,0,0,0,2855.0,93.79106438896189,1.6768092105263157,0.9702416812609458,1.0,1.0,1.0,1006.0,82.73026315789474,1.0
562,Railways,Ministry of Railways,North Eastern Railway [NER],400205,Sahjanwa-Dohrighat,1320,1319.75,457.35,3,2029-03-31,2029-03-31,2019-08-02,0,0,0,0,3529.0,115.93298291721419,0.34647727272727274,0.025877018985548315,0.0,0.0,0.0,-0.25,-0.01893939393939394,0.0
563,Railways,Ministry of Railways,Eastern Railway [ER] - I,602797,"Sainthia, Sitarampur, Mughalsarai, Allahabad & Etawah - Bypass Line Project",462,461.64,178.45,6,2027-03-31,2027-03-27,2017-08-10,1,0,0,0,3520.0,115.63731931668856,0.38625541125541124,0.05188636363636364,-4.0,-4.0,0.0,-0.36000000000001364,-0.07792207792208088,0.0
564,Railways,Ministry of Railways,East Central Railway [ECR] - I,400254,Sakri -Hasanpur [via Harnagar - Kusheshwar Asthan] New Railway line,735,,585.09,81,2024-12-31,2027-03-31,2023-12-15,0,1,0,0,382.0,12.54927726675427,0.7960408163265307,6.45455497382199,820.0,820.0,1.0,,,
565,Railways,Ministry of Railways,East Central Railway [ECR] - I,705363,Sakri-Hasanpur Road New Rail Line Project,735,735.0,605.0,78,2024-12-31,2025-03-27,1999-04-01,0,0,0,0,9406.0,309.00131406044676,0.8231292517006803,0.25242611099298323,86.0,86.0,1.0,0.0,0.0,0.0
566,Railways,Ministry of Railways,East Central Railway [ECR] - I,705526,Samastipur-Darbhanga Doubling Railway Project,519,519.0,337.03,82,2025-03-31,2025-10-31,,0,0,0,1,,,0.649383429672447,,214.0,214.0,1.0,0.0,0.0,0.0
567,Railways,Ministry of Railways,PCE/WR,611970,Samlaya Timba Road 54 km,670,670.17,102.0,12,2030-03-31,2030-03-30,2023-02-03,1,0,0,0,2613.0,85.84099868593955,0.15223880597014924,0.13979334098737084,-1.0,-1.0,0.0,0.16999999999995907,0.0253731343283521,1.0
568,Railways,Ministry of Railways,PCE/WR,611971,Samni Jambusar 24 km,350,349.93,87.0,32,2030-03-31,2030-03-30,2022-05-01,1,0,0,0,2891.0,94.97371879106439,0.24857142857142858,0.33693531649948116,-1.0,-1.0,0.0,-0.06999999999999318,-0.01999999999999805,0.0
569,Railways,Ministry of Railways,West Central Railway [WCR] - II,705659,Satna-Rewa Railway Line Doubling Project,500,584.0,561.26,80,2026-03-31,2026-03-31,2015-11-01,0,0,0,0,3803.0,124.93429697766096,1.12252,0.6403365763870629,0.0,0.0,0.0,84.0,16.8,1.0
570,Railways,Ministry of Railways,North Western Railway [NWR],705912,Sawai Madhopur-Jaipur Railway Line Project,1204,,35.05,9,2027-03-31,,,0,1,1,1,,,0.02911129568106312,,,,,,,
571,Railways,Ministry of Railways,North Western Railway [NWR],706866,Sawaimadhopur Bye Pass Line Project,304,304.0,134.0,35,2026-03-31,2027-05-27,2022-12-01,0,0,0,0,1216.0,39.94743758212878,0.4407894736842105,0.8761513157894737,422.0,422.0,1.0,0.0,0.0,0.0
572,Railways,Ministry of Railways,South Western Railway [SWR] - II,705761,SHIMOGA - SHIKARIPURA - RANEBENNUR [96 Km],1454,1454.0,69.58,11,2027-12-01,2028-06-30,,0,0,0,1,,,0.04785419532324622,,212.0,212.0,1.0,0.0,0.0,0.0
573,Railways,Ministry of Railways,Indian Railway Construction International Limited [IRCON],705432,Sivok-Rangpo New Rail Line,7877,12133.0,8883.6,80,2015-05-31,2027-12-31,2009-10-30,0,0,0,0,2039.0,66.98423127463863,1.1277897676780502,1.194310936733693,4597.0,4597.0,1.0,4256.0,54.03072235622699,1.0
574,Railways,Ministry of Railways,WR,705735,Solapur-tuljapur-Osmanabad,905,3296.0,1150.0,10,2028-03-31,2028-03-28,2019-01-08,1,0,0,0,3370.0,110.7095926412615,1.270718232044199,0.09032640949554896,-3.0,-3.0,0.0,2391.0,264.1988950276243,1.0
575,Railways,Ministry of Railways,EDTK[MC]/RB,705717,SRGM Machine Procurement Project,440,,390.03,75,2023-12-31,2026-03-31,,0,1,0,1,,,0.8864318181818182,,821.0,821.0,1.0,,,
576,Railways,Ministry of Railways,CAO/C/ECoR,705743,Talcher-Angul New Line with Y-Connection at Talcher,495,495.0,29.5,1,2027-05-31,2028-05-31,2018-07-01,0,0,0,0,3256.0,106.96452036793693,0.0595959595959596,0.009348894348894349,366.0,366.0,1.0,0.0,0.0,0.0
577,Railways,Ministry of Railways,East Coast Railway [ECoR] - II,705359,Talcher-Bimlagarh New Railway Line,1928,1928.0,1902.91,47,2025-03-31,2027-03-31,2004-03-31,0,0,0,0,7670.0,251.9710906701708,0.9869865145228216,0.18652933507170796,730.0,730.0,1.0,0.0,0.0,0.0
578,Railways,Ministry of Railways,Eastern Railway [ER] - I,400273,Tarakeshwar-Bishnupur New Line [82.47 km],1189,1542.0,1287.05,90,2019-03-31,2026-02-28,2001-03-31,0,0,0,0,6574.0,215.9658344283837,1.0824642556770394,0.4167325829023426,2526.0,2526.0,1.0,353.0,29.68881412952061,1.0
579,Railways,Ministry of Railways,North Western Railway [NWR],400022,Taranga Hill-Abu Road via Ambaji,2798,2798.0,1891.9,14,2030-07-31,2030-07-31,2022-07-21,0,0,0,0,2932.0,96.32063074901446,0.6761615439599714,0.14534788540245566,0.0,0.0,0.0,0.0,0.0,0.0
580,Railways,Ministry of Railways,South Central Railway [SCR] - II,705613,Third Line [new] between Kazipet - Balharshah with electrification [201.04 Km],2595,3071.0,3142.35,92,2025-01-31,2025-11-30,2016-09-16,0,0,0,0,3059.0,100.49277266754271,1.2109248554913294,0.9154887218045112,303.0,303.0,1.0,476.0,18.34296724470135,1.0
581,Railways,Ministry of Railways,RVNL - II,400234,Third Railway Line between Patratu-Sonnagar [281 kms],8975,8975.0,4950.0,88,2026-03-31,2026-07-31,2016-11-24,0,0,0,0,3414.0,112.1550591327201,0.5515320334261838,0.7846280023432923,122.0,122.0,1.0,0.0,0.0,0.0
582,Railways,Ministry of Railways,Southern Railway [SR] - II,400275,Tindivanam-Nagari New Line Project [184.5 km],3631,3631.0,1113.53,18,2016-09-30,2028-03-31,2008-07-21,0,0,0,0,2993.0,98.32457293035479,0.30667309281189753,0.18306715669896426,4200.0,4200.0,1.0,0.0,0.0,0.0
583,Railways,Ministry of Railways,South Central Railway [SCR] - II,617210,Tiupati Katpadi 104.39 kms,1216,,0.0,0,2029-03-31,,2025-04-17,0,1,1,0,1444.0,47.43758212877792,0.0,0.0,,,,,,
584,Railways,Ministry of Railways,EDTK[MC]/RB,705726,Track Machine Procurement Project,6339,,4166.47,41,2025-03-01,2028-01-31,,0,1,0,1,,,0.6572755955197981,,1066.0,1066.0,1.0,,,
585,Railways,Ministry of Railways,SR-ERS,705635,Trivandrum- Kanyakumari,1432,3785.0,2451.0,46,2024-03-31,2027-12-31,2017-08-28,0,0,0,0,2407.0,79.0735873850197,1.7115921787709498,0.5817366015787288,1370.0,1370.0,1.0,2353.0,164.31564245810054,1.0
586,Railways,Ministry of Railways,South Western Railway [SWR] - II,705496,Tumkur-Chitradurga-Davangere New Rail Line Project [191 km],1876,1876.0,516.17,13,2019-03-31,2027-12-31,2013-10-29,0,0,0,0,1979.0,65.01314060446781,0.27514392324093817,0.19995957554320362,3197.0,3197.0,1.0,0.0,0.0,0.0
587,Railways,Ministry of Railways,PCE/WR,611938,Vijapur Ambliyasan 42 km,415,415.38,364.0,96,2026-05-31,2026-05-31,2022-05-01,0,0,0,0,1491.0,48.98160315374507,0.8771084337349397,1.9599195171026158,0.0,0.0,0.0,0.37999999999999545,0.09156626506023988,1.0
588,Railways,Ministry of Railways,South Central Railway [SCR] - II,705632,Vijayawada - Kazipet Byepass line,647,904.0,870.0,91,2025-01-12,2025-12-31,2016-04-22,0,0,0,0,3187.0,104.69776609724047,1.3446676970633693,0.8691684970191402,353.0,353.0,1.0,257.0,39.721792890262755,1.0
589,Railways,Ministry of Railways,RVNL - II,705648,Vijaywada-Gudur 3rd Line,6654,6654.0,5922.0,90,2024-11-30,2025-12-31,2016-08-24,0,0,0,0,3020.0,99.21156373193166,0.8899909828674482,0.9071523178807948,396.0,396.0,1.0,0.0,0.0,0.0
590,Railways,Ministry of Railways,RVNL - II,400253,Vizianagaram - Titlagarh 3rd line [272 Km including By - pass line of 7.68 KM],4803,6670.0,5722.01,89,2026-12-31,2026-12-31,2016-06-10,0,0,0,0,3856.0,126.6754270696452,1.1913408286487612,0.7025829875518672,0.0,0.0,0.0,1867.0,38.871538621694775,1.0
591,Railways,Ministry of Railways,South East Central Railway,705479,Wadsa-Gadchiroli,1886,1886.0,706.28,49,2027-03-31,2027-03-31,2017-05-17,0,0,0,0,3605.0,118.42969776609723,0.37448568398727466,0.413747572815534,0.0,0.0,0.0,0.0,0.0,0.0
592,Railways,Ministry of Railways,Central Railway [CR] - II,400271,Wardha-Nanded Via Yavatmal New BG Line,3445,3445.0,3002.93,50,2028-03-31,2028-03-31,2017-12-20,0,0,0,0,3754.0,123.32457293035479,0.871677793904209,0.40543420351624937,0.0,0.0,0.0,0.0,0.0,0.0
593,Railways,Ministry of Railways,DFCCIL,705237,Western Dedicated Freight Corridor,51101,124005.0,124623.0,96,2022-03-31,2025-12-31,2008-02-28,0,0,0,0,5145.0,169.0210249671485,2.438758537014931,0.5679766763848396,1371.0,1371.0,1.0,72904.0,142.6664840218391,1.0
594,Railways,Ministry of Railways,PCE/WR,611974,Western Railway Samakhiali Gandhidham Quadrupiling 53 Kms,1430,,0.0,0,2026-12-30,,2023-08-25,0,1,1,0,1223.0,40.17739816031537,0.0,0.0,,,,,,
595,Railways,Ministry of Railways,PCE/WR,611975,Western Railway Vasai bypass double line between Naigaon Juchandra 6 km,176,,0.0,0,2026-03-30,,,0,1,1,1,,,0.0,,,,,,,
596,Railways,Ministry of Railways,RCIL,705300,Western Region Video Surveillance Project,228,,0.0,0,2023-12-31,,,0,1,1,1,,,0.0,,,,,,,
597,Railways,Ministry of Railways,EDTK[MC]/RB,705708,WST Machine Procurement Project,176,,0.0,0,2024-03-31,2027-12-31,,0,1,0,1,,,0.0,,1370.0,1370.0,1.0,,,
598,Railways,Ministry of Railways,EDTK[MC]/RB,705720,WST Machine Procurement Project,384,,0.0,0,2024-04-01,2026-12-31,,0,1,0,1,,,0.0,,1004.0,1004.0,1.0,,,
599,Railways,Ministry of Railways,Karnataka Rail Infrastructure Development Company Limited [K-RIDE],703585,Yeshvanthpur - Channasandra Doubling Project [21.70 Km],314,314.0,144.0,59,2024-12-31,2026-06-26,2019-04-01,0,0,0,0,2101.0,69.02102496714849,0.4585987261146497,0.854811994288434,542.0,542.0,1.0,0.0,0.0,0.0
600,Real Estate,Department for Promotion of Industry & Internal Trade,National Industrial Corridor Development Corporation,701658,Krishnapatnam Node - Phase 1 - Roads and Services Development,2139,,327.99,14,2028-02-15,,2020-12-30,0,1,1,0,2603.0,85.51248357424441,0.15333800841514728,0.16371878601613524,,,,,,
601,Real Estate,Department for Promotion of Industry & Internal Trade,National Highways & Infrastructure Development Corporation Ltd. [NHIDCL],701657,Tumakuru Node - Phase 1 - Roads and Services Development,1702,,95.0,8,2026-09-21,,2020-12-30,0,1,1,0,2091.0,68.69250985545335,0.05581668625146886,0.11646102343376374,,,,,,
602,Real Estate,Ministry of Housing & Urban Affairs,"PMAY, Ministry of Housing and Urban Affairs",702524,Affordable Housing Construction Project in Chhattisgarh,3798,,2694.0,0,2024-03-31,,,0,1,1,1,,,0.7093206951026856,,,,,,,
603,Real Estate,Ministry of Housing & Urban Affairs,Ministry of Housing & Urban Affairs,701766,Green Building Development Project,151,,18.95,0,2023-11-23,,,0,1,1,1,,,0.12549668874172185,,,,,,,
604,Real Estate,Ministry of Housing & Urban Affairs,"PMAY, Ministry of Housing and Urban Affairs",702522,In-Situ Slum Redevelopment Project in Bihar,455,,204.64,0,2024-03-31,,,0,1,1,1,,,0.44975824175824175,,,,,,,
605,Real Estate,Ministry of Housing & Urban Affairs,"PMAY, Ministry of Housing and Urban Affairs",702540,In-Situ Slum Redevelopment Project in Gujarat,5477,,3035.81,0,2024-03-31,,,0,1,1,1,,,0.5542833668066459,,,,,,,
606,Real Estate,Ministry of Housing & Urban Affairs,"PMAY, Ministry of Housing and Urban Affairs",702544,In-Situ Slum Redevelopment Project in Haryana,286,,127.58,0,2024-03-31,,,0,1,1,1,,,0.44608391608391607,,,,,,,
607,Real Estate,Ministry of Housing & Urban Affairs,"PMAY, Ministry of Housing and Urban Affairs",702555,In-Situ Slum Redevelopment Project in Jharkhand,213,,41.0,0,2024-03-31,,,0,1,1,1,,,0.19248826291079812,,,,,,,
608,Real Estate,Ministry of Housing & Urban Affairs,"PMAY, Ministry of Housing and Urban Affairs",702612,In-Situ Slum Redevelopment Project in Uttar Pradesh,577,,141.94,0,2024-03-31,,,0,1,1,1,,,0.24599653379549394,,,,,,,
609,Real Estate,Ministry of Housing & Urban Affairs,Smart City Mission,707229,"Integrated Command control Center [ICCC] - Construction and Development of Integrated Command Control Center with Security, Surveillance, ITMS, Connecting Port, Ship Service, Smart Solid Waste Management, Smart Public Transport System",210,,0.0,0,2023-05-31,,,0,1,1,1,,,0.0,,,,,,,
610,Real Estate,Ministry of Housing & Urban Affairs,National Buildings Construction Corporation [NBCC],400188,Redevelopment of Seven General Pool Residential Accommodation [GPRA] Colonies in Delhi,32850,,0.0,0,2022-12-31,2025-12-31,2016-07-05,0,1,0,0,2370.0,77.8580814717477,0.0,0.0,1096.0,1096.0,1.0,,,
611,Real Estate,Ministry of Housing & Urban Affairs,Ministry of Housing & Urban Affairs,701719,Rehablitation in Junavadaj Area Smart City Project,539,,39.63,50,2022-07-07,,,0,1,1,1,,,0.07352504638218925,,,,,,,
612,Real Estate,Ministry of Railways,South Western Railway [SWR] - II,705663,Bangalore-Whitefield-Bangalore City-Krishnarajapuram [23.08 km] - Quadrupling,493,493.0,252.45,82,2026-02-28,2026-02-28,2018-02-20,0,0,0,0,2930.0,96.25492772667542,0.5120689655172413,0.8519044368600683,0.0,0.0,0.0,0.0,0.0,0.0
613,Shipping,"Ministry of Ports, Shipping and Waterways","Haldia Dock Complex, Syama Prasad Mookerjee Port Authority",701576,Berth No. 2 [previously Berth 3] of HDC Mechanization Project,298,298.26,399.52,83,2025-09-30,2026-01-13,,0,0,0,1,,,1.3406711409395973,,105.0,105.0,1.0,0.2599999999999909,0.08724832214764795,1.0
614,Shipping,"Ministry of Ports, Shipping and Waterways",Paradip Port Trust [PPT],701574,Deepening and Optimization of Inner Harbour facilities including development of Western Dock on BOT basis to handle Cape size vessels,3005,,1149.79,40,2027-12-31,2028-10-16,2022-05-23,0,1,0,0,2048.0,67.27989487516426,0.38262562396006655,0.59453125,290.0,290.0,1.0,,,
615,Shipping,"Ministry of Ports, Shipping and Waterways",Jawaharlal Nehru Port Authority [JNPA],708655,Operationalization of Coastal Berth & Shallow Water Berth through PPP,367,,188.46,25,2026-01-31,,,0,1,1,1,,,0.5135149863760218,,,,,,,
616,Shipping,"Ministry of Ports, Shipping and Waterways",Mumbai Port Trust [MPT],701586,Setting up of a Floating Storage and Regasification Unit [FSRU] - Mumbai,900,,65.0,0,2026-11-11,2026-11-11,,0,1,0,1,,,0.07222222222222222,,0.0,0.0,0.0,,,
617,Shipping,"Ministry of Ports, Shipping and Waterways","Haldia Dock Complex, Syama Prasad Mookerjee Port Authority",701577,Shalukkhali Liquid Cargo Handling Facility Development Project,254,253.65,9.28,0,2025-08-31,,,0,0,1,1,,,0.03653543307086614,,,,,-0.3499999999999943,-0.13779527559054894,0.0
618,Steel,Ministry of Steel,National Mineral Development Corporation Limited [NMDC],709827,CONSTRUCTION OF RESIDENTIAL TOWERS AT BIOM KIRANDUL COMPLEX,350,,247.42,85,2025-12-31,,,0,1,1,1,,,0.7069142857142857,,,,,,,
619,Steel,Ministry of Steel,National Mineral Development Corporation Limited [NMDC],400121,"Construction of Screening Plant-II for Donimalai and Kumaraswamy Iron Ore Mining Complex of NMDC Limited at Ballari Dt, Karnataka.",1044,,214.48,25,2026-08-25,,2014-11-28,0,1,1,0,4288.0,140.86727989487517,0.2054406130268199,0.17747201492537312,,,,,,
620,Steel,Ministry of Steel,Steel Authority of India Limited [SAIL],400065,Installation of 4th Slab Caster along with its Auxiliaries and a New Ladle Furnace in SMS-II at Rourkela Steel Plant,1105,,736.47,96,2025-05-15,2025-07-15,2022-01-21,0,1,0,0,1210.0,39.7503285151117,0.6664886877828055,2.415074380165289,61.0,61.0,1.0,,,
621,Steel,Ministry of Steel,Steel Authority of India Limited [SAIL],617242,Installation of New Bar Mill at Durgapur Steel Plant,2115,,206.67,24,2027-06-30,,2024-09-07,0,1,1,0,1026.0,33.70565045992115,0.09771631205673759,0.712046783625731,,,,,,
622,Steel,Ministry of Steel,Steel Authority of India Limited [SAIL],400174,"New Sinter Plant at BSL, SAIL",1034,1752.3,883.23,51,2017-10-31,2027-06-30,2015-03-30,0,0,0,0,946.0,31.077529566360052,0.8541876208897485,1.6410570824524313,3529.0,3529.0,1.0,718.3,69.46808510638297,1.0
623,Steel,Ministry of Steel,National Mineral Development Corporation Limited [NMDC],706811,NMDC Slurry Pipeline Project Phase-1,2907,5427.0,3012.02,84,2023-06-30,2025-12-31,2015-11-10,0,0,0,0,2789.0,91.62286465177398,1.0361265909872721,0.9168017210469702,915.0,915.0,1.0,2520.0,86.687306501548,1.0
624,Steel,Ministry of Steel,Steel Authority of India Limited [SAIL],612781,Rebuilding of COB 4 at Durgapur Steel Plant,917,,118.63,12,2026-12-08,,2023-11-09,0,1,1,0,1125.0,36.957950065703024,0.12936750272628134,0.32469333333333333,,,,,,
625,Steel,Ministry of Steel,Steel Authority of India Limited [SAIL],617257,Rebuilding of Coke Oven Battery No.6 at Bokaro Steel Plant,627,,88.21,37,2026-11-15,,,0,1,1,1,,,0.14068580542264753,,,,,,,
626,Steel,Ministry of Steel,Steel Authority of India Limited [SAIL],617256,Rebuilding of Coke Oven Battery No.7 & 8 at Bhilai Steel Plant,884,,453.2,75,2025-10-31,,,0,1,1,1,,,0.5126696832579185,,,,,,,
627,Steel,Ministry of Steel,Steel Authority of India Limited [SAIL],617255,"Replacement of Converter Vessels, Trunnion Rings, Support System & Installation of Secondary Emission at Bhilai Steel Plant",472,,111.75,35,2026-06-14,,,0,1,1,1,,,0.2367584745762712,,,,,,,
628,Steel,Ministry of Steel,Steel Authority of India Limited [SAIL],617249,Replacement of existing Grinders in CRM-I & II at Bokaro Steel Plant,212,,7.52,6,2027-01-27,,2025-01-20,0,1,1,0,737.0,24.21156373193167,0.03547169811320754,0.24781546811397556,,,,,,
629,Steel,Ministry of Steel,Steel Authority of India Limited [SAIL],617243,Replacement of Hot Leveller No.1 of Plate Mill at Bhilai Steel Plant,199,,10.53,8,2026-07-29,,2024-07-26,0,1,1,0,733.0,24.080157687253614,0.05291457286432161,0.3322237380627558,,,,,,
630,Steel,Ministry of Steel,Steel Authority of India Limited [SAIL],617254,Replacement of remaining 04 sets of Battery Cyclones with 04 Nos. of ESPs in Sinter Plant-1 at Bokaro Steel Plant,260,,44.22,22,2026-06-29,,,0,1,1,1,,,0.17007692307692307,,,,,,,
631,Steel,Ministry of Steel,Steel Authority of India Limited [SAIL],617251,Revamping of Air Pollution Control Systems of SP-1 at Durgapur Steel Plant,196,,0.19,2,2026-05-27,,2024-11-07,0,1,1,0,566.0,18.593955321944808,0.0009693877551020408,0.1075618374558304,,,,,,
632,Steel,Ministry of Steel,Steel Authority of India Limited [SAIL],617253,Revamping of old sub-systems of Blast Furnace 3 at Bokaro Steel Plant,514,,220.42,69,2025-07-03,2025-11-30,2023-09-08,0,1,0,0,664.0,21.81340341655716,0.4288326848249027,3.1631927710843373,150.0,150.0,1.0,,,
633,Steel,Ministry of Steel,National Mineral Development Corporation Limited [NMDC],709826,SCREENING PLANT-III AT KIRANDUL,2719,,1327.11,72,2026-01-31,,,0,1,1,1,,,0.48808753218094886,,,,,,,
634,Steel,Ministry of Steel,Steel Authority of India Limited [SAIL],617250,Secondary Emission Control in Converters of SMS-II at Bokaro Steel Plant,207,,7.91,6,2026-10-25,,,0,1,1,1,,,0.03821256038647343,,,,,,,
635,Steel,Ministry of Steel,Steel Authority of India Limited [SAIL],617248,Third Ladle Furnace in Secondary Refinery Unit at IISCO Steel Plant,228,,16.24,29,2026-07-17,,,0,1,1,1,,,0.07122807017543858,,,,,,,
636,Steel,Ministry of Steel,Steel Authority of India Limited [SAIL],617246,Up-gradation of Blast Furnace No. 3 at Durgapur Steel Plant,758,,53.31,3,2026-06-07,,2024-09-09,0,1,1,0,636.0,20.893561103810775,0.07032981530343008,0.14358490566037735,,,,,,
637,Telecommunication,Department of Telecommunications,Department of Telecommunications [DoT],701600,354 Uncovered Villages Scheme,337,301.13,225.71,97,2021-10-27,2025-08-31,2019-12-13,0,0,0,0,684.0,22.470433639947437,0.6697626112759644,4.316783625730994,1404.0,1404.0,1.0,-35.870000000000005,-10.643916913946589,0.0
638,Telecommunication,Department of Telecommunications,Department of Telecommunications [DoT],701593,4G Services by BSNL,28466,19592.0,8332.52,92,2024-03-31,2026-03-31,2020-11-01,0,0,0,0,1246.0,40.93298291721419,0.29271833064006186,2.2475762439807383,730.0,730.0,1.0,-8874.0,-31.174032178739548,0.0
639,Telecommunication,Department of Telecommunications,Department of Telecommunications [DoT],704495,"502 Aspirational District Scheme in Four states - Bihar, Madhya Pradesh, Rajastha and Uttar Pradesh",422,228.94,126.45,96,2022-03-16,2025-12-21,,0,0,0,1,,,0.2996445497630332,,1376.0,1376.0,1.0,-193.06,-45.74881516587678,0.0
640,Telecommunication,Department of Telecommunications,Department of Telecommunications [DoT],706775,BharatNet,61109,188000.0,41486.1,81,2023-08-31,2027-03-31,2017-07-19,0,0,0,0,2234.0,73.39027595269383,0.6788869070022419,1.1036884512085945,1308.0,1308.0,1.0,126891.0,207.64699144152252,1.0
641,Telecommunication,Department of Telecommunications,Department of Telecommunications [DoT],701599,Mobile connectivity in Left Wing Extremism [LWE] affected areas-Phase2,1578,,596.17,87,2023-03-31,2025-11-08,,0,1,0,1,,,0.37780101394169835,,953.0,953.0,1.0,,,
642,Telecommunication,Department of Telecommunications,BSNL,709856,MPLS-IP BASED ACCESS AND AGGREGATION NETWORK [MAAN] IN BSNL ALONG WITH TEST AND MEASURING EQUIPMENT,645,,522.88,90,2024-08-31,2025-08-31,,0,1,0,1,,,0.8106666666666666,,365.0,365.0,1.0,,,
643,Telecommunication,Department of Telecommunications,BSNL,709858,OPTICAL TRANSPORT NETWORK [OTN] PH-4 IN BSNL,811,,741.9,100,2025-08-15,,,0,1,1,1,,,0.9147965474722565,,,,,,,
644,Telecommunication,Department of Telecommunications,BSNL,709749,PHASE-I OF CONSOLIDATION OF EXISTING CDR DATA CENTERS AND NIB-P3 DATA CENTERS WITH STATE OF THE ART,461,,166.02,81,2021-06-18,2025-12-31,,0,1,0,1,,,0.3601301518438178,,1657.0,1657.0,1.0,,,
645,Telecommunication,Department of Telecommunications,BSNL,709857,"Planning, Engineering, Supply, Installation, Testing, Commissioning, Integration & Annual Maintenance of 4G mobile network at 1 Lakh sites on PAN India basis including Mumbai & Delhi LSA on turnkey basis under Phase IX.2 Project.",24545,,8333.37,96,2025-06-21,2026-03-31,,0,1,0,1,,,0.3395139539621104,,283.0,283.0,1.0,,,
646,Telecommunication,Department of Telecommunications,Department of Telecommunications [DoT],701602,"Provision of 4G based mobile services in 7,287 uncovered villages of 44 Aspirational District across 5 states of Andhra Pradesh, Chhattisgarh, Jharkhand, Maharashtra & Odisha",3685,,1101.39,79,2023-11-19,2025-11-19,2021-11-17,0,1,0,0,732.0,24.0473061760841,0.2988846675712348,3.285191256830601,731.0,731.0,1.0,,,
647,Telecommunication,Department of Telecommunications,Department of Telecommunications [DoT],701598,Provision of 4G based Mobile Services in Uncovered Villages and National Highways of Meghalaya,972,,208.25,98,2022-03-03,2025-03-31,2019-09-19,0,1,0,0,896.0,29.43495400788436,0.21424897119341563,3.329375,1124.0,1124.0,1.0,,,
648,Telecommunication,Department of Telecommunications,Department of Telecommunications [DoT],701597,Provision of 4G Mobile Services in Uncovered Villages of Arunachal Pradesh and 2 Districts of Assam,1255,,284.04,89,2023-04-30,2025-09-30,2020-12-09,0,1,0,0,872.0,28.64651773981603,0.22632669322709165,3.1068348623853215,884.0,884.0,1.0,,,
649,Telecommunication,Department of Telecommunications,Department of Telecommunications [DoT],400013,Saturation 4G mobile coverage of Uncovered Villages through USOF,26316,30620.0,9291.8,72,2024-06-20,2026-03-31,2022-07-27,0,0,0,0,694.0,22.798948751642573,0.35308557531539747,3.158040345821326,649.0,649.0,1.0,4304.0,16.355069159446725,1.0
650,Telecommunication,Department of Telecommunications,National Communication Academy - Finance (Erstwhile NICF),709859,SETTING UP OF PHYSICAL INFRASTRUCTURE FOR THE NATIONAL INSTITUTE OF COMMUNICATION FINANCE [NICF] AT GHITORNI,248,,236.91,98,2020-02-17,2025-10-31,2014-10-09,0,1,0,0,1957.0,64.2904073587385,0.9552822580645162,1.5243331630045989,2083.0,2083.0,1.0,,,
651,Telecommunication,Department of Telecommunications,BSNL,709855,SUPER EDGE ROUTERS FOR BSNL INTERNET PROTOCOL - MULTI PROTOCOL LEBEL SWITCHING [IPMPLS] NETWORK,240,,179.63,100,2024-03-15,2025-03-01,,0,1,0,1,,,0.7484583333333333,,351.0,351.0,1.0,,,
652,"Tourism, Hospitality & Wellness",Department for Promotion of Industry & Internal Trade,India International Convention & Expo Centre,400429,Exhibition cum Convention Centre Dwarka [Phase I],5178,5401.0,4470.0,97,2019-10-20,2025-01-31,2017-11-30,0,0,0,0,689.0,22.634691195795007,0.8632676709154113,4.285457184325109,1930.0,1930.0,1.0,223.0,4.306682116647354,1.0
653,"Tourism, Hospitality & Wellness","Ministry of Ports, Shipping and Waterways",Indian Port Rail & Ropeway Corporation Ltd. [IPRCL],707215,National Maritime Heritage Complex [NMHC] Phase-I,573,1238.05,487.35,66,2024-03-31,2025-09-30,2019-02-22,0,0,0,0,1864.0,61.235216819973715,0.8505235602094241,1.0778111587982833,548.0,548.0,1.0,665.05,116.06457242582897,1.0
654,Transmission & Distribution,Ministry of Power,Power Grid Corporation of India Limited [POWERGRID],615337,Additional Transmission System for evacuation of Power from Bhadla-III PS as part of Rajasthan REZ Phase III Scheme [20 GW] [SPV Name POWERGRID Bhadla-III Power Transmission Limited],369,,17.82,6,2026-02-27,,2024-08-12,0,1,1,0,564.0,18.528252299605782,0.04829268292682927,0.32382978723404254,,,,,,
655,Transmission & Distribution,Ministry of Power,Power Grid Corporation of India Limited [POWERGRID],617181,"Augmentation at Fatehgarh-II PS, Fatehgarh-IV PS [Section-II] and Barmer-I PS [POWERGRID Fatehgarh Barmer Augmentation Transmission Limited]",404,,4.04,0,2026-12-20,,2025-03-21,0,1,1,0,639.0,20.992115637319316,0.01,0.0,,,,,,
656,Transmission & Distribution,Ministry of Power,Power Grid Corporation of India Limited [POWERGRID],612856,Augmentation of 1x1500 MVA 3rd 765/400 kV transformation capacity at Kurnool New Substation,164,,50.72,39,2025-09-26,2025-11-30,2023-05-01,0,1,0,0,879.0,28.876478318002626,0.3092682926829268,1.3505802047781572,65.0,65.0,1.0,,,
657,Transmission & Distribution,Ministry of Power,Power Grid Corporation of India Limited [POWERGRID],617182,Augmentation of Banaskantha [Raghanesda] PS [GIS] [POWERGRID Banaskantha Transco Limited],172,,1.72,0,2027-03-23,,2025-03-24,0,1,1,0,729.0,23.94875164257556,0.01,0.0,,,,,,
658,Transmission & Distribution,Ministry of Power,Power Grid Corporation of India Limited [POWERGRID],615342,Augmentation of Transformation Capacity at jam Khambhaliya PS [GIS] [SPV Name POWERGRID Jam Khambhaliya Transmission Limited],329,,9.97,1,2026-07-14,,2024-10-15,0,1,1,0,637.0,20.92641261498029,0.030303951367781155,0.047786499215070645,,,,,,
659,Transmission & Distribution,Ministry of Power,Power Grid Corporation of India Limited [POWERGRID],617069,Augmentation of Transformation Capacity at KPS1 [GIS] and KPS2 [GIS] [Phase-V Part B1 and Part B2 Scheme] [SPV Name- POWERGRID KPS1 and 2 Augmentation Transmission Limited],466,,6.99,0,2027-02-17,,2025-02-18,0,1,1,0,729.0,23.94875164257556,0.015000000000000001,0.0,,,,,,
660,Transmission & Distribution,Ministry of Power,Power Grid Corporation of India Limited [POWERGRID],617068,"Augmentation of Transformation Capacity by 3x500 MVA, 400/220 KV ICTS [6th-8th] and 1x1500 MVA, 765/400 KV ICT [4th] at Bidar PS [SPV Name- POWERGRID Bidar Augmentation Transmission Limited]",288,,5.76,0,2027-06-30,,2025-02-18,0,1,1,0,862.0,28.318002628120894,0.02,0.0,,,,,,
661,Transmission & Distribution,Ministry of Power,Power Grid Corporation of India Limited [POWERGRID],602223,Comprehensive Scheme for Strengthening of Transmission and Distribution [T&D] Systems [CSST&DS] in Arunachal Pradesh and Sikkim,4754,,7321.07,81,2018-12-19,2027-03-31,2021-03-31,1,1,0,0,-833.0,-27.365308804204993,1.5399810685738324,,3024.0,3024.0,1.0,,,
662,Transmission & Distribution,Ministry of Power,Power Grid Corporation of India Limited [POWERGRID],617271,Eastern Region Expansion Scheme-43 [ERES-43],343,,0.2,0,2026-03-01,,2024-09-02,0,1,1,0,545.0,17.904073587385017,0.0005830903790087463,0.0,,,,,,
663,Transmission & Distribution,Ministry of Power,Power Grid Corporation of India Limited [POWERGRID],617270,Eastern Region Expansion Scheme-44 [ERES-44],409,,0.2,0,2026-05-24,,2024-11-25,0,1,1,0,545.0,17.904073587385017,0.000488997555012225,0.0,,,,,,
664,Transmission & Distribution,Ministry of Power,Power Grid Corporation of India Limited [POWERGRID],611660,Establishment of Khavda Pooling Station-2 KPS2 in Khavda RE Park KPS2 TRANSMISSION SYSTEM LIMITED,967,,894.76,95,2024-12-31,2025-08-31,2023-03-21,0,1,0,0,651.0,21.38633377135348,0.9252947259565667,4.4420890937019974,243.0,243.0,1.0,,,
665,Transmission & Distribution,Ministry of Power,Power Grid Corporation of India Limited [POWERGRID],617272,Implementation of LILO of both circuits of 400KV vindhyachal PS-Sasan D/C Line at Hindalco Switchyard,370,,1.0,1,2026-12-06,,2024-06-07,0,1,1,0,912.0,29.96057818659658,0.002702702702702703,0.033377192982456144,,,,,,
666,Transmission & Distribution,Ministry of Power,Power Grid Corporation of India Limited [POWERGRID],607709,NORTH EASTERN REGION POWER SYSTEM IMPROVEMENT PROJECT [NERPSIP],5111,6700.0,5253.47,96,2018-12-31,2025-09-30,2014-12-01,0,0,0,0,1491.0,48.98160315374507,1.0278751711993739,1.9599195171026158,2465.0,2465.0,1.0,1589.0,31.089806300136956,1.0
667,Transmission & Distribution,Ministry of Power,Power Grid Corporation of India Limited [POWERGRID],615343,Provision of Dynamic Reactive Compensation at Khavda pooling Station 1 [KPS1] and Khavda Pooling station 3 [KPS3],501,,5.01,1,2026-11-06,,2024-11-07,0,1,1,0,729.0,23.94875164257556,0.01,0.04175582990397805,,,,,,
668,Transmission & Distribution,Ministry of Power,Power Grid Corporation of India Limited [POWERGRID],617186,Rajasthan REZ Ph-V [Part-1- 4 GW] [Sirohi/Nagaur] Complex [Rajasthan V Power Transmission Limited],5028,,139.2,1,2027-03-23,,2025-03-24,0,1,1,0,729.0,23.94875164257556,0.027684964200477325,0.04175582990397805,,,,,,
669,Transmission & Distribution,Ministry of Power,Power Grid Corporation of India Limited [POWERGRID],616672,System Strengthening at Koppal-II and GadagII for integration of RE generation projects [SPV Name POWERGRID Koppal Gadag Augmentation Transmission Limited],1354,,16.65,0,2027-06-01,,2025-01-16,0,1,1,0,866.0,28.44940867279895,0.012296898079763662,0.0,,,,,,
670,Transmission & Distribution,Ministry of Power,Power Grid Corporation of India Limited [POWERGRID],400005,Transmission Network Expansion in Gujarat to increase its ATC from ISTS Part B,4546,,4148.46,93,2023-06-12,2025-12-31,2022-01-13,0,1,0,0,515.0,16.918528252299605,0.9125516937967444,5.496932038834951,933.0,933.0,1.0,,,
671,Transmission & Distribution,Ministry of Power,Power Grid Corporation of India Limited [POWERGRID],611656,Transmission scheme for evacuation of 4.5GW RE injection at Khavda PS under Phase II- Part B,1168,1167.0,1013.39,91,2025-03-31,2025-10-31,2023-03-21,0,0,0,0,741.0,24.342969776609724,0.8676284246575342,3.7382456140350877,214.0,214.0,1.0,-1.0,-0.08561643835616438,0.0
672,Transmission & Distribution,Ministry of Power,Power Grid Corporation of India Limited [POWERGRID],611657,Transmission scheme for evacuation of 4.5GW RE injection at Khavda PS under Phase II- Part C,2821,,2454.26,84,2025-03-31,2025-11-30,2023-03-21,0,1,0,0,741.0,24.342969776609724,0.8699964551577456,3.4506882591093118,244.0,244.0,1.0,,,
673,Transmission & Distribution,Ministry of Power,Power Grid Corporation of India Limited [POWERGRID],617179,Transmission Scheme for evacuation of Power from Ratle HEP [850 MW] & kiru [624 MW] Part B,219,,0.0,0,2026-07-14,,2024-07-15,0,1,1,0,729.0,23.94875164257556,0.0,0.0,,,,,,
674,Transmission & Distribution,Ministry of Power,Power Grid Corporation of India Limited [POWERGRID],612132,Transmission Scheme for Evacuation of power from REZ in Rajasthan [20 GW] under Phase-III Part D [Sikar Khetri Transmission Ltd],2000,,1314.8,59,2025-08-08,2026-05-31,2024-02-09,0,1,0,0,546.0,17.936925098554532,0.6574,3.2893040293040294,296.0,296.0,1.0,,,
675,Transmission & Distribution,Ministry of Power,Power Grid Corporation of India Limited [POWERGRID],617184,Transmission Scheme for integration of Davanagere/ Chitradurga and Bellary REZ in Karnataka [POWERGRID Chitradurga Bellary REZ Transmission Limited],3453,,20.7,0,2027-09-20,,2025-03-21,0,1,1,0,913.0,29.993429697766096,0.005994787141615986,0.0,,,,,,
676,Transmission & Distribution,Ministry of Power,Power Grid Corporation of India Limited [POWERGRID],612140,Transmission Scheme for Integration of Renewable Energy Zone [Phase II] in Koppal II [Phase A&B] and gadag II[Phase A] in Karnataka [POWERGRID KOPPAL GADAG TRANSMISSION LIMITED],2889,,1154.31,37,2025-12-25,,2023-12-26,0,1,1,0,730.0,23.98160315374507,0.3995534787123572,1.5428493150684932,,,,,,
677,Transmission & Distribution,Ministry of Power,Power Grid Corporation of India Limited [POWERGRID],611967,Transmission Scheme for Solar Energy Zone in Ananthpuram 2500MW and Kurnool 1000MW,1249,,820.26,78,2025-09-30,2026-04-30,2023-09-27,0,1,0,0,734.0,24.113009198423125,0.6567333867093675,3.2347683923705723,212.0,212.0,1.0,,,
678,Transmission & Distribution,Ministry of Power,Power Grid Corporation of India Limited [POWERGRID],612138,"Transmission Scheme for Solar Energy Zone in Bidar [2500 MW], Karnataka [Bidar Transmission Ltd]",2148,,1068.65,55,2026-02-08,,2024-02-09,0,1,1,0,730.0,23.98160315374507,0.49750931098696466,2.293424657534247,,,,,,
679,Transmission & Distribution,Ministry of Power,Power Grid Corporation of India Limited [POWERGRID],612139,Transmission system for Evacuation of Additional 7 GW RE power from Khavda RE park under Phase-III Part B [Vataman Transmission Limited],3752,,1500.72,21,2025-12-25,2026-06-30,2023-12-26,0,1,0,0,730.0,23.98160315374507,0.39997867803837955,0.8756712328767124,187.0,187.0,1.0,,,
680,Transmission & Distribution,Ministry of Power,Power Grid Corporation of India Limited [POWERGRID],617279,Transmission System for evacuation of power from Mahan Energen Limited Generating Station in Madhya Pradesh [SPV Name - POWERGRID MEL Power Transmission Limited],558,,5.58,0,2027-12-04,,2025-06-04,0,1,1,0,913.0,29.993429697766096,0.01,0.0,,,,,,
681,Transmission & Distribution,Ministry of Power,Power Grid Corporation of India Limited [POWERGRID],608302,Transmission system for evacuation of Power from Pakaldul HEP in Chenab Valley HEPs - LTA System,318,,286.31,99,2025-04-30,2025-08-31,2022-02-01,0,1,0,0,1184.0,38.89618922470434,0.9003459119496855,2.5452364864864863,123.0,123.0,1.0,,,
682,Transmission & Distribution,Ministry of Power,Power Grid Corporation of India Limited [POWERGRID],612855,Transmission System for Evacuation of Power from Potential Energy Renewable Zone in Khavda Area of Gujarat under Ph-IV [7GW] Part E2,679,,81.48,18,2026-05-30,2026-02-28,2024-05-30,1,1,0,0,730.0,23.98160315374507,0.12000000000000001,0.7505753424657535,-91.0,-91.0,0.0,,,
683,Transmission & Distribution,Ministry of Power,Power Grid Corporation of India Limited [POWERGRID],611966,Transmission System for Evacuation of power from Potential RE Zone in Khavda Area of Gujarat under phase IV 7GW-Part E4,224,,22.44,9,2025-07-09,2025-11-30,2023-11-01,0,1,0,0,616.0,20.2365308804205,0.10017857142857144,0.4447402597402597,144.0,144.0,1.0,,,
684,Transmission & Distribution,Ministry of Power,Power Grid Corporation of India Limited [POWERGRID],612151,Transmission System for Evacuation of Power from potential Renewable Energy zone in Khavda Area of Gujarat under Phase IV [7 GW] Part E3,334,,70.44,22,2025-07-31,2025-10-31,2023-07-01,0,1,0,0,761.0,25.0,0.21089820359281436,0.88,92.0,92.0,1.0,,,
685,Transmission & Distribution,Ministry of Power,Power Grid Corporation of India Limited [POWERGRID],615345,Transmission System for Evacuation of Power from Potential Renewable Energy Zone in Khavda area of Gujarat under Phase-IV [7GW] Part B [SPV Name POWERGRID South Olpad Transmission Limited],4766,,513.29,5,2026-10-14,,2024-10-15,0,1,1,0,729.0,23.94875164257556,0.1076982794796475,0.20877914951989027,,,,,,
686,Transmission & Distribution,Ministry of Power,Power Grid Corporation of India Limited [POWERGRID],615347,TRANSMISSION SYSTEM FOR EVACUATION OF POWER FROM POTENTIAL RENEWABLE ENERGY ZONE IN KHAVDA AREA OF GUJARAT UNDER PHASE-V [8 GW] PART A [SPV Name POWERGRID West Central Transmission Limited],24819,,1489.14,1,2029-05-18,,2024-11-19,0,1,1,0,1641.0,53.90932982917214,0.060000000000000005,0.018549664838513103,,,,,,
687,Transmission & Distribution,Ministry of Power,Power Grid Corporation of India Limited [POWERGRID],615338,TRANSMISSION SYSTEM FOR EVACUATION OF POWER FROM RAJASTHAN REZ PH -IV [PART-2 5.5 GW] [JAISALMER/BARMER COMPLEX] PART F [SPV Name POWERGRID BARMER I TRANSMISSION LIMITED],2735,,81.42,5,2026-11-06,,2024-11-07,0,1,1,0,729.0,23.94875164257556,0.02976965265082267,0.20877914951989027,,,,,,
688,Transmission & Distribution,Ministry of Power,Power Grid Corporation of India Limited [POWERGRID],612134,Transmission System for Evacuation of power from Rajasthan REZ Ph-IV [Part-1] [Bikaner Complex] Part A [Bikaner Neemrana Transmission Ltd],2998,,1592.11,49,2025-12-26,2026-03-31,2023-12-27,0,1,0,0,730.0,23.98160315374507,0.531057371581054,2.043232876712329,95.0,95.0,1.0,,,
689,Transmission & Distribution,Ministry of Power,Power Grid Corporation of India Limited [POWERGRID],612133,Transmission System for Evacuation of power from Rajasthan REZ Ph-IV [Part-1] [Bikaner Complex] Part D [Neemrana Bareilly Transmission Ltd],2056,,1336.4,55,2025-12-26,2026-06-30,2023-12-27,0,1,0,0,730.0,23.98160315374507,0.65,2.293424657534247,186.0,186.0,1.0,,,
690,Transmission & Distribution,Ministry of Power,Power Grid Corporation of India Limited [POWERGRID],615344,Transmission System for Evacuation of Power from Rajasthan REZ Ph-IV [Part-2 5.5GW] [Jaisalmer/Barmer Complex] Part H1 [POWERGRID KURAWAR TRANSMISSION LIMITED],3674,,408.18,13,2026-10-14,,2024-10-15,0,1,1,0,729.0,23.94875164257556,0.11109961894393032,0.5428257887517147,,,,,,
691,Transmission & Distribution,Ministry of Power,Power Grid Corporation of India Limited [POWERGRID],615346,Transmission System for Evacuation of Power from Rajasthan REZ Ph-IV [Part-2 5.5 GW] [Jaisalmer/Barmer Complex] Part C [SPV Name POWERGRID Mandsaur Transmission Limited],2708,,649.92,26,2026-08-18,,2024-08-19,0,1,1,0,729.0,23.94875164257556,0.24,1.0856515775034294,,,,,,
692,Transmission & Distribution,Ministry of Power,Power Grid Corporation of India Limited [POWERGRID],615333,Transmission System for Evacuation of Power from Rajasthan REZ Ph-IV [Part-2 5.5 GW] [Jaisalmer/Barmer Complex] Part D [SPV Name POWERGRID Beawar Mandsaur Transmission Limited],2227,,534.48,19,2026-08-21,,2024-08-22,0,1,1,0,729.0,23.94875164257556,0.24000000000000002,0.793360768175583,,,,,,
693,Transmission & Distribution,Ministry of Power,Power Grid Corporation of India Limited [POWERGRID],615334,Transmission System for Evacuation of Power from Rajasthan REZ Ph-IV [Part-2 5.5 GW] [Jaisalmer/Barmer Complex] Part E [SPV Name POWERGRID Mewar Transmission Limited],3251,,685.96,17,2026-08-18,,2024-08-19,0,1,1,0,729.0,23.94875164257556,0.21099969240233776,0.7098491083676269,,,,,,
694,Transmission & Distribution,Ministry of Power,Power Grid Corporation of India Limited [POWERGRID],615332,Transmission System for Evacuation of Power from Rajasthan REZ Ph-IV [Part-2 5.5 GW][Jaisalmer/Barmer Complex] Part B [SPV Name POWERGRID Sirohi Transmission Limited],3279,,547.59,19,2026-08-22,,2024-08-23,0,1,1,0,729.0,23.94875164257556,0.16699908508691674,0.793360768175583,,,,,,
695,Transmission & Distribution,Ministry of Power,Power Grid Corporation of India Limited [POWERGRID],615340,TRANSMISSION SYSTEM FOR EVACUATION OF POWER FROM RAJASTHAN REZ PH-IV [PART-3/ 6 GW] [BIKANER COMPLEX] PART B [SPV Name POWERGRID Siwani Transmission Limited],5357,,267.85,8,2026-11-11,,2024-11-12,0,1,1,0,729.0,23.94875164257556,0.05,0.3340466392318244,,,,,,
696,Transmission & Distribution,Ministry of Power,Power Grid Corporation of India Limited [POWERGRID],615339,Transmission system for evacuation of power from Rajasthan REZ Ph-IV [Part-3/6GW] [Bikaner complex] Part A [SPV Name POWERGRID Bikaner IV Transmission Limited],5969,,167.13,4,2026-11-11,,2024-11-12,0,1,1,0,729.0,23.94875164257556,0.027999664935500084,0.1670233196159122,,,,,,
697,Transmission & Distribution,Ministry of Power,Power Grid Corporation of India Limited [POWERGRID],616670,Transmission System for evacuation of Power from Rajasthan REZ Ph-IV [Part-4 3.5 GW] Part A [SPV name POWERGRID Ghiror Transmission Limited],5846,,236.18,3,2026-12-30,,2024-12-30,0,1,1,0,730.0,23.98160315374507,0.040400273691412934,0.12509589041095892,,,,,,
698,Transmission & Distribution,Ministry of Power,Power Grid Corporation of India Limited [POWERGRID],611950,Transmission system for evacuation of power from REZ in Rajasthan 20 GW under Phase-III part B1,2191,,1740.6,77,2025-04-30,2025-12-31,2023-09-27,0,1,0,0,581.0,19.086727989487514,0.7944317663167503,4.03421686746988,245.0,245.0,1.0,,,
699,Transmission & Distribution,Ministry of Power,Power Grid Corporation of India Limited [POWERGRID],611949,Transmission system for evacuation of power from REZ in Rajasthan 20 GW under Phase-III part C1,1796,,1201.17,79,2025-04-30,2025-10-31,2023-10-26,0,1,0,0,552.0,18.134034165571617,0.6688028953229399,4.356449275362319,184.0,184.0,1.0,,,
700,Transmission & Distribution,Ministry of Power,Power Grid Corporation of India Limited [POWERGRID],611948,Transmission system for evacuation of power from REZ in Rajasthan 20 GW under Phase-III part H,2211,,1780.53,72,2025-04-30,2025-12-31,2023-10-30,0,1,0,0,548.0,18.00262812089356,0.8053052917232022,3.9994160583941607,245.0,245.0,1.0,,,
701,Transmission & Distribution,Ministry of Power,Power Grid Corporation of India Limited [POWERGRID],611947,Transmission System for Evacuation of Power from REZ in Rajasthan 20GW under Phase III- Part E2,428,,107.07,46,2025-06-15,2025-09-30,2023-11-01,0,1,0,0,592.0,19.44809461235217,0.25016355140186913,2.3652702702702704,107.0,107.0,1.0,,,
702,Transmission & Distribution,Ministry of Power,Power Grid Corporation of India Limited [POWERGRID],611951,Transmission system for evacuation of power from REZ in Rajasthan 20GW under Phase-III Part E1,689,,585.42,93,2025-02-28,2025-09-30,2021-12-01,0,1,0,0,1185.0,38.92904073587385,0.84966618287373,2.388962025316456,214.0,214.0,1.0,,,
703,Transmission & Distribution,Ministry of Power,Power Grid Corporation of India Limited [POWERGRID],611735,Transmission system for evacuation of power from REZ in Rajasthan 20GW under Phase-III Part J,331,,75.92,28,2025-03-31,2026-04-30,2022-12-01,0,1,0,0,851.0,27.95663600525624,0.22936555891238672,1.0015511163337252,395.0,395.0,1.0,,,
704,Transmission & Distribution,Ministry of Power,Power Grid Corporation of India Limited [POWERGRID],617185,Transmission System for Integration of Kurnool-IV REZ Phase-I [for 4.5 GW] [POWERGRID Kurnool-IV Transmission Limited],5550,,111.0,0,2027-03-23,,2025-03-24,0,1,1,0,729.0,23.94875164257556,0.02,0.0,,,,,,
705,Transmission & Distribution,Ministry of Power,Power Grid Corporation of India Limited [POWERGRID],900808,Transmission System for Kurnool Wind Energy Zone/ Solar Energy Zone Part-A and Part-B,3547,,3121.3,94,2024-11-30,2025-12-31,2022-11-23,0,1,0,0,738.0,24.24441524310118,0.8799830842965887,3.8771815718157185,396.0,396.0,1.0,,,
706,Transmission & Distribution,Ministry of Power,Power Grid Corporation of India Limited [POWERGRID],606781,Transmission System for Strengthening of Srinagar-Leh Tr. System,289,,202.1,59,2024-12-31,2025-09-30,2022-03-01,0,1,0,0,1036.0,34.03416557161629,0.6993079584775086,1.7335521235521236,273.0,273.0,1.0,,,
707,Transmission & Distribution,Ministry of Power,Power Grid Corporation of India Limited [POWERGRID],617269,Transmission System for Strengthening to facilitate evacuation of power from Bhadla/Bikaner Complex,213,,0.2,0,2026-06-09,,2024-12-10,0,1,1,0,546.0,17.936925098554532,0.0009389671361502348,0.0,,,,,,
708,Transmission & Distribution,Ministry of Power,Power Grid Corporation of India Limited [POWERGRID],617183,Transmission system strengthening at Kurnool- III PS for integration of additional RE generation projects [POWERGRID Kurnool III PS RE Transmission Limited],2886,,28.86,0,2027-12-31,,2025-03-27,0,1,1,0,1009.0,33.14717477003942,0.01,0.0,,,,,,
709,Transmission & Distribution,Ministry of Power,Power Grid Corporation of India Limited [POWERGRID],615335,Transmission System Strengthening for Interconnections of Bhadla-III & Bikaner III Complex [SPV Name POWERGRID BHADLA BIKANER TRANSMISSION LIMITED],1382,,41.46,2,2026-08-29,,2024-08-30,0,1,1,0,729.0,23.94875164257556,0.03,0.0835116598079561,,,,,,
710,Transmission & Distribution,Ministry of Power,Power Grid Corporation of India Limited [POWERGRID],608922,Transmission System Strengthening Scheme for evacuation of power from SEZ in Rajasthan 8.1 GW under Phase II Part G,1666,2218.0,2139.28,95,2023-11-30,2025-11-30,2022-05-11,0,0,0,0,568.0,18.659658344283837,1.2840816326530613,5.091197183098592,731.0,731.0,1.0,552.0,33.13325330132052,1.0
711,Transmission & Distribution,Ministry of Power,Power Grid Corporation of India Limited [POWERGRID],608301,Transmission system strengthening scheme for evacuation of power from solar energy zones in Rajasthan 8.1 GW under Phase II- Part- G1,359,,330.71,93,2023-09-30,2025-11-30,2022-02-01,0,1,0,0,606.0,19.90801576872536,0.9211977715877436,4.671485148514852,792.0,792.0,1.0,,,
712,Transmission & Distribution,Ministry of Power,Power Grid Corporation of India Limited [POWERGRID],611659,Transmission system strengthening scheme for evacuation of power from solar energy zones in Rajasthan[8.1 GW] under phase-II- Part E,1433,1433.0,1341.7,93,2024-09-30,2025-10-31,2023-03-28,0,0,0,0,552.0,18.134034165571617,0.9362875087229588,5.128478260869565,396.0,396.0,1.0,0.0,0.0,0.0
713,Transmission & Distribution,Ministry of Power,Power Grid Corporation of India Limited [POWERGRID],616671,Transmission System under ISTS for evacuation of Power from Kudankulam Unit-3&4 [2x1000 MW] [SPV Name POWERGRID Kudankulam Tarnsmission Limited],548,,10.96,4,2026-12-31,2026-12-31,2025-01-10,0,1,0,0,720.0,23.653088042049934,0.02,0.16911111111111113,0.0,0.0,0.0,,,
714,Transmission & Distribution,Ministry of Power,Power Grid Corporation of India Limited [POWERGRID],611737,Western Region Expansion Scheme-XXV,386,,378.16,96,2023-11-30,2025-09-30,2023-02-01,0,1,0,0,302.0,9.921156373193167,0.9796891191709846,9.676291390728476,670.0,670.0,1.0,,,
715,Urban Public Transport,Ministry of Housing & Urban Affairs,Uttar Pradesh metro rail corporation [UPMRC],702629,Agra Metro Rail Project,8380,,6055.19,57,2024-05-26,2027-06-30,2019-05-27,0,1,0,0,1826.0,59.98685939553219,0.7225763723150358,0.9502081051478642,1130.0,1130.0,1.0,,,
716,Urban Public Transport,Ministry of Housing & Urban Affairs,Gujarat Metro Rail Corporation Limited [GMRCL],702639,Ahmedabad Metro Rail Project [Phase-I],10773,12924.5,11857.9,99,2018-03-31,2025-08-31,2014-11-17,0,0,0,0,1230.0,40.40735873850197,1.100705467372134,2.450048780487805,2710.0,2710.0,1.0,2151.5,19.971224357189268,1.0
717,Urban Public Transport,Ministry of Housing & Urban Affairs,Gujarat Metro Rail Corporation Limited [GMRCL],702631,"Ahmedabad Metro Rail Project, Phase-II",5384,,4151.57,87,2024-03-31,2025-12-31,2019-03-09,0,1,0,0,1849.0,60.74244415243101,0.7710939821693907,1.4322769064359113,640.0,640.0,1.0,,,
718,Urban Public Transport,Ministry of Housing & Urban Affairs,Madhya Pradesh Metro Rail Co Limited [MPMRCL],702625,Bhopal Metro Rail Project,6941,,3116.75,43,2022-11-29,2028-06-30,2018-11-30,0,1,0,0,1460.0,47.96320630749014,0.449034721221726,0.8965205479452055,2040.0,2040.0,1.0,,,
719,Urban Public Transport,Ministry of Housing & Urban Affairs,Bengaluru Metro Rail,702665,Construction Bangalore Metro Rail Project Phase-2A & 2B,14788,14788.1,8424.54,53,2026-06-30,2026-06-30,2021-06-07,0,0,0,0,1849.0,60.74244415243101,0.5696875845279957,0.8725365062195781,0.0,0.0,0.0,0.1000000000003638,0.000676223965379793,1.0
720,Urban Public Transport,Ministry of Housing & Urban Affairs,Bengaluru Metro Rail,702635,Construction of Bangalore Metro Rail Project Phase 2.,26405,30695.1,29478.0,94,2021-03-22,2026-09-30,2014-02-21,0,0,0,0,2586.0,84.95400788436268,1.1163794735845485,1.1064810518174788,2018.0,2018.0,1.0,4290.0999999999985,16.247301647415256,1.0
721,Urban Public Transport,Ministry of Housing & Urban Affairs,Delhi Metro Rail Corporation Limited [DMRC],617207,Delhi Metro Rail Phase-IV [2 Corridors],8400,,5.57,0,2029-03-27,,2024-03-28,0,1,1,0,1825.0,59.95400788436268,0.0006630952380952381,0.0,,,,,,
722,Urban Public Transport,Ministry of Housing & Urban Affairs,Delhi Metro Rail Corporation Limited [DMRC],617206,Delhi Metro Rail Phase-IV [Rithala - Kundli Corridor],6231,,0.14,0,2029-01-02,,2025-01-03,0,1,1,0,1460.0,47.96320630749014,2.246830364307495e-05,0.0,,,,,,
723,Urban Public Transport,Ministry of Housing & Urban Affairs,National Capital Region Transport Corporation [NCRTC],702633,Delhi-Ghaziabad-Meerut Regional Rapid Transit System [RRTS] corridor,30274,30274.0,25812.3,86,2025-06-30,,2019-03-07,0,0,1,0,2307.0,75.78843626806832,0.8526227125586311,1.1347377546597313,,,,0.0,0.0,0.0
724,Urban Public Transport,Ministry of Housing & Urban Affairs,Delhi Metro Rail Corporation Limited [DMRC],702632,DMRTS Phase - IV [3 Priority Corridors],24949,,15423.1,68,2025-03-31,2026-03-31,,0,1,0,1,,,0.6181850975991022,,365.0,365.0,1.0,,,
725,Urban Public Transport,Ministry of Housing & Urban Affairs,Madhya Pradesh Metro Rail Co Limited [MPMRCL],702626,Indore Metro Rail Project,7501,,3839.27,54,2022-11-29,2028-12-31,2018-11-30,0,1,0,0,1460.0,47.96320630749014,0.5118344220770564,1.1258630136986303,2224.0,2224.0,1.0,,,
726,Urban Public Transport,Ministry of Housing & Urban Affairs,Ministry of Housing & Urban Affairs,701991,Kalyan Station Precinct Imporvement Project,600,,49.42,0,2023-07-31,,,0,1,1,1,,,0.08236666666666667,,,,,,,
727,Urban Public Transport,Ministry of Housing & Urban Affairs,Uttar Pradesh metro rail corporation [UPMRC],702628,Kanpur Metro Rail Project,11076,,9079.81,73,2024-05-26,2027-03-31,2019-05-27,0,1,0,0,1826.0,59.98685939553219,0.8197733838931022,1.2169331872946332,1039.0,1039.0,1.0,,,
728,Urban Public Transport,Ministry of Housing & Urban Affairs,CSPCC Projects,702664,Kochi Metro Rail Phase 2 Development Project,1957,,306.45,10,2026-11-20,2026-11-20,2022-11-21,0,1,0,0,1460.0,47.96320630749014,0.15659172202350535,0.20849315068493152,0.0,0.0,0.0,,,
729,Urban Public Transport,Ministry of Housing & Urban Affairs,Mumbai Metro Rail Corporation Limited [MMRC],702637,Mumbai Metro Line 3,23136,23942.0,27519.1,92,2023-03-31,2024-06-30,2013-07-18,0,0,0,0,3543.0,116.39290407358737,1.1894493430152142,0.7904261924922383,457.0,457.0,1.0,806.0,3.4837482710926695,1.0
730,Urban Public Transport,Ministry of Housing & Urban Affairs,Maharashtra Metro Rail Corporation Limited [MMRCL],702658,Nagpur Metro Rail Phase II Development Project,6708,,977.38,24,2027-12-31,,2022-12-29,0,1,1,0,1828.0,60.05256241787122,0.1457036374478235,0.39964989059080963,,,,,,
731,Urban Public Transport,Ministry of Housing & Urban Affairs,Ministry of Housing & Urban Affairs,701745,New Suburba Station Development Project,263,,17.62,6,2022-07-31,,,0,1,1,1,,,0.06699619771863118,,,,,,,
732,Urban Public Transport,Ministry of Housing & Urban Affairs,Patna Metro Rail Corporation Ltd. [PMRCL],702627,Patna Metro Rail Project,13366,13365.8,4039.77,40,2024-02-26,2027-06-30,2019-02-27,0,0,0,0,1825.0,59.95400788436268,0.3022422564716445,0.6671780821917808,1220.0,1220.0,1.0,-0.2000000000007276,-0.001496333981750169,0.0
733,Urban Public Transport,Ministry of Housing & Urban Affairs,Maharashtra Metro Rail Corporation Limited [MMRCL],617225,PCMC To Nigdi- Extension Of North South Corridor Of Phase-1,910,,110.33,21,2027-01-31,,2023-10-23,0,1,1,0,1196.0,39.2904073587385,0.12124175824175824,0.5344816053511706,,,,,,
734,Urban Public Transport,Ministry of Housing & Urban Affairs,Maharashtra Metro Rail Corporation Limited [MMRCL],617226,Pune Metro Phase-1 Extension line towards south from Swargate to Katraj,2955,,18.66,3,2029-03-04,,2024-09-04,0,1,1,0,1642.0,53.942181340341655,0.006314720812182741,0.055615103532277714,,,,,,
735,Urban Public Transport,Ministry of Housing & Urban Affairs,Gujarat Metro Rail Corporation Limited [GMRCL],702630,Surat Metro Rail Project,12020,,7386.41,68,2024-03-31,2026-06-30,2019-03-09,0,1,0,0,1849.0,60.74244415243101,0.6145099833610649,1.1194808004326664,821.0,821.0,1.0,,,
736,Urban Public Transport,Ministry of Railways,RVNL - II,706777,Baranagar-Barrackpore and Dakshineshwar- Construction of Metro Railway,2298,2734.0,393.0,17,2026-12-31,2025-12-26,2010-03-15,1,0,0,0,6135.0,201.54402102496715,0.17101827676240208,0.08434881825590872,-370.0,-370.0,0.0,436.0,18.97302001740644,1.0
737,Waste & Water,"Department of Water Resources, River Development & GR",National Mission for Clean Ganga,616594,Interception & Diversion with Rehabilitation of sewerage scheme at Agra under Hybrid annuity based PPP model-Namami Gange Programme,842,,208.64,69,2025-04-30,2025-12-31,,0,1,0,1,,,0.24779097387173396,,245.0,245.0,1.0,,,
738,Waste & Water,"Department of Water Resources, River Development & GR",National Mission for Clean Ganga,616600,Interception and Diversion and STP works in Bhagalpur under Hybrid annuity based PPP mode-Namami Gange Programme,413,,126.67,0,2025-02-06,2025-12-31,,0,1,0,1,,,0.30670702179176756,,328.0,328.0,1.0,,,
739,Waste & Water,"Department of Water Resources, River Development & GR",National Mission for Clean Ganga,616604,Pollution Abatement works for River Ganga at Hooghly Chinsurah- Municipal Town Interception & Diversion with STP,155,,96.17,92,2025-03-30,2025-12-31,,0,1,0,1,,,0.6204516129032258,,276.0,276.0,1.0,,,
740,Waste & Water,"Department of Water Resources, River Development & GR",National Mission for Clean Ganga,616605,Pollution Abatement Works for River Kali Meerut under Meerut Municipality Interception & Diversion with STP,691,,0.0,27,2024-12-31,2027-05-11,2020-05-06,0,1,0,0,1700.0,55.84756898817346,0.0,0.4834588235294118,861.0,861.0,1.0,,,
741,Waste & Water,"Department of Water Resources, River Development & GR",National Mission for Clean Ganga,616611,Sewage Treatment Plant 100MLD and Sewerage Network 288 km in Digha-Patna under Hybrid annuity based PPP mode-Namami Gange Programme,824,,385.32,55,2025-12-30,,,0,1,1,1,,,0.46762135922330095,,,,,,,
742,Waste & Water,"Department of Water Resources, River Development & GR",National Mission for Clean Ganga,616612,Sewage Treatment Plant 50MLD and Sewerage Network 150 km in Kankarbagh-Patna under Hybrid annuity based PPP mode-Namami Gange Programme,579,,165.84,53,2025-12-30,,,0,1,1,1,,,0.28642487046632126,,,,,,,
743,Waste & Water,"Department of Water Resources, River Development & GR",National Mission for Clean Ganga,616615,"Sewer Network, SPS and STP at Begusarai",230,,261.48,97,2025-04-30,2025-12-31,,0,1,0,1,,,1.1368695652173915,,245.0,245.0,1.0,,,
744,Waste & Water,"Department of Water Resources, River Development & GR",National Mission for Clean Ganga,616616,"Sewer Networks, SPS and STP at Hajipur",305,,346.44,95,2025-06-30,2025-12-31,,0,1,0,1,,,1.1358688524590164,,184.0,184.0,1.0,,,
745,Waste & Water,Ministry of Housing & Urban Affairs,Ministry of Housing & Urban Affairs,702355,Storm water drainag Development Project,210,,0.0,0,2024-03-20,,,0,1,1,1,,,0.0,,,,,,,
746,Waste & Water,Ministry of Housing & Urban Affairs,Smart City Mission,707267,Upgradation of Sewerage system in Gandhinagar City,200,,100.0,10,2023-06-30,,,0,1,1,1,,,0.5,,,,,,,
747,Water Resources,"Department of Water Resources, River Development & GR",Irrigation & Water Resources-UP,400117,Arjun Sahayak Project,741,2465.68,3218.3,100,2019-12-31,2019-12-31,,0,0,0,1,,,4.343184885290149,,0.0,0.0,0.0,1724.6799999999998,232.75033738191632,1.0
748,Water Resources,"Department of Water Resources, River Development & GR",Department of water resources-MH - II,701390,Arjuna Medium Irrigation project,334,611.0,803.89,100,2019-12-31,2024-12-31,,0,0,0,1,,,2.40685628742515,,1827.0,1827.0,1.0,277.0,82.93413173652695,1.0
749,Water Resources,"Department of Water Resources, River Development & GR",Department of water resources-MH - II,701391,Aruna Medium Irrigation Project,210,1472.14,1697.94,97,2019-12-31,2025-01-31,,0,0,0,1,,,8.085428571428572,,1858.0,1858.0,1.0,1262.14,601.0190476190477,1.0
750,Water Resources,"Department of Water Resources, River Development & GR",Water Resources-MP,400116,Bargi Diversion Project Phase - III [km. 104 to km 154],1229,1399.7,1807.2,79,2019-12-31,2025-07-21,,0,0,0,1,,,1.4704637917005696,,2029.0,2029.0,1.0,170.70000000000005,13.889340927583405,1.0
751,Water Resources,"Department of Water Resources, River Development & GR",Water Resources-MP,400115,Bargi Diversion Project Phase - IV [km. 154 to km 197],751,893.35,777.99,74,2019-12-31,2025-07-19,,0,0,0,1,,,1.0359387483355527,,2027.0,2027.0,1.0,142.35000000000002,18.954727030625833,1.0
752,Water Resources,"Department of Water Resources, River Development & GR",Department of water resources-MH - II,701388,Bembla Irrigation Project,1353,2685.41,2689.7,98,2019-12-31,2025-06-30,,0,0,0,1,,,1.9879526977087951,,2008.0,2008.0,1.0,1332.4099999999999,98.47819660014781,1.0
753,Water Resources,"Department of Water Resources, River Development & GR","Department of Water Resources, River Development & GR",701370,Borolia Irrigation Project,256,,0.0,0,2022-12-31,2025-03-31,,0,1,0,1,,,0.0,,821.0,821.0,1.0,,,
754,Water Resources,"Department of Water Resources, River Development & GR",Irrigation and CAD-TG,701371,Durgawati Reservoir Project,691,971.96,978.51,87,2019-12-31,2024-12-31,,0,0,0,1,,,1.4160781476121562,,1827.0,1827.0,1.0,280.96000000000004,40.659913169319836,1.0
755,Water Resources,"Department of Water Resources, River Development & GR",Department of water resources-MH - II,400095,Gosikhurd CADWM Project,744,,252.0,50,2019-12-31,2026-06-30,2017-04-01,0,1,0,0,1004.0,32.98291721419185,0.3387096774193548,1.51593625498008,2373.0,2373.0,1.0,,,
756,Water Resources,"Department of Water Resources, River Development & GR",Department of water resources-MH - II,701386,Gosikhurd Project,7196,12770.1,13533.3,72,2019-12-31,2026-06-30,2017-12-11,0,0,0,0,750.0,24.638633377135346,1.8806698165647582,2.9222400000000004,2373.0,2373.0,1.0,5574.1,77.46108949416343,1.0
757,Water Resources,"Department of Water Resources, River Development & GR",Water Resources-AP,400101,Gundlakamma project,397,697.39,610.89,98,2019-12-31,2027-03-31,,0,0,0,1,,,1.538765743073048,,2647.0,2647.0,1.0,300.39,75.66498740554157,1.0
758,Water Resources,"Department of Water Resources, River Development & GR",Irrigation and CAD-TG,400103,Indiramma Flood Flow Canal Project,1331,5940.09,4491.08,92,2019-12-31,2025-03-31,,0,0,0,1,,,3.374214876033058,,1917.0,1917.0,1.0,4609.09,346.2877535687453,1.0
759,Water Resources,"Department of Water Resources, River Development & GR",Water Resources-OR,603945,Integrated Anandpur Barrage Project,567,2990.05,2629.74,62,2019-12-31,2025-06-30,,0,0,0,1,,,4.637989417989417,,2008.0,2008.0,1.0,2423.05,427.34567901234567,1.0
760,Water Resources,"Department of Water Resources, River Development & GR",Irrigation and CAD-TG,400094,J. ChokhaRao LIS CADWM Project,760,13445.4,0.0,0,2019-12-31,2023-03-31,,0,0,0,1,,,0.0,,1186.0,1186.0,1.0,12685.4,1669.1315789473683,1.0
761,Water Resources,"Department of Water Resources, River Development & GR",Irrigation and CAD-TG,701405,J. Chokka Rao Devadula Lift Irrigation Scheme,8201,14730.0,4558.89,87,2019-12-31,2025-12-31,,0,0,0,1,,,0.5558944031215706,,2192.0,2192.0,1.0,6529.0,79.61224240946227,1.0
762,Water Resources,"Department of Water Resources, River Development & GR",Irrigation-UK,613787,Jamrani Dam Multipurpose Project,2584,,486.52,16,2029-06-28,,2023-10-31,0,1,1,0,2067.0,67.90407358738501,0.18828173374613003,0.23562651185292696,,,,,,
763,Water Resources,"Department of Water Resources, River Development & GR",Department of water resources-MH - II,400112,Jigaon Irrigation Project,7223,,8501.45,90,2028-06-30,,,0,1,1,1,,,1.1769970926207949,,,,,,,
764,Water Resources,"Department of Water Resources, River Development & GR",Irrigation and CAD-TG,701404,Kanupur Irrigation Project,989,2301.28,2563.56,79,2019-12-31,2024-12-31,,0,0,0,1,,,2.592072800808898,,1827.0,1827.0,1.0,1312.2800000000002,132.68756319514662,1.0
765,Water Resources,"Department of Water Resources, River Development & GR",Water Resources-CT,400111,Kelo Irrigation Project,460,727.04,616.93,71,2019-12-31,2025-06-30,,0,0,0,1,,,1.3411521739130434,,2008.0,2008.0,1.0,267.03999999999996,58.05217391304347,1.0
766,Water Resources,"Department of Water Resources, River Development & GR",Department of water resources-MH - II,701392,Krishna Koyana Lift Irrigation Project,974,2774.9,1069.82,90,2019-12-31,2023-12-31,2009-03-03,0,0,0,0,3955.0,129.92772667542707,1.098377823408624,0.692692793931732,1461.0,1461.0,1.0,1800.9,184.89733059548254,1.0
767,Water Resources,"Department of Water Resources, River Development & GR","Department of Water Resources, River Development & GR",701399,Kudali Irrigation Project,382,,0.0,82,2022-12-31,,,0,1,1,1,,,0.0,,,,,,,
768,Water Resources,"Department of Water Resources, River Development & GR",Department of water resources-MH - II,701396,Lower Pedhi Project,256,1480.7,1324.78,64,2019-12-31,2026-06-30,,0,0,0,1,,,5.174921875,,2373.0,2373.0,1.0,1224.7,478.3984375,1.0
769,Water Resources,"Department of Water Resources, River Development & GR",Irrigation & Water Resources-UP,701408,Madhya Ganga canal Phase-II,1061,4417.21,4415.24,82,2019-12-31,2024-12-31,,0,0,0,1,,,4.161394910461828,,1827.0,1827.0,1.0,3356.21,316.32516493873703,1.0
770,Water Resources,"Department of Water Resources, River Development & GR","Department of Water Resources, River Development & GR",701395,Morna [Gureghar] Irrigation Project,220,,0.0,0,2023-06-30,,,0,1,1,1,,,0.0,,,,,,,
771,Water Resources,"Department of Water Resources, River Development & GR",Department of water resources-MH - II,701398,Nardave Medium Irrigation Project,211,781.85,623.5,73,2019-12-31,2025-03-31,,0,0,0,1,,,2.9549763033175354,,1917.0,1917.0,1.0,570.85,270.54502369668245,1.0
772,Water Resources,"Department of Water Resources, River Development & GR","Department of Water Resources, River Development & GR",701412,North Koel Reservoir Project,1622,2430.76,142.1,32,2021-03-31,2026-03-31,,0,0,0,1,,,0.0876078914919852,,1826.0,1826.0,1.0,808.7600000000002,49.861898890258956,1.0
773,Water Resources,"Department of Water Resources, River Development & GR",Water resource-mp,400096,Omkareshwar CADWM Project,648,648.09,172.56,3,2019-12-31,2026-03-31,,0,0,0,1,,,0.2662962962962963,,2282.0,2282.0,1.0,0.09000000000003183,0.0138888888888938,1.0
774,Water Resources,"Department of Water Resources, River Development & GR",Water Resources-AP,701415,Polavaram Irrigation Project,10151,55548.9,24347.8,83,2022-04-30,2026-03-31,2009-02-01,0,0,0,0,4836.0,158.86990801576871,2.398561718057334,0.5224400330851944,1431.0,1431.0,1.0,45397.9,447.22588907496805,1.0
775,Water Resources,"Department of Water Resources, River Development & GR",Water Resources-BR,400104,Punpun Barrage Project,571,658.12,469.66,44,2019-12-31,2026-03-31,,0,0,0,1,,,0.822521891418564,,2282.0,2282.0,1.0,87.12,15.257443082311733,1.0
776,Water Resources,"Department of Water Resources, River Development & GR",Department of water resources-MH - II,400109,Purna Barrage-2 [Ner Dhamana] Medium Irrigation Project,848,888.43,690.49,69,2020-06-30,2025-06-30,,0,0,0,1,,,0.8142570754716981,,1826.0,1826.0,1.0,40.42999999999995,4.7676886792452775,1.0
777,Water Resources,"Department of Water Resources, River Development & GR",Irrigation and CAD-TG,701406,Rajiv Bhima Lift Irrigation Scheme,1402,2509.66,1839.76,100,2019-12-31,2026-03-31,,0,0,0,1,,,1.3122396576319544,,2282.0,2282.0,1.0,1107.6599999999999,79.00570613409414,1.0
778,Water Resources,"Department of Water Resources, River Development & GR",Department of Water Resources-PB,701410,Relining of Rajasthan feeder and Sirhind Feeder canal,1441,2462.16,2962.99,80,2021-06-30,2025-06-30,2016-02-03,0,0,0,0,1974.0,64.84888304862024,2.0562040249826508,1.2336372847011146,1461.0,1461.0,1.0,1021.1599999999999,70.8646773074254,1.0
779,Water Resources,"Department of Water Resources, River Development & GR",Water Resources-AP,400100,Sardar Gouthu Latchanna Thotapalli Barrage Project,353,1023.24,869.11,95,2019-12-31,2025-03-31,,0,0,0,1,,,2.4620679886685553,,1917.0,1917.0,1.0,670.24,189.86968838526911,1.0
780,Water Resources,"Department of Water Resources, River Development & GR","Narmada and Water Resources, Water Supply and Kalpsar Department-GJ",400097,Sardar Sarovar CADWM Project,5022,6670.31,4954.99,90,2019-12-31,2025-03-31,,0,0,0,1,,,0.9866567104739147,,1917.0,1917.0,1.0,1648.3100000000004,32.82178414974115,1.0
781,Water Resources,"Department of Water Resources, River Development & GR","Narmada and Water Resources, Water Supply and Kalpsar Department-GJ",701372,Sardar Sarovar Project,20718,33412.5,31767.6,93,2019-12-31,2025-03-31,,0,0,0,1,,,1.5333333333333332,,1917.0,1917.0,1.0,12694.5,61.272806255430055,1.0
782,Water Resources,"Department of Water Resources, River Development & GR",Irrigation & Water Resources-UP,400093,Saryu Nahar CADWM Project,1673,,0.0,0,2019-12-31,2026-03-31,,0,1,0,1,,,0.0,,2282.0,2282.0,1.0,,,
783,Water Resources,"Department of Water Resources, River Development & GR",Department of Water Resources-PB,701411,Shahpur Kandi Dam Project,2286,2715.7,2072.33,80,2022-06-30,2025-10-31,2010-02-08,0,0,0,0,4525.0,148.65308804204992,0.9065310586176728,0.5381657458563537,1219.0,1219.0,1.0,429.6999999999998,18.797025371828514,1.0
784,Water Resources,"Department of Water Resources, River Development & GR",Irrigation and CAD-TG,400102,Sri Ram Sagar Project Stage - II,736,949.87,940.7,96,2019-12-31,2024-12-31,,0,0,0,1,,,1.278125,,1827.0,1827.0,1.0,213.87,29.05842391304348,1.0
785,Water Resources,"Department of Water Resources, River Development & GR",Department of Water Resources-JH,701376,"Subernarekha Multipurpose Project, Jharkhand",3808,9579.58,5550.74,69,2019-12-31,2025-04-03,,0,0,0,1,,,1.4576523109243698,,1920.0,1920.0,1.0,5771.58,151.56460084033614,1.0
786,Water Resources,"Department of Water Resources, River Development & GR",Department of water resources-MH - II,400107,Sulwade-Jamphal-Kanoli Lift Irrigation Scheme,2408,,2436.43,80,2023-06-30,2027-06-30,,0,1,0,1,,,1.0118064784053156,,1461.0,1461.0,1.0,,,
787,Water Resources,"Department of Water Resources, River Development & GR",Water Resources Department-MN,701400,Thoubal Multipurpose Project,1449,1822.24,1837.91,98,2019-12-31,2026-03-31,2022-01-02,1,0,0,0,-733.0,-24.080157687253614,1.2683988957902002,,2282.0,2282.0,1.0,373.24,25.758454106280194,1.0
788,Water Resources,"Department of Water Resources, River Development & GR",Department of water resources-MH - II,701384,Tillari Irrigation Project,368,649.6,724.36,99,2019-12-31,2025-01-31,,0,0,0,1,,,1.9683695652173914,,1858.0,1858.0,1.0,281.6,76.52173913043478,1.0
789,Water Resources,"Department of Water Resources, River Development & GR",Water Resources-KA,701377,Upper Tunga Irrigation Project,770,1606.07,1511.22,99,2019-12-31,2025-03-31,,0,0,0,1,,,1.9626233766233767,,1917.0,1917.0,1.0,836.0699999999999,108.58051948051948,1.0
790,Water Resources,"Department of Water Resources, River Development & GR",Department of water resources-MH - II,400105,Urmodi Irrigation Project,581,895.81,713.46,76,2022-06-30,2025-06-30,,0,0,0,1,,,1.2279862306368332,,1096.0,1096.0,1.0,314.80999999999995,54.184165232358,1.0
791,Water Resources,"Department of Water Resources, River Development & GR",Department of water resources-MH - II,701383,Waghur Project,1059,1758.51,1530.36,89,2019-12-31,2026-03-31,,0,0,0,1,,,1.445099150141643,,2282.0,2282.0,1.0,699.51,66.05382436260624,1.0
